word,allowed_guess,daily_answer,free_play_answer,rarity,active
aahed,true,false,true,rare,true
aalii,true,false,true,rare,true
aargh,true,false,true,rare,true
aarti,true,false,true,rare,true
abaca,true,false,true,rare,true
abaci,true,false,true,rare,true
aback,true,true,true,common,true
abacs,true,false,true,rare,true
abaft,true,false,true,rare,true
abaka,true,false,true,rare,true
abamp,true,false,true,rare,true
aband,true,false,true,rare,true
abase,true,true,true,common,true
abash,true,false,true,rare,true
abask,true,false,true,rare,true
abate,true,true,true,common,true
abaya,true,false,true,rare,true
abbas,true,false,true,rare,true
abbed,true,false,true,rare,true
abbes,true,false,true,rare,true
abbey,true,true,true,common,true
abbot,true,true,true,common,true
abcee,true,false,true,rare,true
abeam,true,false,true,rare,true
abear,true,false,true,rare,true
abele,true,false,true,rare,true
abers,true,false,true,rare,true
abets,true,false,true,rare,true
abhor,true,true,true,common,true
abide,true,true,true,common,true
abies,true,false,true,rare,true
abled,true,true,true,common,true
abler,true,false,true,rare,true
ables,true,false,true,rare,true
ablet,true,false,true,rare,true
ablow,true,false,true,rare,true
abmho,true,false,true,rare,true
abode,true,true,true,common,true
abohm,true,false,true,rare,true
aboil,true,false,true,rare,true
aboma,true,false,true,rare,true
aboon,true,false,true,rare,true
abord,true,false,true,rare,true
abore,true,false,true,rare,true
abort,true,true,true,common,true
about,true,true,true,common,true
above,true,true,true,common,true
abram,true,false,true,rare,true
abray,true,false,true,rare,true
abrim,true,false,true,rare,true
abrin,true,false,true,rare,true
abris,true,false,true,rare,true
absey,true,false,true,rare,true
absit,true,false,true,rare,true
abuna,true,false,true,rare,true
abune,true,false,true,rare,true
abuse,true,true,true,common,true
abuts,true,false,true,rare,true
abuzz,true,false,true,rare,true
abyes,true,false,true,rare,true
abysm,true,false,true,rare,true
abyss,true,true,true,common,true
acais,true,false,true,rare,true
acari,true,false,true,rare,true
accas,true,false,true,rare,true
accoy,true,false,true,rare,true
acerb,true,false,true,rare,true
acers,true,false,true,rare,true
aceta,true,false,true,rare,true
achar,true,false,true,rare,true
ached,true,false,true,rare,true
aches,true,false,true,rare,true
achoo,true,false,true,rare,true
acids,true,false,true,rare,true
acidy,true,false,true,rare,true
acing,true,false,true,rare,true
acini,true,false,true,rare,true
ackee,true,false,true,rare,true
acker,true,false,true,rare,true
acmes,true,false,true,rare,true
acmic,true,false,true,rare,true
acned,true,false,true,rare,true
acnes,true,false,true,rare,true
acock,true,false,true,rare,true
acold,true,false,true,rare,true
acorn,true,true,true,common,true
acred,true,false,true,rare,true
acres,true,false,true,rare,true
acrid,true,true,true,common,true
acros,true,false,true,rare,true
acted,true,false,true,rare,true
actin,true,false,true,rare,true
acton,true,false,true,rare,true
actor,true,true,true,common,true
acute,true,true,true,common,true
acyls,true,false,true,rare,true
adage,true,true,true,common,true
adapt,true,true,true,common,true
adaws,true,false,true,rare,true
adays,true,false,true,rare,true
adbot,true,false,true,rare,true
addax,true,false,true,rare,true
added,true,false,true,rare,true
adder,true,false,true,rare,true
addio,true,false,true,rare,true
addle,true,false,true,rare,true
adeem,true,false,true,rare,true
adept,true,true,true,common,true
adhan,true,false,true,rare,true
adieu,true,false,true,rare,true
adios,true,false,true,rare,true
adits,true,false,true,rare,true
adman,true,false,true,rare,true
admen,true,false,true,rare,true
admin,true,true,true,common,true
admit,true,true,true,common,true
admix,true,false,true,rare,true
adobe,true,true,true,common,true
adobo,true,false,true,rare,true
adopt,true,true,true,common,true
adore,true,true,true,common,true
adorn,true,true,true,common,true
adown,true,false,true,rare,true
adoze,true,false,true,rare,true
adrad,true,false,true,rare,true
adred,true,false,true,rare,true
adsum,true,false,true,rare,true
aduki,true,false,true,rare,true
adult,true,true,true,common,true
adunc,true,false,true,rare,true
adust,true,false,true,rare,true
advew,true,false,true,rare,true
adyta,true,false,true,rare,true
adzed,true,false,true,rare,true
adzes,true,false,true,rare,true
aecia,true,false,true,rare,true
aedes,true,false,true,rare,true
aegis,true,false,true,rare,true
aeons,true,false,true,rare,true
aerie,true,false,true,rare,true
aeros,true,false,true,rare,true
aesir,true,false,true,rare,true
afald,true,false,true,rare,true
afara,true,false,true,rare,true
afars,true,false,true,rare,true
afear,true,false,true,rare,true
affix,true,true,true,common,true
afire,true,true,true,common,true
aflaj,true,false,true,rare,true
afoot,true,true,true,common,true
afore,true,false,true,rare,true
afoul,true,true,true,common,true
afrit,true,false,true,rare,true
afros,true,false,true,rare,true
after,true,true,true,common,true
again,true,true,true,common,true
agama,true,false,true,rare,true
agami,true,false,true,rare,true
agape,true,true,true,common,true
agars,true,false,true,rare,true
agast,true,false,true,rare,true
agate,true,true,true,common,true
agave,true,false,true,rare,true
agaze,true,false,true,rare,true
agene,true,false,true,rare,true
agent,true,true,true,common,true
agers,true,false,true,rare,true
agger,true,false,true,rare,true
aggie,true,false,true,rare,true
aggri,true,false,true,rare,true
aggro,true,false,true,rare,true
aggry,true,false,true,rare,true
aghas,true,false,true,rare,true
agila,true,false,true,rare,true
agile,true,true,true,common,true
aging,true,true,true,common,true
agios,true,false,true,rare,true
agism,true,false,true,rare,true
agist,true,false,true,rare,true
agita,true,false,true,rare,true
aglee,true,false,true,rare,true
aglet,true,false,true,rare,true
agley,true,false,true,rare,true
agloo,true,false,true,rare,true
aglow,true,true,true,common,true
aglus,true,false,true,rare,true
agmas,true,false,true,rare,true
agoge,true,false,true,rare,true
agone,true,false,true,rare,true
agons,true,false,true,rare,true
agony,true,true,true,common,true
agood,true,false,true,rare,true
agree,true,true,true,common,true
agria,true,false,true,rare,true
agrin,true,false,true,rare,true
agros,true,false,true,rare,true
agued,true,false,true,rare,true
agues,true,false,true,rare,true
aguna,true,false,true,rare,true
aguti,true,false,true,rare,true
ahead,true,true,true,common,true
aheap,true,false,true,rare,true
ahent,true,false,true,rare,true
ahigh,true,false,true,rare,true
ahind,true,false,true,rare,true
ahing,true,false,true,rare,true
ahint,true,false,true,rare,true
ahold,true,false,true,rare,true
ahull,true,false,true,rare,true
ahuru,true,false,true,rare,true
aidas,true,false,true,rare,true
aided,true,false,true,rare,true
aider,true,true,true,common,true
aides,true,false,true,rare,true
aidoi,true,false,true,rare,true
aidos,true,false,true,rare,true
aiery,true,false,true,rare,true
aigas,true,false,true,rare,true
aight,true,false,true,rare,true
ailed,true,false,true,rare,true
aimed,true,false,true,rare,true
aimer,true,false,true,rare,true
ainee,true,false,true,rare,true
ainga,true,false,true,rare,true
aioli,true,false,true,rare,true
aired,true,false,true,rare,true
airer,true,false,true,rare,true
airns,true,false,true,rare,true
airth,true,false,true,rare,true
airts,true,false,true,rare,true
aisle,true,true,true,common,true
aitch,true,false,true,rare,true
aitus,true,false,true,rare,true
aiver,true,false,true,rare,true
aiyee,true,false,true,rare,true
aizle,true,false,true,rare,true
ajies,true,false,true,rare,true
ajiva,true,false,true,rare,true
ajuga,true,false,true,rare,true
ajwan,true,false,true,rare,true
akees,true,false,true,rare,true
akela,true,false,true,rare,true
akene,true,false,true,rare,true
aking,true,false,true,rare,true
akita,true,false,true,rare,true
akkas,true,false,true,rare,true
alaap,true,false,true,rare,true
alack,true,false,true,rare,true
alamo,true,false,true,rare,true
aland,true,false,true,rare,true
alane,true,false,true,rare,true
alang,true,false,true,rare,true
alans,true,false,true,rare,true
alant,true,false,true,rare,true
alapa,true,false,true,rare,true
alaps,true,false,true,rare,true
alarm,true,true,true,common,true
alary,true,false,true,rare,true
alate,true,false,true,rare,true
alays,true,false,true,rare,true
albas,true,false,true,rare,true
albee,true,false,true,rare,true
album,true,true,true,common,true
alcid,true,false,true,rare,true
alcos,true,false,true,rare,true
aldea,true,false,true,rare,true
alder,true,false,true,rare,true
aldol,true,false,true,rare,true
aleck,true,false,true,rare,true
alecs,true,false,true,rare,true
alefs,true,false,true,rare,true
aleft,true,false,true,rare,true
aleph,true,false,true,rare,true
alert,true,true,true,common,true
alews,true,false,true,rare,true
aleye,true,false,true,rare,true
alfas,true,false,true,rare,true
algae,true,true,true,common,true
algal,true,false,true,rare,true
algas,true,false,true,rare,true
algid,true,false,true,rare,true
algin,true,false,true,rare,true
algor,true,false,true,rare,true
algum,true,false,true,rare,true
alias,true,false,true,rare,true
alibi,true,true,true,common,true
alien,true,true,true,common,true
alifs,true,false,true,rare,true
align,true,true,true,common,true
alike,true,true,true,common,true
aline,true,false,true,rare,true
alist,true,false,true,rare,true
alive,true,true,true,common,true
aliya,true,false,true,rare,true
alkie,true,false,true,rare,true
alkos,true,false,true,rare,true
alkyd,true,false,true,rare,true
alkyl,true,false,true,rare,true
allay,true,true,true,common,true
allee,true,false,true,rare,true
allel,true,false,true,rare,true
alley,true,true,true,common,true
allis,true,false,true,rare,true
allod,true,false,true,rare,true
allot,true,true,true,common,true
allow,true,true,true,common,true
alloy,true,true,true,common,true
allyl,true,false,true,rare,true
almah,true,false,true,rare,true
almas,true,false,true,rare,true
almeh,true,false,true,rare,true
almes,true,false,true,rare,true
almud,true,false,true,rare,true
almug,true,false,true,rare,true
alods,true,false,true,rare,true
aloed,true,false,true,rare,true
aloes,true,false,true,rare,true
aloft,true,true,true,common,true
aloha,true,false,true,rare,true
aloin,true,false,true,rare,true
alone,true,true,true,common,true
along,true,true,true,common,true
aloof,true,true,true,common,true
aloos,true,false,true,rare,true
aloud,true,true,true,common,true
alowe,true,false,true,rare,true
alpha,true,true,true,common,true
altar,true,true,true,common,true
alter,true,true,true,common,true
altho,true,false,true,rare,true
altos,true,false,true,rare,true
alula,true,false,true,rare,true
alums,true,false,true,rare,true
alure,true,false,true,rare,true
alvar,true,false,true,rare,true
alway,true,false,true,rare,true
amahs,true,false,true,rare,true
amain,true,false,true,rare,true
amass,true,true,true,common,true
amate,true,false,true,rare,true
amaut,true,false,true,rare,true
amaze,true,true,true,common,true
amban,true,false,true,rare,true
amber,true,true,true,common,true
ambit,true,false,true,rare,true
amble,true,true,true,common,true
ambos,true,false,true,rare,true
ambry,true,false,true,rare,true
ameba,true,false,true,rare,true
ameer,true,false,true,rare,true
amend,true,true,true,common,true
amene,true,false,true,rare,true
amens,true,false,true,rare,true
ament,true,false,true,rare,true
amias,true,false,true,rare,true
amice,true,false,true,rare,true
amici,true,false,true,rare,true
amide,true,false,true,rare,true
amido,true,false,true,rare,true
amids,true,false,true,rare,true
amies,true,false,true,rare,true
amiga,true,false,true,rare,true
amigo,true,false,true,rare,true
amine,true,false,true,rare,true
amino,true,false,true,rare,true
amins,true,false,true,rare,true
amirs,true,false,true,rare,true
amiss,true,true,true,common,true
amity,true,true,true,common,true
amlas,true,false,true,rare,true
amman,true,false,true,rare,true
ammon,true,false,true,rare,true
ammos,true,false,true,rare,true
amnia,true,false,true,rare,true
amnic,true,false,true,rare,true
amnio,true,false,true,rare,true
amoks,true,false,true,rare,true
amole,true,false,true,rare,true
among,true,true,true,common,true
amort,true,false,true,rare,true
amour,true,false,true,rare,true
amove,true,false,true,rare,true
amowt,true,false,true,rare,true
amped,true,false,true,rare,true
ample,true,true,true,common,true
amply,true,true,true,common,true
ampul,true,false,true,rare,true
amrit,true,false,true,rare,true
amuck,true,false,true,rare,true
amuse,true,true,true,common,true
amyls,true,false,true,rare,true
anana,true,false,true,rare,true
anata,true,false,true,rare,true
ancho,true,false,true,rare,true
ancle,true,false,true,rare,true
ancon,true,false,true,rare,true
andro,true,false,true,rare,true
anear,true,false,true,rare,true
anele,true,false,true,rare,true
anent,true,false,true,rare,true
angas,true,false,true,rare,true
angel,true,true,true,common,true
anger,true,true,true,common,true
angle,true,true,true,common,true
anglo,true,false,true,rare,true
angry,true,true,true,common,true
angst,true,true,true,common,true
anigh,true,false,true,rare,true
anile,true,false,true,rare,true
anils,true,false,true,rare,true
anima,true,false,true,rare,true
anime,true,true,true,common,true
animi,true,false,true,rare,true
anion,true,false,true,rare,true
anise,true,false,true,rare,true
anker,true,false,true,rare,true
ankhs,true,false,true,rare,true
ankle,true,true,true,common,true
ankus,true,false,true,rare,true
anlas,true,false,true,rare,true
annal,true,false,true,rare,true
annas,true,false,true,rare,true
annat,true,false,true,rare,true
annex,true,true,true,common,true
annoy,true,true,true,common,true
annul,true,true,true,common,true
anoas,true,false,true,rare,true
anode,true,true,true,common,true
anole,true,false,true,rare,true
anomy,true,false,true,rare,true
ansae,true,false,true,rare,true
antae,true,false,true,rare,true
antar,true,false,true,rare,true
antas,true,false,true,rare,true
anted,true,false,true,rare,true
antes,true,false,true,rare,true
antic,true,true,true,common,true
antis,true,false,true,rare,true
antra,true,false,true,rare,true
antre,true,false,true,rare,true
antsy,true,false,true,rare,true
anura,true,false,true,rare,true
anvil,true,true,true,common,true
anyon,true,false,true,rare,true
aorta,true,true,true,common,true
apace,true,false,true,rare,true
apage,true,false,true,rare,true
apaid,true,false,true,rare,true
apart,true,true,true,common,true
apayd,true,false,true,rare,true
apays,true,false,true,rare,true
apeak,true,false,true,rare,true
apeek,true,false,true,rare,true
apers,true,false,true,rare,true
apert,true,false,true,rare,true
apery,true,false,true,rare,true
apgar,true,false,true,rare,true
aphid,true,true,true,common,true
aphis,true,false,true,rare,true
apian,true,false,true,rare,true
aping,true,true,true,common,true
apiol,true,false,true,rare,true
apish,true,false,true,rare,true
apism,true,false,true,rare,true
apnea,true,true,true,common,true
apode,true,false,true,rare,true
apods,true,false,true,rare,true
apoop,true,false,true,rare,true
aport,true,false,true,rare,true
appal,true,false,true,rare,true
appay,true,false,true,rare,true
appel,true,false,true,rare,true
apple,true,true,true,common,true
apply,true,true,true,common,true
appro,true,false,true,rare,true
appui,true,false,true,rare,true
appuy,true,false,true,rare,true
apres,true,false,true,rare,true
apron,true,true,true,common,true
apses,true,false,true,rare,true
apsis,true,false,true,rare,true
apsos,true,false,true,rare,true
apted,true,false,true,rare,true
apter,true,false,true,rare,true
aptly,true,true,true,common,true
aquae,true,false,true,rare,true
aquas,true,false,true,rare,true
araba,true,false,true,rare,true
araks,true,false,true,rare,true
arame,true,false,true,rare,true
arars,true,false,true,rare,true
arbas,true,false,true,rare,true
arbor,true,true,true,common,true
arced,true,false,true,rare,true
archi,true,false,true,rare,true
arcos,true,false,true,rare,true
arcus,true,false,true,rare,true
ardeb,true,false,true,rare,true
ardor,true,true,true,common,true
ardri,true,false,true,rare,true
aread,true,false,true,rare,true
areae,true,false,true,rare,true
areal,true,false,true,rare,true
arear,true,false,true,rare,true
areas,true,false,true,rare,true
areca,true,false,true,rare,true
aredd,true,false,true,rare,true
arede,true,false,true,rare,true
arefy,true,false,true,rare,true
areic,true,false,true,rare,true
arena,true,true,true,common,true
arene,true,false,true,rare,true
arepa,true,false,true,rare,true
arere,true,false,true,rare,true
arete,true,false,true,rare,true
arets,true,false,true,rare,true
arett,true,false,true,rare,true
argal,true,false,true,rare,true
argan,true,false,true,rare,true
argil,true,false,true,rare,true
argle,true,false,true,rare,true
argol,true,false,true,rare,true
argon,true,false,true,rare,true
argot,true,false,true,rare,true
argue,true,true,true,common,true
argus,true,false,true,rare,true
arhat,true,false,true,rare,true
arias,true,false,true,rare,true
ariel,true,false,true,rare,true
ariki,true,false,true,rare,true
arils,true,false,true,rare,true
ariot,true,false,true,rare,true
arise,true,true,true,common,true
arish,true,false,true,rare,true
arked,true,false,true,rare,true
arled,true,false,true,rare,true
arles,true,false,true,rare,true
armed,true,false,true,rare,true
armer,true,false,true,rare,true
armet,true,false,true,rare,true
armil,true,false,true,rare,true
armor,true,true,true,common,true
arnas,true,false,true,rare,true
arnut,true,false,true,rare,true
aroba,true,false,true,rare,true
aroha,true,false,true,rare,true
aroid,true,false,true,rare,true
aroma,true,true,true,common,true
arose,true,true,true,common,true
arpas,true,false,true,rare,true
arpen,true,false,true,rare,true
arrah,true,false,true,rare,true
arras,true,false,true,rare,true
array,true,true,true,common,true
arret,true,false,true,rare,true
arris,true,false,true,rare,true
arrow,true,true,true,common,true
arroz,true,false,true,rare,true
arsed,true,false,true,rare,true
arses,true,false,true,rare,true
arsey,true,false,true,rare,true
arsis,true,false,true,rare,true
arson,true,true,true,common,true
artal,true,false,true,rare,true
artel,true,false,true,rare,true
artic,true,false,true,rare,true
artis,true,false,true,rare,true
artsy,true,true,true,common,true
aruhe,true,false,true,rare,true
arums,true,false,true,rare,true
arval,true,false,true,rare,true
arvee,true,false,true,rare,true
arvos,true,false,true,rare,true
aryls,true,false,true,rare,true
asana,true,false,true,rare,true
ascon,true,false,true,rare,true
ascot,true,true,true,common,true
ascus,true,false,true,rare,true
asdic,true,false,true,rare,true
ashed,true,false,true,rare,true
ashen,true,true,true,common,true
ashes,true,false,true,rare,true
ashet,true,false,true,rare,true
aside,true,true,true,common,true
asked,true,false,true,rare,true
asker,true,false,true,rare,true
askew,true,true,true,common,true
askoi,true,false,true,rare,true
askos,true,false,true,rare,true
aspen,true,false,true,rare,true
asper,true,false,true,rare,true
aspic,true,false,true,rare,true
aspie,true,false,true,rare,true
aspis,true,false,true,rare,true
aspro,true,false,true,rare,true
assai,true,false,true,rare,true
assam,true,false,true,rare,true
assay,true,true,true,common,true
asses,true,false,true,rare,true
asset,true,true,true,common,true
assez,true,false,true,rare,true
assot,true,false,true,rare,true
aster,true,false,true,rare,true
astir,true,false,true,rare,true
astun,true,false,true,rare,true
asura,true,false,true,rare,true
asway,true,false,true,rare,true
aswim,true,false,true,rare,true
asyla,true,false,true,rare,true
ataps,true,false,true,rare,true
ataxy,true,false,true,rare,true
atigi,true,false,true,rare,true
atilt,true,false,true,rare,true
atimy,true,false,true,rare,true
atlas,true,false,true,rare,true
atman,true,false,true,rare,true
atmas,true,false,true,rare,true
atmos,true,false,true,rare,true
atocs,true,false,true,rare,true
atoke,true,false,true,rare,true
atoks,true,false,true,rare,true
atoll,true,true,true,common,true
atoms,true,false,true,rare,true
atomy,true,false,true,rare,true
atone,true,true,true,common,true
atony,true,false,true,rare,true
atopy,true,false,true,rare,true
atria,true,false,true,rare,true
atrip,true,false,true,rare,true
attap,true,false,true,rare,true
attar,true,false,true,rare,true
attic,true,true,true,common,true
atuas,true,false,true,rare,true
audad,true,false,true,rare,true
audio,true,true,true,common,true
audit,true,true,true,common,true
auger,true,false,true,rare,true
aught,true,false,true,rare,true
augur,true,true,true,common,true
aulas,true,false,true,rare,true
aulic,true,false,true,rare,true
auloi,true,false,true,rare,true
aulos,true,false,true,rare,true
aumil,true,false,true,rare,true
aunes,true,false,true,rare,true
aunts,true,false,true,rare,true
aunty,true,true,true,common,true
aurae,true,false,true,rare,true
aural,true,false,true,rare,true
aurar,true,false,true,rare,true
auras,true,false,true,rare,true
aurei,true,false,true,rare,true
aures,true,false,true,rare,true
auric,true,false,true,rare,true
auris,true,false,true,rare,true
aurum,true,false,true,rare,true
autos,true,false,true,rare,true
auxin,true,false,true,rare,true
avail,true,true,true,common,true
avale,true,false,true,rare,true
avant,true,false,true,rare,true
avast,true,false,true,rare,true
avels,true,false,true,rare,true
avens,true,false,true,rare,true
avers,true,false,true,rare,true
avert,true,true,true,common,true
avgas,true,false,true,rare,true
avian,true,true,true,common,true
avine,true,false,true,rare,true
avion,true,false,true,rare,true
avise,true,false,true,rare,true
aviso,true,false,true,rare,true
avize,true,false,true,rare,true
avoid,true,true,true,common,true
avows,true,false,true,rare,true
avyze,true,false,true,rare,true
await,true,true,true,common,true
awake,true,true,true,common,true
award,true,true,true,common,true
aware,true,true,true,common,true
awarn,true,false,true,rare,true
awash,true,true,true,common,true
awato,true,false,true,rare,true
awave,true,false,true,rare,true
aways,true,false,true,rare,true
awdls,true,false,true,rare,true
aweel,true,false,true,rare,true
aweto,true,false,true,rare,true
awful,true,true,true,common,true
awing,true,false,true,rare,true
awmry,true,false,true,rare,true
awned,true,false,true,rare,true
awner,true,false,true,rare,true
awoke,true,true,true,common,true
awols,true,false,true,rare,true
awork,true,false,true,rare,true
axels,true,false,true,rare,true
axial,true,true,true,common,true
axile,true,false,true,rare,true
axils,true,false,true,rare,true
axing,true,false,true,rare,true
axiom,true,true,true,common,true
axion,true,true,true,common,true
axite,true,false,true,rare,true
axled,true,false,true,rare,true
axles,true,false,true,rare,true
axman,true,false,true,rare,true
axmen,true,false,true,rare,true
axoid,true,false,true,rare,true
axone,true,false,true,rare,true
axons,true,false,true,rare,true
ayahs,true,false,true,rare,true
ayaya,true,false,true,rare,true
ayelp,true,false,true,rare,true
aygre,true,false,true,rare,true
ayins,true,false,true,rare,true
ayont,true,false,true,rare,true
ayres,true,false,true,rare,true
ayrie,true,false,true,rare,true
azans,true,false,true,rare,true
azide,true,false,true,rare,true
azido,true,false,true,rare,true
azine,true,false,true,rare,true
azlon,true,false,true,rare,true
azoic,true,false,true,rare,true
azole,true,false,true,rare,true
azons,true,false,true,rare,true
azote,true,false,true,rare,true
azoth,true,false,true,rare,true
azuki,true,false,true,rare,true
azure,true,true,true,common,true
azurn,true,false,true,rare,true
azury,true,false,true,rare,true
azygy,true,false,true,rare,true
azyme,true,false,true,rare,true
azyms,true,false,true,rare,true
baaed,true,false,true,rare,true
baals,true,false,true,rare,true
babas,true,false,true,rare,true
babel,true,false,true,rare,true
babes,true,false,true,rare,true
babka,true,false,true,rare,true
baboo,true,false,true,rare,true
babul,true,false,true,rare,true
babus,true,false,true,rare,true
bacca,true,false,true,rare,true
bacco,true,false,true,rare,true
baccy,true,false,true,rare,true
bacha,true,false,true,rare,true
bachs,true,false,true,rare,true
backs,true,false,true,rare,true
bacon,true,true,true,common,true
baddy,true,false,true,rare,true
badge,true,true,true,common,true
badly,true,true,true,common,true
baels,true,false,true,rare,true
baffs,true,false,true,rare,true
baffy,true,false,true,rare,true
bafts,true,false,true,rare,true
bagel,true,true,true,common,true
baggy,true,true,true,common,true
baghs,true,false,true,rare,true
bagie,true,false,true,rare,true
bahts,true,false,true,rare,true
bahus,true,false,true,rare,true
bahut,true,false,true,rare,true
bails,true,false,true,rare,true
bairn,true,false,true,rare,true
baisa,true,false,true,rare,true
baith,true,false,true,rare,true
baits,true,false,true,rare,true
baiza,true,false,true,rare,true
baize,true,false,true,rare,true
bajan,true,false,true,rare,true
bajra,true,false,true,rare,true
bajri,true,false,true,rare,true
bajus,true,false,true,rare,true
baked,true,false,true,rare,true
baken,true,false,true,rare,true
baker,true,true,true,common,true
bakes,true,false,true,rare,true
bakra,true,false,true,rare,true
balas,true,false,true,rare,true
balds,true,false,true,rare,true
baldy,true,false,true,rare,true
baled,true,false,true,rare,true
baler,true,true,true,common,true
bales,true,false,true,rare,true
balks,true,false,true,rare,true
balky,true,false,true,rare,true
balls,true,false,true,rare,true
bally,true,false,true,rare,true
balms,true,false,true,rare,true
balmy,true,true,true,common,true
baloo,true,false,true,rare,true
balsa,true,false,true,rare,true
balti,true,false,true,rare,true
balun,true,false,true,rare,true
balus,true,false,true,rare,true
bambi,true,false,true,rare,true
banak,true,false,true,rare,true
banal,true,true,true,common,true
banco,true,false,true,rare,true
bancs,true,false,true,rare,true
banda,true,false,true,rare,true
bandh,true,false,true,rare,true
bands,true,false,true,rare,true
bandy,true,false,true,rare,true
baned,true,false,true,rare,true
banes,true,false,true,rare,true
bangs,true,false,true,rare,true
bania,true,false,true,rare,true
banjo,true,true,true,common,true
banks,true,false,true,rare,true
banns,true,false,true,rare,true
bants,true,false,true,rare,true
bantu,true,false,true,rare,true
banty,true,false,true,rare,true
banya,true,false,true,rare,true
bapus,true,false,true,rare,true
barbe,true,false,true,rare,true
barbs,true,false,true,rare,true
barby,true,false,true,rare,true
barca,true,false,true,rare,true
barde,true,false,true,rare,true
bardo,true,false,true,rare,true
bards,true,false,true,rare,true
bardy,true,false,true,rare,true
bared,true,false,true,rare,true
barer,true,false,true,rare,true
bares,true,false,true,rare,true
barfi,true,false,true,rare,true
barfs,true,false,true,rare,true
barge,true,true,true,common,true
baric,true,false,true,rare,true
barks,true,false,true,rare,true
barky,true,false,true,rare,true
barms,true,false,true,rare,true
barmy,true,false,true,rare,true
barns,true,false,true,rare,true
barny,true,false,true,rare,true
baron,true,true,true,common,true
barps,true,false,true,rare,true
barra,true,false,true,rare,true
barre,true,false,true,rare,true
barro,true,false,true,rare,true
barry,true,false,true,rare,true
barye,true,false,true,rare,true
basal,true,true,true,common,true
basan,true,false,true,rare,true
based,true,false,true,rare,true
basen,true,false,true,rare,true
baser,true,false,true,rare,true
bases,true,false,true,rare,true
basho,true,false,true,rare,true
basic,true,true,true,common,true
basij,true,false,true,rare,true
basil,true,true,true,common,true
basin,true,true,true,common,true
basis,true,true,true,common,true
basks,true,false,true,rare,true
bason,true,false,true,rare,true
basse,true,false,true,rare,true
bassi,true,false,true,rare,true
basso,true,false,true,rare,true
bassy,true,false,true,rare,true
basta,true,false,true,rare,true
baste,true,true,true,common,true
basti,true,false,true,rare,true
basto,true,false,true,rare,true
basts,true,false,true,rare,true
batch,true,true,true,common,true
bated,true,false,true,rare,true
bates,true,false,true,rare,true
bathe,true,true,true,common,true
baths,true,false,true,rare,true
batik,true,false,true,rare,true
baton,true,true,true,common,true
batta,true,false,true,rare,true
batts,true,false,true,rare,true
battu,true,false,true,rare,true
batty,true,true,true,common,true
bauds,true,false,true,rare,true
bauks,true,false,true,rare,true
baulk,true,false,true,rare,true
baurs,true,false,true,rare,true
bavin,true,false,true,rare,true
bawds,true,false,true,rare,true
bawdy,true,true,true,common,true
bawks,true,false,true,rare,true
bawls,true,false,true,rare,true
bawns,true,false,true,rare,true
bawrs,true,false,true,rare,true
bawty,true,false,true,rare,true
bayed,true,false,true,rare,true
bayer,true,false,true,rare,true
bayes,true,false,true,rare,true
bayle,true,false,true,rare,true
bayou,true,true,true,common,true
bayts,true,false,true,rare,true
bazar,true,false,true,rare,true
bazoo,true,false,true,rare,true
beach,true,true,true,common,true
beads,true,false,true,rare,true
beady,true,true,true,common,true
beaks,true,false,true,rare,true
beaky,true,false,true,rare,true
beals,true,false,true,rare,true
beams,true,false,true,rare,true
beamy,true,false,true,rare,true
beano,true,false,true,rare,true
beans,true,false,true,rare,true
beany,true,false,true,rare,true
beard,true,true,true,common,true
beare,true,false,true,rare,true
bears,true,false,true,rare,true
beast,true,true,true,common,true
beath,true,false,true,rare,true
beats,true,false,true,rare,true
beaty,true,false,true,rare,true
beaus,true,false,true,rare,true
beaut,true,false,true,rare,true
beaux,true,false,true,rare,true
bebop,true,false,true,rare,true
becap,true,false,true,rare,true
becke,true,false,true,rare,true
becks,true,false,true,rare,true
bedad,true,false,true,rare,true
bedel,true,false,true,rare,true
bedes,true,false,true,rare,true
bedew,true,false,true,rare,true
bedim,true,false,true,rare,true
bedye,true,false,true,rare,true
beech,true,true,true,common,true
beedi,true,false,true,rare,true
beefs,true,false,true,rare,true
beefy,true,true,true,common,true
beeps,true,false,true,rare,true
beers,true,false,true,rare,true
beery,true,false,true,rare,true
beets,true,false,true,rare,true
befit,true,true,true,common,true
befog,true,false,true,rare,true
begad,true,false,true,rare,true
began,true,true,true,common,true
begar,true,false,true,rare,true
begat,true,true,true,common,true
begem,true,false,true,rare,true
beget,true,true,true,common,true
begin,true,true,true,common,true
begot,true,false,true,rare,true
begum,true,false,true,rare,true
begun,true,true,true,common,true
beige,true,false,true,rare,true
beigy,true,false,true,rare,true
being,true,true,true,common,true
beins,true,false,true,rare,true
bekah,true,false,true,rare,true
belah,true,false,true,rare,true
belar,true,false,true,rare,true
belay,true,false,true,rare,true
belch,true,true,true,common,true
belee,true,false,true,rare,true
belga,true,false,true,rare,true
belie,true,true,true,common,true
belle,true,true,true,common,true
bells,true,false,true,rare,true
belly,true,true,true,common,true
belon,true,false,true,rare,true
below,true,true,true,common,true
belts,true,false,true,rare,true
bemad,true,false,true,rare,true
bemas,true,false,true,rare,true
bemix,true,false,true,rare,true
bemud,true,false,true,rare,true
bench,true,true,true,common,true
bends,true,false,true,rare,true
bendy,true,false,true,rare,true
benes,true,false,true,rare,true
benet,true,false,true,rare,true
benga,true,false,true,rare,true
benis,true,false,true,rare,true
benne,true,false,true,rare,true
benni,true,false,true,rare,true
benny,true,false,true,rare,true
bento,true,false,true,rare,true
bents,true,false,true,rare,true
benty,true,false,true,rare,true
bepat,true,false,true,rare,true
beray,true,false,true,rare,true
beres,true,false,true,rare,true
beret,true,true,true,common,true
bergs,true,false,true,rare,true
berko,true,false,true,rare,true
berks,true,false,true,rare,true
berme,true,false,true,rare,true
berms,true,false,true,rare,true
berob,true,false,true,rare,true
berry,true,true,true,common,true
berth,true,true,true,common,true
beryl,true,false,true,rare,true
besat,true,false,true,rare,true
besaw,true,false,true,rare,true
besee,true,false,true,rare,true
beses,true,false,true,rare,true
beset,true,true,true,common,true
besit,true,false,true,rare,true
besom,true,false,true,rare,true
besot,true,false,true,rare,true
besti,true,false,true,rare,true
bests,true,false,true,rare,true
betas,true,false,true,rare,true
beted,true,false,true,rare,true
betel,true,true,true,common,true
betes,true,false,true,rare,true
beths,true,false,true,rare,true
betid,true,false,true,rare,true
beton,true,false,true,rare,true
betta,true,false,true,rare,true
betty,true,false,true,rare,true
bevel,true,true,true,common,true
bever,true,false,true,rare,true
bevor,true,false,true,rare,true
bevue,true,false,true,rare,true
bevvy,true,false,true,rare,true
bewet,true,false,true,rare,true
bewig,true,false,true,rare,true
bezel,true,true,true,common,true
bezes,true,false,true,rare,true
bezil,true,false,true,rare,true
bezzy,true,false,true,rare,true
bhais,true,false,true,rare,true
bhaji,true,false,true,rare,true
bhang,true,false,true,rare,true
bhats,true,false,true,rare,true
bhels,true,false,true,rare,true
bhoot,true,false,true,rare,true
bhuna,true,false,true,rare,true
bhuts,true,false,true,rare,true
biach,true,false,true,rare,true
biali,true,false,true,rare,true
bialy,true,false,true,rare,true
bibbs,true,false,true,rare,true
bibes,true,false,true,rare,true
bible,true,true,true,common,true
biccy,true,false,true,rare,true
bicep,true,true,true,common,true
bices,true,false,true,rare,true
biddy,true,true,true,common,true
bided,true,false,true,rare,true
bider,true,false,true,rare,true
bides,true,false,true,rare,true
bidet,true,false,true,rare,true
bidis,true,false,true,rare,true
bidon,true,false,true,rare,true
bield,true,false,true,rare,true
biers,true,false,true,rare,true
biffo,true,false,true,rare,true
biffs,true,false,true,rare,true
biffy,true,false,true,rare,true
bifid,true,false,true,rare,true
bigae,true,false,true,rare,true
biggs,true,false,true,rare,true
biggy,true,false,true,rare,true
bigha,true,false,true,rare,true
bight,true,false,true,rare,true
bigly,true,false,true,rare,true
bigos,true,false,true,rare,true
bigot,true,true,true,common,true
bijou,true,false,true,rare,true
biked,true,false,true,rare,true
biker,true,false,true,rare,true
bikes,true,false,true,rare,true
bikie,true,false,true,rare,true
bilbo,true,false,true,rare,true
bilby,true,false,true,rare,true
biled,true,false,true,rare,true
biles,true,false,true,rare,true
bilge,true,true,true,common,true
bilgy,true,false,true,rare,true
bilks,true,false,true,rare,true
bills,true,false,true,rare,true
billy,true,true,true,common,true
bimah,true,false,true,rare,true
bimas,true,false,true,rare,true
bimbo,true,false,true,rare,true
binal,true,false,true,rare,true
bindi,true,false,true,rare,true
binds,true,false,true,rare,true
biner,true,false,true,rare,true
bines,true,false,true,rare,true
binge,true,true,true,common,true
bingo,true,true,true,common,true
bings,true,false,true,rare,true
bingy,true,false,true,rare,true
binit,true,false,true,rare,true
binks,true,false,true,rare,true
bints,true,false,true,rare,true
biogs,true,false,true,rare,true
biome,true,true,true,common,true
biont,true,false,true,rare,true
biota,true,false,true,rare,true
biped,true,false,true,rare,true
bipod,true,false,true,rare,true
birch,true,true,true,common,true
birds,true,false,true,rare,true
birks,true,false,true,rare,true
birle,true,false,true,rare,true
birls,true,false,true,rare,true
biros,true,false,true,rare,true
birrs,true,false,true,rare,true
birse,true,false,true,rare,true
birsy,true,false,true,rare,true
birth,true,true,true,common,true
bises,true,false,true,rare,true
bisks,true,false,true,rare,true
bisom,true,false,true,rare,true
bison,true,true,true,common,true
bitch,true,false,true,rare,true
biter,true,false,true,rare,true
bites,true,false,true,rare,true
bitos,true,false,true,rare,true
bitou,true,false,true,rare,true
bitsy,true,false,true,rare,true
bitte,true,false,true,rare,true
bitts,true,false,true,rare,true
bitty,true,true,true,common,true
bivia,true,false,true,rare,true
bivvy,true,false,true,rare,true
bizes,true,false,true,rare,true
bizzo,true,false,true,rare,true
bizzy,true,false,true,rare,true
blabs,true,false,true,rare,true
black,true,true,true,common,true
blade,true,true,true,common,true
blads,true,false,true,rare,true
blady,true,false,true,rare,true
blaer,true,false,true,rare,true
blaes,true,false,true,rare,true
blaff,true,false,true,rare,true
blags,true,false,true,rare,true
blahs,true,false,true,rare,true
blain,true,false,true,rare,true
blame,true,true,true,common,true
blams,true,false,true,rare,true
bland,true,true,true,common,true
blank,true,true,true,common,true
blare,true,true,true,common,true
blart,true,false,true,rare,true
blase,true,false,true,rare,true
blash,true,false,true,rare,true
blast,true,true,true,common,true
blate,true,false,true,rare,true
blats,true,false,true,rare,true
blatt,true,false,true,rare,true
blaud,true,false,true,rare,true
blawn,true,false,true,rare,true
blaws,true,false,true,rare,true
blays,true,false,true,rare,true
blaze,true,true,true,common,true
bleak,true,true,true,common,true
blear,true,false,true,rare,true
bleat,true,true,true,common,true
blebs,true,false,true,rare,true
blech,true,false,true,rare,true
bleed,true,true,true,common,true
bleep,true,true,true,common,true
blees,true,false,true,rare,true
blend,true,true,true,common,true
blent,true,false,true,rare,true
blert,true,false,true,rare,true
bless,true,true,true,common,true
blest,true,false,true,rare,true
blets,true,false,true,rare,true
bleys,true,false,true,rare,true
blimp,true,true,true,common,true
blimy,true,false,true,rare,true
blind,true,true,true,common,true
bling,true,false,true,rare,true
blini,true,false,true,rare,true
blink,true,true,true,common,true
blins,true,false,true,rare,true
bliny,true,false,true,rare,true
blips,true,false,true,rare,true
bliss,true,true,true,common,true
blist,true,false,true,rare,true
blite,true,false,true,rare,true
blits,true,false,true,rare,true
blitz,true,true,true,common,true
blive,true,false,true,rare,true
bloat,true,true,true,common,true
blobs,true,false,true,rare,true
block,true,true,true,common,true
blocs,true,false,true,rare,true
blogs,true,false,true,rare,true
bloke,true,true,true,common,true
blond,true,true,true,common,true
blood,true,true,true,common,true
blook,true,false,true,rare,true
bloom,true,true,true,common,true
bloop,true,false,true,rare,true
blore,true,false,true,rare,true
blots,true,false,true,rare,true
blown,true,true,true,common,true
blows,true,false,true,rare,true
blowy,true,false,true,rare,true
blubs,true,false,true,rare,true
blude,true,false,true,rare,true
bluds,true,false,true,rare,true
bludy,true,false,true,rare,true
blued,true,false,true,rare,true
bluer,true,true,true,common,true
blues,true,false,true,rare,true
bluet,true,false,true,rare,true
bluey,true,false,true,rare,true
bluff,true,true,true,common,true
bluid,true,false,true,rare,true
blume,true,false,true,rare,true
blunk,true,false,true,rare,true
blunt,true,true,true,common,true
blurb,true,true,true,common,true
blurs,true,false,true,rare,true
blurt,true,true,true,common,true
blush,true,true,true,common,true
blype,true,false,true,rare,true
boabs,true,false,true,rare,true
boaks,true,false,true,rare,true
board,true,true,true,common,true
boars,true,false,true,rare,true
boart,true,false,true,rare,true
boast,true,true,true,common,true
boats,true,false,true,rare,true
bobac,true,false,true,rare,true
bobak,true,false,true,rare,true
bobas,true,false,true,rare,true
bobby,true,true,true,common,true
bobol,true,false,true,rare,true
bobos,true,false,true,rare,true
bocca,true,false,true,rare,true
bocce,true,false,true,rare,true
bocci,true,false,true,rare,true
boche,true,false,true,rare,true
bocks,true,false,true,rare,true
boded,true,false,true,rare,true
bodes,true,false,true,rare,true
bodge,true,false,true,rare,true
bodhi,true,false,true,rare,true
bodle,true,false,true,rare,true
boeps,true,false,true,rare,true
boets,true,false,true,rare,true
boeuf,true,false,true,rare,true
boffo,true,false,true,rare,true
boffs,true,false,true,rare,true
bogan,true,false,true,rare,true
bogey,true,false,true,rare,true
boggy,true,false,true,rare,true
bogie,true,false,true,rare,true
bogle,true,false,true,rare,true
bogue,true,false,true,rare,true
bogus,true,false,true,rare,true
bohea,true,false,true,rare,true
bohos,true,false,true,rare,true
boils,true,false,true,rare,true
boing,true,false,true,rare,true
boink,true,false,true,rare,true
boite,true,false,true,rare,true
boked,true,false,true,rare,true
bokeh,true,false,true,rare,true
bokes,true,false,true,rare,true
bokos,true,false,true,rare,true
bolar,true,false,true,rare,true
bolas,true,false,true,rare,true
bolds,true,false,true,rare,true
boles,true,false,true,rare,true
bolix,true,false,true,rare,true
bolls,true,false,true,rare,true
bolos,true,false,true,rare,true
bolts,true,false,true,rare,true
bolus,true,false,true,rare,true
bomas,true,false,true,rare,true
bombe,true,false,true,rare,true
bombo,true,false,true,rare,true
bombs,true,false,true,rare,true
bonce,true,false,true,rare,true
bonds,true,false,true,rare,true
boned,true,false,true,rare,true
boner,true,false,true,rare,true
bones,true,false,true,rare,true
boney,true,true,true,common,true
bongo,true,true,true,common,true
bongs,true,false,true,rare,true
bonie,true,false,true,rare,true
bonks,true,false,true,rare,true
bonne,true,false,true,rare,true
bonny,true,false,true,rare,true
bonus,true,true,true,common,true
bonza,true,false,true,rare,true
bonze,true,false,true,rare,true
booai,true,false,true,rare,true
booay,true,false,true,rare,true
boobs,true,false,true,rare,true
booby,true,true,true,common,true
boody,true,false,true,rare,true
booed,true,false,true,rare,true
boofy,true,false,true,rare,true
boogy,true,false,true,rare,true
boohs,true,false,true,rare,true
books,true,false,true,rare,true
booky,true,false,true,rare,true
bools,true,false,true,rare,true
booms,true,false,true,rare,true
boomy,true,false,true,rare,true
boong,true,false,true,rare,true
boons,true,false,true,rare,true
boord,true,false,true,rare,true
boors,true,false,true,rare,true
boose,true,false,true,rare,true
boost,true,true,true,common,true
booth,true,true,true,common,true
boots,true,false,true,rare,true
booty,true,true,true,common,true
booze,true,true,true,common,true
boozy,true,true,true,common,true
boppy,true,false,true,rare,true
borak,true,false,true,rare,true
boral,true,false,true,rare,true
boras,true,false,true,rare,true
borax,true,true,true,common,true
borde,true,false,true,rare,true
bords,true,false,true,rare,true
bored,true,false,true,rare,true
boree,true,false,true,rare,true
borel,true,false,true,rare,true
borer,true,false,true,rare,true
bores,true,false,true,rare,true
borgo,true,false,true,rare,true
boric,true,false,true,rare,true
borks,true,false,true,rare,true
borms,true,false,true,rare,true
borna,true,false,true,rare,true
borne,true,true,true,common,true
boron,true,false,true,rare,true
borts,true,false,true,rare,true
borty,true,false,true,rare,true
bortz,true,false,true,rare,true
bosie,true,false,true,rare,true
bosks,true,false,true,rare,true
bosky,true,false,true,rare,true
bosom,true,true,true,common,true
boson,true,false,true,rare,true
bossy,true,true,true,common,true
bosun,true,false,true,rare,true
botas,true,false,true,rare,true
botch,true,true,true,common,true
botel,true,false,true,rare,true
botes,true,false,true,rare,true
bothy,true,false,true,rare,true
botte,true,false,true,rare,true
botts,true,false,true,rare,true
botty,true,false,true,rare,true
bouge,true,false,true,rare,true
bough,true,true,true,common,true
bouks,true,false,true,rare,true
boule,true,true,true,common,true
boult,true,false,true,rare,true
bound,true,true,true,common,true
bouns,true,false,true,rare,true
bourd,true,false,true,rare,true
bourg,true,false,true,rare,true
bourn,true,false,true,rare,true
bouse,true,false,true,rare,true
bousy,true,false,true,rare,true
bouts,true,false,true,rare,true
bovid,true,false,true,rare,true
bowat,true,false,true,rare,true
bowed,true,false,true,rare,true
bowel,true,true,true,common,true
bower,true,false,true,rare,true
bowes,true,false,true,rare,true
bowet,true,false,true,rare,true
bowie,true,false,true,rare,true
bowls,true,false,true,rare,true
bowne,true,false,true,rare,true
bowrs,true,false,true,rare,true
bowse,true,false,true,rare,true
boxed,true,false,true,rare,true
boxen,true,false,true,rare,true
boxer,true,true,true,common,true
boxes,true,false,true,rare,true
boxla,true,false,true,rare,true
boxty,true,false,true,rare,true
boyar,true,false,true,rare,true
boyau,true,false,true,rare,true
boyed,true,false,true,rare,true
boyfs,true,false,true,rare,true
boygs,true,false,true,rare,true
boyla,true,false,true,rare,true
boyos,true,false,true,rare,true
boysy,true,false,true,rare,true
bozos,true,false,true,rare,true
braai,true,false,true,rare,true
brace,true,true,true,common,true
brach,true,false,true,rare,true
brack,true,false,true,rare,true
bract,true,false,true,rare,true
brads,true,false,true,rare,true
braes,true,false,true,rare,true
brags,true,false,true,rare,true
braid,true,true,true,common,true
brail,true,false,true,rare,true
brain,true,true,true,common,true
brake,true,true,true,common,true
braks,true,false,true,rare,true
braky,true,false,true,rare,true
brame,true,false,true,rare,true
brand,true,true,true,common,true
brane,true,false,true,rare,true
brank,true,false,true,rare,true
brans,true,false,true,rare,true
brant,true,false,true,rare,true
brash,true,true,true,common,true
brass,true,true,true,common,true
brast,true,false,true,rare,true
brats,true,false,true,rare,true
brava,true,false,true,rare,true
brave,true,true,true,common,true
bravi,true,false,true,rare,true
bravo,true,true,true,common,true
brawl,true,true,true,common,true
brawn,true,true,true,common,true
braws,true,false,true,rare,true
braxy,true,false,true,rare,true
brays,true,false,true,rare,true
braza,true,false,true,rare,true
braze,true,false,true,rare,true
bread,true,true,true,common,true
break,true,true,true,common,true
bream,true,false,true,rare,true
brede,true,false,true,rare,true
breds,true,false,true,rare,true
breed,true,true,true,common,true
breem,true,false,true,rare,true
breer,true,false,true,rare,true
brees,true,false,true,rare,true
breid,true,false,true,rare,true
breis,true,false,true,rare,true
breme,true,false,true,rare,true
brens,true,false,true,rare,true
brent,true,false,true,rare,true
brere,true,false,true,rare,true
brers,true,false,true,rare,true
breve,true,false,true,rare,true
brews,true,false,true,rare,true
breys,true,false,true,rare,true
briar,true,true,true,common,true
bribe,true,true,true,common,true
brick,true,true,true,common,true
bride,true,true,true,common,true
brief,true,true,true,common,true
brier,true,false,true,rare,true
bries,true,false,true,rare,true
brigs,true,false,true,rare,true
briki,true,false,true,rare,true
briks,true,false,true,rare,true
brill,true,false,true,rare,true
brims,true,false,true,rare,true
brine,true,true,true,common,true
bring,true,true,true,common,true
brink,true,true,true,common,true
brins,true,false,true,rare,true
briny,true,true,true,common,true
brios,true,false,true,rare,true
brise,true,false,true,rare,true
brisk,true,true,true,common,true
briss,true,false,true,rare,true
brith,true,false,true,rare,true
brits,true,false,true,rare,true
britt,true,false,true,rare,true
brize,true,false,true,rare,true
broad,true,true,true,common,true
broch,true,false,true,rare,true
brock,true,false,true,rare,true
brods,true,false,true,rare,true
brogh,true,false,true,rare,true
brogs,true,false,true,rare,true
broil,true,true,true,common,true
broke,true,true,true,common,true
brome,true,false,true,rare,true
bromo,true,false,true,rare,true
bronc,true,false,true,rare,true
brond,true,false,true,rare,true
brood,true,true,true,common,true
brook,true,true,true,common,true
brool,true,false,true,rare,true
broom,true,true,true,common,true
broos,true,false,true,rare,true
brose,true,false,true,rare,true
brosy,true,false,true,rare,true
broth,true,true,true,common,true
brown,true,true,true,common,true
brows,true,false,true,rare,true
brugh,true,false,true,rare,true
bruin,true,false,true,rare,true
bruit,true,false,true,rare,true
brule,true,false,true,rare,true
brume,true,false,true,rare,true
brung,true,false,true,rare,true
brunt,true,true,true,common,true
brush,true,true,true,common,true
brusk,true,false,true,rare,true
brust,true,false,true,rare,true
brute,true,true,true,common,true
bruts,true,false,true,rare,true
buats,true,false,true,rare,true
buaze,true,false,true,rare,true
bubal,true,false,true,rare,true
bubas,true,false,true,rare,true
bubba,true,false,true,rare,true
bubbe,true,false,true,rare,true
bubby,true,false,true,rare,true
bubus,true,false,true,rare,true
buchu,true,false,true,rare,true
bucko,true,false,true,rare,true
bucks,true,false,true,rare,true
bucku,true,false,true,rare,true
budas,true,false,true,rare,true
buddy,true,true,true,common,true
budge,true,true,true,common,true
budis,true,false,true,rare,true
budos,true,false,true,rare,true
buffa,true,false,true,rare,true
buffe,true,false,true,rare,true
buffi,true,false,true,rare,true
buffo,true,false,true,rare,true
buffs,true,false,true,rare,true
buffy,true,false,true,rare,true
bufos,true,false,true,rare,true
bufty,true,false,true,rare,true
buggy,true,true,true,common,true
bugle,true,true,true,common,true
buhls,true,false,true,rare,true
buhrs,true,false,true,rare,true
buiks,true,false,true,rare,true
build,true,true,true,common,true
built,true,true,true,common,true
buist,true,false,true,rare,true
bukes,true,false,true,rare,true
bulbs,true,false,true,rare,true
bulge,true,true,true,common,true
bulgy,true,false,true,rare,true
bulks,true,false,true,rare,true
bulky,true,true,true,common,true
bulla,true,false,true,rare,true
bulls,true,false,true,rare,true
bully,true,true,true,common,true
bulse,true,false,true,rare,true
bumbo,true,false,true,rare,true
bumfs,true,false,true,rare,true
bumph,true,false,true,rare,true
bumps,true,false,true,rare,true
bumpy,true,false,true,rare,true
bunas,true,false,true,rare,true
bunce,true,false,true,rare,true
bunch,true,true,true,common,true
bunco,true,false,true,rare,true
bunde,true,false,true,rare,true
bundh,true,false,true,rare,true
bunds,true,false,true,rare,true
bundt,true,false,true,rare,true
bundu,true,false,true,rare,true
bundy,true,false,true,rare,true
bungs,true,false,true,rare,true
bungy,true,false,true,rare,true
bunia,true,false,true,rare,true
bunje,true,false,true,rare,true
bunjy,true,false,true,rare,true
bunko,true,false,true,rare,true
bunks,true,false,true,rare,true
bunns,true,false,true,rare,true
bunny,true,true,true,common,true
bunts,true,false,true,rare,true
bunty,true,false,true,rare,true
bunya,true,false,true,rare,true
buoys,true,false,true,rare,true
buppy,true,false,true,rare,true
buran,true,false,true,rare,true
buras,true,false,true,rare,true
burbs,true,false,true,rare,true
burds,true,false,true,rare,true
buret,true,false,true,rare,true
burfi,true,false,true,rare,true
burgh,true,false,true,rare,true
burgs,true,false,true,rare,true
burin,true,false,true,rare,true
burka,true,false,true,rare,true
burke,true,false,true,rare,true
burks,true,false,true,rare,true
burls,true,false,true,rare,true
burly,true,true,true,common,true
burns,true,false,true,rare,true
burnt,true,true,true,common,true
buroo,true,false,true,rare,true
burps,true,false,true,rare,true
burqa,true,false,true,rare,true
burro,true,false,true,rare,true
burrs,true,false,true,rare,true
burry,true,false,true,rare,true
bursa,true,false,true,rare,true
burse,true,false,true,rare,true
burst,true,true,true,common,true
busby,true,false,true,rare,true
bused,true,true,true,common,true
buses,true,false,true,rare,true
bushy,true,true,true,common,true
busks,true,false,true,rare,true
busky,true,false,true,rare,true
bussu,true,false,true,rare,true
busti,true,false,true,rare,true
busts,true,false,true,rare,true
busty,true,false,true,rare,true
butch,true,true,true,common,true
buteo,true,false,true,rare,true
butes,true,false,true,rare,true
butle,true,false,true,rare,true
butoh,true,false,true,rare,true
butte,true,true,true,common,true
butts,true,false,true,rare,true
butty,true,false,true,rare,true
butut,true,false,true,rare,true
butyl,true,false,true,rare,true
buxom,true,true,true,common,true
buyer,true,true,true,common,true
buzzy,true,false,true,rare,true
bwana,true,false,true,rare,true
bwazi,true,false,true,rare,true
byded,true,false,true,rare,true
bydes,true,false,true,rare,true
byked,true,false,true,rare,true
bykes,true,false,true,rare,true
bylaw,true,true,true,common,true
byres,true,false,true,rare,true
byrls,true,false,true,rare,true
byssi,true,false,true,rare,true
bytes,true,false,true,rare,true
byway,true,false,true,rare,true
caaed,true,false,true,rare,true
cabal,true,true,true,common,true
cabas,true,false,true,rare,true
cabby,true,true,true,common,true
caber,true,false,true,rare,true
cabin,true,true,true,common,true
cable,true,true,true,common,true
cabob,true,false,true,rare,true
caboc,true,false,true,rare,true
cabre,true,false,true,rare,true
cacao,true,true,true,common,true
cacas,true,false,true,rare,true
cache,true,true,true,common,true
cacks,true,false,true,rare,true
cacky,true,false,true,rare,true
cacti,true,true,true,common,true
caddy,true,true,true,common,true
cadee,true,false,true,rare,true
cades,true,false,true,rare,true
cadet,true,true,true,common,true
cadge,true,false,true,rare,true
cadgy,true,false,true,rare,true
cadie,true,false,true,rare,true
cadis,true,false,true,rare,true
cadre,true,false,true,rare,true
caeca,true,false,true,rare,true
caese,true,false,true,rare,true
cafes,true,false,true,rare,true
caffs,true,false,true,rare,true
caged,true,false,true,rare,true
cager,true,false,true,rare,true
cages,true,false,true,rare,true
cagey,true,true,true,common,true
cagot,true,false,true,rare,true
cahow,true,false,true,rare,true
caids,true,false,true,rare,true
cains,true,false,true,rare,true
caird,true,false,true,rare,true
cairn,true,true,true,common,true
cajon,true,false,true,rare,true
cajun,true,false,true,rare,true
caked,true,false,true,rare,true
cakes,true,false,true,rare,true
cakey,true,false,true,rare,true
calfs,true,false,true,rare,true
calid,true,false,true,rare,true
calif,true,false,true,rare,true
calix,true,false,true,rare,true
calks,true,false,true,rare,true
calla,true,false,true,rare,true
calls,true,false,true,rare,true
calms,true,false,true,rare,true
calmy,true,false,true,rare,true
calos,true,false,true,rare,true
calpa,true,false,true,rare,true
calps,true,false,true,rare,true
calve,true,false,true,rare,true
calyx,true,false,true,rare,true
caman,true,false,true,rare,true
camas,true,false,true,rare,true
camel,true,true,true,common,true
cameo,true,true,true,common,true
cames,true,false,true,rare,true
camis,true,false,true,rare,true
camos,true,false,true,rare,true
campi,true,false,true,rare,true
campo,true,false,true,rare,true
camps,true,false,true,rare,true
campy,true,false,true,rare,true
camus,true,false,true,rare,true
canal,true,true,true,common,true
candy,true,true,true,common,true
caned,true,false,true,rare,true
caneh,true,false,true,rare,true
caner,true,false,true,rare,true
canes,true,false,true,rare,true
cangs,true,false,true,rare,true
canid,true,false,true,rare,true
canna,true,false,true,rare,true
canns,true,false,true,rare,true
canny,true,true,true,common,true
canoe,true,true,true,common,true
canon,true,true,true,common,true
canso,true,false,true,rare,true
canst,true,false,true,rare,true
canto,true,false,true,rare,true
cants,true,false,true,rare,true
canty,true,false,true,rare,true
capas,true,false,true,rare,true
caped,true,false,true,rare,true
caper,true,true,true,common,true
capes,true,false,true,rare,true
capex,true,false,true,rare,true
caphs,true,false,true,rare,true
capiz,true,false,true,rare,true
caple,true,false,true,rare,true
capon,true,false,true,rare,true
capos,true,false,true,rare,true
capot,true,false,true,rare,true
capri,true,false,true,rare,true
capul,true,false,true,rare,true
caput,true,true,true,common,true
carap,true,false,true,rare,true
carat,true,true,true,common,true
carbo,true,false,true,rare,true
carbs,true,false,true,rare,true
carby,true,false,true,rare,true
cardi,true,false,true,rare,true
cards,true,false,true,rare,true
cardy,true,false,true,rare,true
cared,true,false,true,rare,true
carer,true,false,true,rare,true
cares,true,false,true,rare,true
caret,true,false,true,rare,true
carex,true,false,true,rare,true
cargo,true,true,true,common,true
carks,true,false,true,rare,true
carle,true,false,true,rare,true
carls,true,false,true,rare,true
carns,true,false,true,rare,true
carny,true,false,true,rare,true
carob,true,false,true,rare,true
carol,true,true,true,common,true
carom,true,false,true,rare,true
caron,true,false,true,rare,true
carpi,true,false,true,rare,true
carps,true,false,true,rare,true
carrs,true,false,true,rare,true
carry,true,true,true,common,true
carse,true,false,true,rare,true
carta,true,false,true,rare,true
carte,true,false,true,rare,true
carts,true,false,true,rare,true
carve,true,true,true,common,true
carvy,true,false,true,rare,true
casas,true,false,true,rare,true
casco,true,false,true,rare,true
cased,true,false,true,rare,true
cases,true,false,true,rare,true
casks,true,false,true,rare,true
casky,true,false,true,rare,true
caste,true,true,true,common,true
casts,true,false,true,rare,true
casus,true,false,true,rare,true
catch,true,true,true,common,true
cater,true,true,true,common,true
cates,true,false,true,rare,true
catty,true,true,true,common,true
cauda,true,false,true,rare,true
cauks,true,false,true,rare,true
cauld,true,false,true,rare,true
caulk,true,true,true,common,true
cauls,true,false,true,rare,true
caums,true,false,true,rare,true
caups,true,false,true,rare,true
cauri,true,false,true,rare,true
causa,true,false,true,rare,true
cause,true,true,true,common,true
cavas,true,false,true,rare,true
caved,true,false,true,rare,true
cavel,true,false,true,rare,true
caver,true,false,true,rare,true
caves,true,false,true,rare,true
cavie,true,false,true,rare,true
cavil,true,true,true,common,true
cawed,true,false,true,rare,true
cawks,true,false,true,rare,true
caxon,true,false,true,rare,true
cease,true,true,true,common,true
ceaze,true,false,true,rare,true
cebid,true,false,true,rare,true
cecal,true,false,true,rare,true
cecum,true,false,true,rare,true
cedar,true,true,true,common,true
ceded,true,false,true,rare,true
ceder,true,false,true,rare,true
cedes,true,false,true,rare,true
cedis,true,false,true,rare,true
ceiba,true,false,true,rare,true
ceili,true,false,true,rare,true
ceils,true,false,true,rare,true
celeb,true,false,true,rare,true
cella,true,false,true,rare,true
celli,true,false,true,rare,true
cello,true,true,true,common,true
cells,true,false,true,rare,true
celom,true,false,true,rare,true
celts,true,false,true,rare,true
cense,true,false,true,rare,true
cento,true,false,true,rare,true
cents,true,false,true,rare,true
centu,true,false,true,rare,true
ceorl,true,false,true,rare,true
cepes,true,false,true,rare,true
cerci,true,false,true,rare,true
cered,true,false,true,rare,true
ceres,true,false,true,rare,true
cerge,true,false,true,rare,true
ceria,true,false,true,rare,true
ceric,true,false,true,rare,true
cerne,true,false,true,rare,true
ceroc,true,false,true,rare,true
ceros,true,false,true,rare,true
certs,true,false,true,rare,true
certy,true,false,true,rare,true
cesse,true,false,true,rare,true
cesta,true,false,true,rare,true
cesti,true,false,true,rare,true
cetes,true,false,true,rare,true
cetyl,true,false,true,rare,true
cezve,true,false,true,rare,true
chace,true,false,true,rare,true
chack,true,false,true,rare,true
chaco,true,false,true,rare,true
chado,true,false,true,rare,true
chads,true,false,true,rare,true
chafe,true,true,true,common,true
chaff,true,true,true,common,true
chaft,true,false,true,rare,true
chain,true,true,true,common,true
chair,true,true,true,common,true
chais,true,false,true,rare,true
chalk,true,true,true,common,true
chals,true,false,true,rare,true
champ,true,true,true,common,true
chams,true,false,true,rare,true
chana,true,false,true,rare,true
chang,true,false,true,rare,true
chank,true,false,true,rare,true
chant,true,true,true,common,true
chaos,true,true,true,common,true
chape,true,false,true,rare,true
chaps,true,false,true,rare,true
chapt,true,false,true,rare,true
chara,true,false,true,rare,true
chard,true,true,true,common,true
chare,true,false,true,rare,true
chark,true,false,true,rare,true
charm,true,true,true,common,true
charr,true,false,true,rare,true
chars,true,false,true,rare,true
chart,true,true,true,common,true
chary,true,false,true,rare,true
chase,true,true,true,common,true
chasm,true,true,true,common,true
chats,true,false,true,rare,true
chave,true,false,true,rare,true
chavs,true,false,true,rare,true
chawk,true,false,true,rare,true
chaws,true,false,true,rare,true
chaya,true,false,true,rare,true
chays,true,false,true,rare,true
cheap,true,true,true,common,true
cheat,true,true,true,common,true
check,true,true,true,common,true
cheek,true,true,true,common,true
cheep,true,false,true,rare,true
cheer,true,true,true,common,true
chefs,true,false,true,rare,true
cheka,true,false,true,rare,true
chela,true,false,true,rare,true
chelp,true,false,true,rare,true
chemo,true,false,true,rare,true
chems,true,false,true,rare,true
chere,true,false,true,rare,true
chert,true,false,true,rare,true
chess,true,true,true,common,true
chest,true,true,true,common,true
cheth,true,false,true,rare,true
chevy,true,false,true,rare,true
chews,true,false,true,rare,true
chewy,true,false,true,rare,true
chiao,true,false,true,rare,true
chias,true,false,true,rare,true
chibs,true,false,true,rare,true
chica,true,false,true,rare,true
chich,true,false,true,rare,true
chick,true,true,true,common,true
chico,true,false,true,rare,true
chics,true,false,true,rare,true
chide,true,true,true,common,true
chief,true,true,true,common,true
chiel,true,false,true,rare,true
chiks,true,false,true,rare,true
child,true,true,true,common,true
chile,true,false,true,rare,true
chili,true,true,true,common,true
chill,true,true,true,common,true
chimb,true,false,true,rare,true
chime,true,true,true,common,true
chimo,true,false,true,rare,true
chimp,true,false,true,rare,true
china,true,true,true,common,true
chine,true,false,true,rare,true
ching,true,false,true,rare,true
chink,true,false,true,rare,true
chino,true,false,true,rare,true
chins,true,false,true,rare,true
chips,true,false,true,rare,true
chirk,true,false,true,rare,true
chirl,true,false,true,rare,true
chirm,true,false,true,rare,true
chiro,true,false,true,rare,true
chirp,true,true,true,common,true
chirr,true,false,true,rare,true
chirt,true,false,true,rare,true
chiru,true,false,true,rare,true
chits,true,false,true,rare,true
chive,true,false,true,rare,true
chivs,true,false,true,rare,true
chivy,true,false,true,rare,true
chizz,true,false,true,rare,true
chock,true,true,true,common,true
choco,true,false,true,rare,true
chocs,true,false,true,rare,true
chode,true,false,true,rare,true
chogs,true,false,true,rare,true
choil,true,false,true,rare,true
choir,true,true,true,common,true
choke,true,true,true,common,true
choko,true,false,true,rare,true
choky,true,false,true,rare,true
chola,true,false,true,rare,true
choli,true,false,true,rare,true
cholo,true,false,true,rare,true
chomp,true,false,true,rare,true
chons,true,false,true,rare,true
choof,true,false,true,rare,true
chook,true,false,true,rare,true
choom,true,false,true,rare,true
choon,true,false,true,rare,true
chops,true,false,true,rare,true
chord,true,true,true,common,true
chore,true,true,true,common,true
chose,true,true,true,common,true
chota,true,false,true,rare,true
chott,true,false,true,rare,true
chout,true,false,true,rare,true
choux,true,false,true,rare,true
chowk,true,false,true,rare,true
chows,true,false,true,rare,true
chubs,true,false,true,rare,true
chuck,true,true,true,common,true
chufa,true,false,true,rare,true
chuff,true,false,true,rare,true
chugs,true,false,true,rare,true
chump,true,true,true,common,true
chums,true,false,true,rare,true
chunk,true,true,true,common,true
churl,true,false,true,rare,true
churn,true,true,true,common,true
churr,true,false,true,rare,true
chuse,true,false,true,rare,true
chute,true,true,true,common,true
chuts,true,false,true,rare,true
chyle,true,false,true,rare,true
chyme,true,false,true,rare,true
chynd,true,false,true,rare,true
cibol,true,false,true,rare,true
cided,true,false,true,rare,true
cider,true,true,true,common,true
cides,true,false,true,rare,true
ciels,true,false,true,rare,true
cigar,true,true,true,common,true
ciggy,true,false,true,rare,true
cilia,true,false,true,rare,true
cills,true,false,true,rare,true
cimar,true,false,true,rare,true
cimex,true,false,true,rare,true
cinch,true,true,true,common,true
cinct,true,false,true,rare,true
cines,true,false,true,rare,true
cinqs,true,false,true,rare,true
cions,true,false,true,rare,true
cippi,true,false,true,rare,true
circa,true,true,true,common,true
circs,true,false,true,rare,true
cires,true,false,true,rare,true
cirls,true,false,true,rare,true
cirri,true,false,true,rare,true
cisco,true,false,true,rare,true
cissy,true,false,true,rare,true
cists,true,false,true,rare,true
cital,true,false,true,rare,true
cited,true,false,true,rare,true
citer,true,false,true,rare,true
cites,true,false,true,rare,true
cives,true,false,true,rare,true
civet,true,false,true,rare,true
civic,true,true,true,common,true
civie,true,false,true,rare,true
civil,true,true,true,common,true
civvy,true,false,true,rare,true
clach,true,false,true,rare,true
clack,true,true,true,common,true
clade,true,false,true,rare,true
clads,true,false,true,rare,true
claes,true,false,true,rare,true
clags,true,false,true,rare,true
claim,true,true,true,common,true
clame,true,false,true,rare,true
clamp,true,true,true,common,true
clams,true,false,true,rare,true
clang,true,true,true,common,true
clank,true,true,true,common,true
clans,true,false,true,rare,true
claps,true,false,true,rare,true
clapt,true,false,true,rare,true
claro,true,false,true,rare,true
clart,true,false,true,rare,true
clary,true,false,true,rare,true
clash,true,true,true,common,true
clasp,true,true,true,common,true
class,true,true,true,common,true
clast,true,false,true,rare,true
clats,true,false,true,rare,true
claut,true,false,true,rare,true
clave,true,false,true,rare,true
clavi,true,false,true,rare,true
claws,true,false,true,rare,true
clays,true,false,true,rare,true
clean,true,true,true,common,true
clear,true,true,true,common,true
cleat,true,true,true,common,true
cleck,true,false,true,rare,true
cleek,true,false,true,rare,true
cleep,true,false,true,rare,true
clefs,true,false,true,rare,true
cleft,true,true,true,common,true
clegs,true,false,true,rare,true
cleik,true,false,true,rare,true
clems,true,false,true,rare,true
clepe,true,false,true,rare,true
clept,true,false,true,rare,true
clerk,true,true,true,common,true
cleve,true,false,true,rare,true
clews,true,false,true,rare,true
click,true,true,true,common,true
clied,true,false,true,rare,true
clies,true,false,true,rare,true
cliff,true,true,true,common,true
clift,true,false,true,rare,true
climb,true,true,true,common,true
clime,true,false,true,rare,true
cline,true,false,true,rare,true
cling,true,true,true,common,true
clink,true,true,true,common,true
clint,true,false,true,rare,true
clipe,true,false,true,rare,true
clips,true,false,true,rare,true
clipt,true,false,true,rare,true
clits,true,false,true,rare,true
cloak,true,true,true,common,true
cloam,true,false,true,rare,true
clock,true,true,true,common,true
clods,true,false,true,rare,true
cloff,true,false,true,rare,true
clogs,true,false,true,rare,true
cloke,true,false,true,rare,true
clomb,true,false,true,rare,true
clomp,true,false,true,rare,true
clone,true,true,true,common,true
clonk,true,false,true,rare,true
clons,true,false,true,rare,true
cloop,true,false,true,rare,true
cloot,true,false,true,rare,true
clops,true,false,true,rare,true
close,true,true,true,common,true
clote,true,false,true,rare,true
cloth,true,true,true,common,true
clots,true,false,true,rare,true
cloud,true,true,true,common,true
clour,true,false,true,rare,true
clous,true,false,true,rare,true
clout,true,true,true,common,true
clove,true,true,true,common,true
clown,true,true,true,common,true
clows,true,false,true,rare,true
cloye,true,false,true,rare,true
cloys,true,false,true,rare,true
cloze,true,false,true,rare,true
clubs,true,false,true,rare,true
cluck,true,true,true,common,true
clued,true,true,true,common,true
clues,true,false,true,rare,true
cluey,true,false,true,rare,true
clump,true,true,true,common,true
clung,true,true,true,common,true
clunk,true,false,true,rare,true
clype,true,false,true,rare,true
cnida,true,false,true,rare,true
coach,true,true,true,common,true
coact,true,false,true,rare,true
coady,true,false,true,rare,true
coala,true,false,true,rare,true
coals,true,false,true,rare,true
coaly,true,false,true,rare,true
coapt,true,false,true,rare,true
coarb,true,false,true,rare,true
coast,true,true,true,common,true
coate,true,false,true,rare,true
coati,true,false,true,rare,true
coats,true,false,true,rare,true
cobbs,true,false,true,rare,true
cobby,true,false,true,rare,true
cobia,true,false,true,rare,true
coble,true,false,true,rare,true
cobra,true,true,true,common,true
cobza,true,false,true,rare,true
cocas,true,false,true,rare,true
cocci,true,false,true,rare,true
cocco,true,false,true,rare,true
cocks,true,false,true,rare,true
cocky,true,false,true,rare,true
cocoa,true,true,true,common,true
cocos,true,false,true,rare,true
codas,true,false,true,rare,true
codec,true,false,true,rare,true
coded,true,false,true,rare,true
coden,true,false,true,rare,true
coder,true,false,true,rare,true
codes,true,false,true,rare,true
codex,true,false,true,rare,true
codon,true,false,true,rare,true
coeds,true,false,true,rare,true
coffs,true,false,true,rare,true
cogie,true,false,true,rare,true
cogon,true,false,true,rare,true
cogue,true,false,true,rare,true
cohab,true,false,true,rare,true
cohen,true,false,true,rare,true
cohoe,true,false,true,rare,true
cohog,true,false,true,rare,true
cohos,true,false,true,rare,true
coifs,true,false,true,rare,true
coign,true,false,true,rare,true
coils,true,false,true,rare,true
coins,true,false,true,rare,true
coirs,true,false,true,rare,true
coits,true,false,true,rare,true
coked,true,false,true,rare,true
cokes,true,false,true,rare,true
colas,true,false,true,rare,true
colby,true,false,true,rare,true
colds,true,false,true,rare,true
coled,true,false,true,rare,true
coles,true,false,true,rare,true
coley,true,false,true,rare,true
colic,true,false,true,rare,true
colin,true,false,true,rare,true
colls,true,false,true,rare,true
colly,true,false,true,rare,true
colog,true,false,true,rare,true
colon,true,true,true,common,true
color,true,true,true,common,true
colts,true,false,true,rare,true
colza,true,false,true,rare,true
comae,true,false,true,rare,true
comal,true,false,true,rare,true
comas,true,false,true,rare,true
combe,true,false,true,rare,true
combi,true,false,true,rare,true
combo,true,false,true,rare,true
combs,true,false,true,rare,true
comby,true,false,true,rare,true
comer,true,false,true,rare,true
comes,true,false,true,rare,true
comet,true,true,true,common,true
comfy,true,true,true,common,true
comic,true,true,true,common,true
comix,true,false,true,rare,true
comma,true,true,true,common,true
commo,true,false,true,rare,true
comms,true,false,true,rare,true
commy,true,false,true,rare,true
compo,true,false,true,rare,true
comps,true,false,true,rare,true
compt,true,false,true,rare,true
comte,true,false,true,rare,true
comus,true,false,true,rare,true
conch,true,true,true,common,true
condo,true,true,true,common,true
coned,true,false,true,rare,true
cones,true,false,true,rare,true
coney,true,false,true,rare,true
confs,true,false,true,rare,true
conga,true,false,true,rare,true
conge,true,false,true,rare,true
congo,true,false,true,rare,true
conia,true,false,true,rare,true
conic,true,true,true,common,true
conin,true,false,true,rare,true
conks,true,false,true,rare,true
conky,true,false,true,rare,true
conne,true,false,true,rare,true
conns,true,false,true,rare,true
conte,true,false,true,rare,true
conto,true,false,true,rare,true
conus,true,false,true,rare,true
convo,true,false,true,rare,true
cooch,true,false,true,rare,true
cooed,true,false,true,rare,true
cooee,true,false,true,rare,true
cooer,true,false,true,rare,true
cooey,true,false,true,rare,true
coofs,true,false,true,rare,true
cooks,true,false,true,rare,true
cooky,true,false,true,rare,true
cools,true,false,true,rare,true
cooly,true,false,true,rare,true
coomb,true,false,true,rare,true
cooms,true,false,true,rare,true
coomy,true,false,true,rare,true
coons,true,false,true,rare,true
coops,true,false,true,rare,true
coopt,true,false,true,rare,true
coost,true,false,true,rare,true
coots,true,false,true,rare,true
cooze,true,false,true,rare,true
copal,true,false,true,rare,true
copay,true,false,true,rare,true
coped,true,false,true,rare,true
copen,true,false,true,rare,true
coper,true,false,true,rare,true
copes,true,false,true,rare,true
coppy,true,false,true,rare,true
copra,true,false,true,rare,true
copse,true,true,true,common,true
copsy,true,false,true,rare,true
coqui,true,false,true,rare,true
coral,true,true,true,common,true
coram,true,false,true,rare,true
corbe,true,false,true,rare,true
corby,true,false,true,rare,true
cords,true,false,true,rare,true
cored,true,false,true,rare,true
corer,true,true,true,common,true
cores,true,false,true,rare,true
corey,true,false,true,rare,true
corgi,true,false,true,rare,true
coria,true,false,true,rare,true
corks,true,false,true,rare,true
corky,true,false,true,rare,true
corms,true,false,true,rare,true
corni,true,false,true,rare,true
corno,true,false,true,rare,true
corns,true,false,true,rare,true
cornu,true,false,true,rare,true
corny,true,true,true,common,true
corps,true,false,true,rare,true
corse,true,false,true,rare,true
corso,true,false,true,rare,true
cosec,true,false,true,rare,true
cosed,true,false,true,rare,true
coses,true,false,true,rare,true
coset,true,false,true,rare,true
cosey,true,false,true,rare,true
cosie,true,false,true,rare,true
costa,true,false,true,rare,true
coste,true,false,true,rare,true
costs,true,false,true,rare,true
cotan,true,false,true,rare,true
coted,true,false,true,rare,true
cotes,true,false,true,rare,true
coths,true,false,true,rare,true
cotta,true,false,true,rare,true
cotts,true,false,true,rare,true
couch,true,true,true,common,true
coude,true,false,true,rare,true
cough,true,true,true,common,true
could,true,true,true,common,true
count,true,true,true,common,true
coupe,true,true,true,common,true
coups,true,false,true,rare,true
courb,true,false,true,rare,true
courd,true,false,true,rare,true
coure,true,false,true,rare,true
cours,true,false,true,rare,true
court,true,true,true,common,true
couta,true,false,true,rare,true
couth,true,false,true,rare,true
coved,true,false,true,rare,true
coven,true,true,true,common,true
cover,true,true,true,common,true
coves,true,false,true,rare,true
covet,true,true,true,common,true
covey,true,true,true,common,true
covin,true,false,true,rare,true
cowal,true,false,true,rare,true
cowan,true,false,true,rare,true
cowed,true,false,true,rare,true
cower,true,true,true,common,true
cowks,true,false,true,rare,true
cowls,true,false,true,rare,true
cowps,true,false,true,rare,true
cowry,true,false,true,rare,true
coxae,true,false,true,rare,true
coxal,true,false,true,rare,true
coxed,true,false,true,rare,true
coxes,true,false,true,rare,true
coxib,true,false,true,rare,true
coyau,true,false,true,rare,true
coyed,true,false,true,rare,true
coyer,true,false,true,rare,true
coyly,true,true,true,common,true
coypu,true,false,true,rare,true
cozed,true,false,true,rare,true
cozen,true,false,true,rare,true
cozes,true,false,true,rare,true
cozey,true,false,true,rare,true
cozie,true,false,true,rare,true
craal,true,false,true,rare,true
crabs,true,false,true,rare,true
crack,true,true,true,common,true
craft,true,true,true,common,true
crags,true,false,true,rare,true
craic,true,false,true,rare,true
craig,true,false,true,rare,true
crake,true,false,true,rare,true
crame,true,false,true,rare,true
cramp,true,true,true,common,true
crams,true,false,true,rare,true
crane,true,true,true,common,true
crank,true,true,true,common,true
crans,true,false,true,rare,true
crape,true,false,true,rare,true
craps,true,false,true,rare,true
crapy,true,false,true,rare,true
crare,true,false,true,rare,true
crash,true,true,true,common,true
crass,true,true,true,common,true
crate,true,true,true,common,true
crave,true,true,true,common,true
crawl,true,true,true,common,true
craws,true,false,true,rare,true
crays,true,false,true,rare,true
craze,true,true,true,common,true
crazy,true,true,true,common,true
creak,true,true,true,common,true
cream,true,true,true,common,true
credo,true,true,true,common,true
creds,true,false,true,rare,true
creed,true,true,true,common,true
creek,true,true,true,common,true
creel,true,false,true,rare,true
creep,true,true,true,common,true
crees,true,false,true,rare,true
creme,true,true,true,common,true
crems,true,false,true,rare,true
crena,true,false,true,rare,true
crepe,true,true,true,common,true
creps,true,false,true,rare,true
crept,true,true,true,common,true
crepy,true,false,true,rare,true
cress,true,true,true,common,true
crest,true,true,true,common,true
crewe,true,false,true,rare,true
crews,true,false,true,rare,true
crias,true,false,true,rare,true
cribs,true,false,true,rare,true
crick,true,true,true,common,true
cried,true,true,true,common,true
crier,true,true,true,common,true
cries,true,false,true,rare,true
crime,true,true,true,common,true
crimp,true,true,true,common,true
crims,true,false,true,rare,true
crine,true,false,true,rare,true
crios,true,false,true,rare,true
cripe,true,false,true,rare,true
crips,true,false,true,rare,true
crise,true,false,true,rare,true
crisp,true,true,true,common,true
crith,true,false,true,rare,true
crits,true,false,true,rare,true
croak,true,true,true,common,true
croci,true,false,true,rare,true
crock,true,true,true,common,true
crocs,true,false,true,rare,true
croft,true,false,true,rare,true
crogs,true,false,true,rare,true
cromb,true,false,true,rare,true
crome,true,false,true,rare,true
crone,true,true,true,common,true
cronk,true,false,true,rare,true
crons,true,false,true,rare,true
crony,true,true,true,common,true
crook,true,true,true,common,true
crool,true,false,true,rare,true
croon,true,false,true,rare,true
crops,true,false,true,rare,true
crore,true,false,true,rare,true
cross,true,true,true,common,true
crost,true,false,true,rare,true
croup,true,true,true,common,true
crout,true,false,true,rare,true
crowd,true,true,true,common,true
crown,true,true,true,common,true
crows,true,false,true,rare,true
croze,true,false,true,rare,true
cruck,true,false,true,rare,true
crude,true,true,true,common,true
crudo,true,false,true,rare,true
cruds,true,false,true,rare,true
crudy,true,false,true,rare,true
cruel,true,true,true,common,true
crues,true,false,true,rare,true
cruet,true,false,true,rare,true
cruft,true,false,true,rare,true
crumb,true,true,true,common,true
crump,true,true,true,common,true
crunk,true,false,true,rare,true
cruor,true,false,true,rare,true
crura,true,false,true,rare,true
cruse,true,false,true,rare,true
crush,true,true,true,common,true
crust,true,true,true,common,true
crusy,true,false,true,rare,true
cruve,true,false,true,rare,true
crwth,true,false,true,rare,true
cryer,true,false,true,rare,true
crypt,true,true,true,common,true
ctene,true,false,true,rare,true
cubby,true,false,true,rare,true
cubeb,true,false,true,rare,true
cubed,true,false,true,rare,true
cuber,true,false,true,rare,true
cubes,true,false,true,rare,true
cubic,true,true,true,common,true
cubit,true,false,true,rare,true
cuddy,true,false,true,rare,true
cuffo,true,false,true,rare,true
cuffs,true,false,true,rare,true
cuifs,true,false,true,rare,true
cuing,true,false,true,rare,true
cuish,true,false,true,rare,true
cuits,true,false,true,rare,true
cukes,true,false,true,rare,true
culch,true,false,true,rare,true
culet,true,false,true,rare,true
culex,true,false,true,rare,true
culls,true,false,true,rare,true
cully,true,false,true,rare,true
culms,true,false,true,rare,true
culpa,true,false,true,rare,true
culti,true,false,true,rare,true
cults,true,false,true,rare,true
culty,true,false,true,rare,true
cumec,true,false,true,rare,true
cumin,true,true,true,common,true
cundy,true,false,true,rare,true
cunei,true,false,true,rare,true
cunit,true,false,true,rare,true
cunts,true,false,true,rare,true
cupel,true,false,true,rare,true
cupid,true,false,true,rare,true
cuppa,true,false,true,rare,true
cuppy,true,false,true,rare,true
curat,true,false,true,rare,true
curbs,true,false,true,rare,true
curch,true,false,true,rare,true
curds,true,false,true,rare,true
curdy,true,false,true,rare,true
cured,true,false,true,rare,true
curer,true,false,true,rare,true
cures,true,false,true,rare,true
curet,true,false,true,rare,true
curfs,true,false,true,rare,true
curia,true,false,true,rare,true
curie,true,false,true,rare,true
curio,true,true,true,common,true
curli,true,false,true,rare,true
curls,true,false,true,rare,true
curly,true,true,true,common,true
curns,true,false,true,rare,true
curny,true,false,true,rare,true
currs,true,false,true,rare,true
curry,true,true,true,common,true
curse,true,true,true,common,true
cursi,true,false,true,rare,true
curst,true,false,true,rare,true
curve,true,true,true,common,true
curvy,true,true,true,common,true
cusec,true,false,true,rare,true
cushy,true,false,true,rare,true
cusks,true,false,true,rare,true
cusps,true,false,true,rare,true
cuspy,true,false,true,rare,true
cusso,true,false,true,rare,true
cusum,true,false,true,rare,true
cutch,true,false,true,rare,true
cuter,true,false,true,rare,true
cutes,true,false,true,rare,true
cutey,true,false,true,rare,true
cutie,true,true,true,common,true
cutin,true,false,true,rare,true
cutis,true,false,true,rare,true
cutto,true,false,true,rare,true
cutty,true,false,true,rare,true
cutup,true,false,true,rare,true
cuvee,true,false,true,rare,true
cuzes,true,false,true,rare,true
cwtch,true,false,true,rare,true
cyano,true,false,true,rare,true
cyans,true,false,true,rare,true
cyber,true,true,true,common,true
cycad,true,false,true,rare,true
cycas,true,false,true,rare,true
cycle,true,true,true,common,true
cyclo,true,false,true,rare,true
cyder,true,false,true,rare,true
cylix,true,false,true,rare,true
cymae,true,false,true,rare,true
cymar,true,false,true,rare,true
cymas,true,false,true,rare,true
cymes,true,false,true,rare,true
cymol,true,false,true,rare,true
cynic,true,true,true,common,true
cysts,true,false,true,rare,true
cytes,true,false,true,rare,true
cyton,true,false,true,rare,true
czars,true,false,true,rare,true
daals,true,false,true,rare,true
dabba,true,false,true,rare,true
daces,true,false,true,rare,true
dacha,true,false,true,rare,true
dacks,true,false,true,rare,true
dadah,true,false,true,rare,true
dadas,true,false,true,rare,true
daddy,true,true,true,common,true
dados,true,false,true,rare,true
daffs,true,false,true,rare,true
daffy,true,false,true,rare,true
dagga,true,false,true,rare,true
daggy,true,false,true,rare,true
dagos,true,false,true,rare,true
dahls,true,false,true,rare,true
daiko,true,false,true,rare,true
daily,true,true,true,common,true
daine,true,false,true,rare,true
daint,true,false,true,rare,true
dairy,true,true,true,common,true
daisy,true,true,true,common,true
daker,true,false,true,rare,true
daled,true,false,true,rare,true
dales,true,false,true,rare,true
dalis,true,false,true,rare,true
dalle,true,false,true,rare,true
dally,true,true,true,common,true
dalts,true,false,true,rare,true
daman,true,false,true,rare,true
damar,true,false,true,rare,true
dames,true,false,true,rare,true
damme,true,false,true,rare,true
damns,true,false,true,rare,true
damps,true,false,true,rare,true
dampy,true,false,true,rare,true
dance,true,true,true,common,true
dancy,true,false,true,rare,true
dandy,true,true,true,common,true
dangs,true,false,true,rare,true
danio,true,false,true,rare,true
danks,true,false,true,rare,true
danny,true,false,true,rare,true
dants,true,false,true,rare,true
daraf,true,false,true,rare,true
darbs,true,false,true,rare,true
darcy,true,false,true,rare,true
dared,true,false,true,rare,true
darer,true,false,true,rare,true
dares,true,false,true,rare,true
darga,true,false,true,rare,true
dargs,true,false,true,rare,true
daric,true,false,true,rare,true
daris,true,false,true,rare,true
darks,true,false,true,rare,true
darky,true,false,true,rare,true
darns,true,false,true,rare,true
darre,true,false,true,rare,true
darts,true,false,true,rare,true
darzi,true,false,true,rare,true
dashi,true,false,true,rare,true
dashy,true,false,true,rare,true
datal,true,false,true,rare,true
dated,true,false,true,rare,true
dater,true,false,true,rare,true
dates,true,false,true,rare,true
datos,true,false,true,rare,true
datto,true,false,true,rare,true
datum,true,true,true,common,true
daube,true,false,true,rare,true
daubs,true,false,true,rare,true
dauby,true,false,true,rare,true
dauds,true,false,true,rare,true
dault,true,false,true,rare,true
daunt,true,true,true,common,true
daurs,true,false,true,rare,true
dauts,true,false,true,rare,true
daven,true,false,true,rare,true
davit,true,false,true,rare,true
dawah,true,false,true,rare,true
dawds,true,false,true,rare,true
dawed,true,false,true,rare,true
dawen,true,false,true,rare,true
dawks,true,false,true,rare,true
dawns,true,false,true,rare,true
dawts,true,false,true,rare,true
dayan,true,false,true,rare,true
daych,true,false,true,rare,true
daynt,true,false,true,rare,true
dazed,true,false,true,rare,true
dazer,true,false,true,rare,true
dazes,true,false,true,rare,true
deads,true,false,true,rare,true
deair,true,false,true,rare,true
deals,true,false,true,rare,true
dealt,true,true,true,common,true
deans,true,false,true,rare,true
deare,true,false,true,rare,true
dearn,true,false,true,rare,true
dears,true,false,true,rare,true
deary,true,false,true,rare,true
deash,true,false,true,rare,true
death,true,true,true,common,true
deave,true,false,true,rare,true
deaws,true,false,true,rare,true
deawy,true,false,true,rare,true
debag,true,false,true,rare,true
debar,true,true,true,common,true
debby,true,false,true,rare,true
debel,true,false,true,rare,true
debes,true,false,true,rare,true
debit,true,true,true,common,true
debts,true,false,true,rare,true
debud,true,false,true,rare,true
debug,true,true,true,common,true
debur,true,false,true,rare,true
debus,true,false,true,rare,true
debut,true,true,true,common,true
debye,true,false,true,rare,true
decad,true,false,true,rare,true
decaf,true,false,true,rare,true
decal,true,true,true,common,true
decan,true,false,true,rare,true
decay,true,true,true,common,true
decko,true,false,true,rare,true
decks,true,false,true,rare,true
decor,true,true,true,common,true
decos,true,false,true,rare,true
decoy,true,true,true,common,true
decry,true,true,true,common,true
dedal,true,false,true,rare,true
deeds,true,false,true,rare,true
deedy,true,false,true,rare,true
deely,true,false,true,rare,true
deems,true,false,true,rare,true
deens,true,false,true,rare,true
deeps,true,false,true,rare,true
deere,true,false,true,rare,true
deers,true,false,true,rare,true
deets,true,false,true,rare,true
deeve,true,false,true,rare,true
deevs,true,false,true,rare,true
defat,true,false,true,rare,true
defer,true,true,true,common,true
deffo,true,false,true,rare,true
defis,true,false,true,rare,true
defog,true,false,true,rare,true
degas,true,false,true,rare,true
degum,true,false,true,rare,true
degus,true,false,true,rare,true
deice,true,false,true,rare,true
deids,true,false,true,rare,true
deify,true,false,true,rare,true
deign,true,true,true,common,true
deils,true,false,true,rare,true
deism,true,false,true,rare,true
deist,true,false,true,rare,true
deity,true,true,true,common,true
deked,true,false,true,rare,true
dekes,true,false,true,rare,true
dekko,true,false,true,rare,true
delay,true,true,true,common,true
deled,true,false,true,rare,true
deles,true,false,true,rare,true
delfs,true,false,true,rare,true
delft,true,false,true,rare,true
delis,true,false,true,rare,true
dells,true,false,true,rare,true
delly,true,false,true,rare,true
delos,true,false,true,rare,true
delph,true,false,true,rare,true
delta,true,true,true,common,true
delts,true,false,true,rare,true
delve,true,true,true,common,true
deman,true,false,true,rare,true
demes,true,false,true,rare,true
demic,true,false,true,rare,true
demit,true,false,true,rare,true
demob,true,false,true,rare,true
demoi,true,false,true,rare,true
demon,true,true,true,common,true
demos,true,false,true,rare,true
dempt,true,false,true,rare,true
demur,true,true,true,common,true
denar,true,false,true,rare,true
denay,true,false,true,rare,true
dench,true,false,true,rare,true
denes,true,false,true,rare,true
denet,true,false,true,rare,true
denim,true,true,true,common,true
denis,true,false,true,rare,true
dense,true,true,true,common,true
dents,true,false,true,rare,true
deoxy,true,false,true,rare,true
depot,true,true,true,common,true
depth,true,true,true,common,true
derat,true,false,true,rare,true
deray,true,false,true,rare,true
derby,true,true,true,common,true
dered,true,false,true,rare,true
deres,true,false,true,rare,true
derig,true,false,true,rare,true
derma,true,false,true,rare,true
derms,true,false,true,rare,true
derns,true,false,true,rare,true
derny,true,false,true,rare,true
deros,true,false,true,rare,true
derro,true,false,true,rare,true
derry,true,false,true,rare,true
derth,true,false,true,rare,true
dervs,true,false,true,rare,true
desex,true,false,true,rare,true
deshi,true,false,true,rare,true
desis,true,false,true,rare,true
desks,true,false,true,rare,true
desse,true,false,true,rare,true
deter,true,true,true,common,true
detox,true,true,true,common,true
deuce,true,true,true,common,true
devas,true,false,true,rare,true
devel,true,false,true,rare,true
devil,true,true,true,common,true
devis,true,false,true,rare,true
devon,true,false,true,rare,true
devos,true,false,true,rare,true
devot,true,false,true,rare,true
dewan,true,false,true,rare,true
dewar,true,false,true,rare,true
dewax,true,false,true,rare,true
dewed,true,false,true,rare,true
dexes,true,false,true,rare,true
dexie,true,false,true,rare,true
dhaba,true,false,true,rare,true
dhaks,true,false,true,rare,true
dhals,true,false,true,rare,true
dhikr,true,false,true,rare,true
dhobi,true,false,true,rare,true
dhole,true,false,true,rare,true
dholl,true,false,true,rare,true
dhols,true,false,true,rare,true
dhoti,true,false,true,rare,true
dhows,true,false,true,rare,true
dhuti,true,false,true,rare,true
diact,true,false,true,rare,true
dials,true,false,true,rare,true
diane,true,false,true,rare,true
diary,true,true,true,common,true
diazo,true,false,true,rare,true
dibbs,true,false,true,rare,true
diced,true,false,true,rare,true
dicer,true,false,true,rare,true
dices,true,false,true,rare,true
dicey,true,true,true,common,true
dicht,true,false,true,rare,true
dicks,true,false,true,rare,true
dicky,true,false,true,rare,true
dicot,true,false,true,rare,true
dicta,true,false,true,rare,true
dicts,true,false,true,rare,true
dicty,true,false,true,rare,true
diddy,true,false,true,rare,true
didie,true,false,true,rare,true
didos,true,false,true,rare,true
didst,true,false,true,rare,true
diebs,true,false,true,rare,true
diels,true,false,true,rare,true
diene,true,false,true,rare,true
diets,true,false,true,rare,true
diffs,true,false,true,rare,true
dight,true,false,true,rare,true
digit,true,true,true,common,true
dikas,true,false,true,rare,true
diked,true,false,true,rare,true
diker,true,false,true,rare,true
dikes,true,false,true,rare,true
dikey,true,false,true,rare,true
dildo,true,false,true,rare,true
dilli,true,false,true,rare,true
dills,true,false,true,rare,true
dilly,true,true,true,common,true
dimbo,true,false,true,rare,true
dimer,true,false,true,rare,true
dimes,true,false,true,rare,true
dimly,true,true,true,common,true
dimps,true,false,true,rare,true
dinar,true,false,true,rare,true
dined,true,false,true,rare,true
diner,true,true,true,common,true
dines,true,false,true,rare,true
dinge,true,false,true,rare,true
dingo,true,true,true,common,true
dings,true,false,true,rare,true
dingy,true,true,true,common,true
dinic,true,false,true,rare,true
dinks,true,false,true,rare,true
dinky,true,false,true,rare,true
dinna,true,false,true,rare,true
dinos,true,false,true,rare,true
dints,true,false,true,rare,true
diode,true,true,true,common,true
diols,true,false,true,rare,true
diota,true,false,true,rare,true
dippy,true,false,true,rare,true
dipso,true,false,true,rare,true
diram,true,false,true,rare,true
direr,true,false,true,rare,true
dirge,true,true,true,common,true
dirke,true,false,true,rare,true
dirks,true,false,true,rare,true
dirls,true,false,true,rare,true
dirts,true,false,true,rare,true
dirty,true,true,true,common,true
disas,true,false,true,rare,true
disci,true,false,true,rare,true
disco,true,true,true,common,true
discs,true,false,true,rare,true
dishy,true,false,true,rare,true
disks,true,false,true,rare,true
disme,true,false,true,rare,true
dital,true,false,true,rare,true
ditas,true,false,true,rare,true
ditch,true,true,true,common,true
dited,true,false,true,rare,true
dites,true,false,true,rare,true
ditsy,true,false,true,rare,true
ditto,true,true,true,common,true
ditts,true,false,true,rare,true
ditty,true,true,true,common,true
ditzy,true,false,true,rare,true
divan,true,false,true,rare,true
divas,true,false,true,rare,true
dived,true,false,true,rare,true
diver,true,true,true,common,true
dives,true,false,true,rare,true
divis,true,false,true,rare,true
divna,true,false,true,rare,true
divos,true,false,true,rare,true
divot,true,false,true,rare,true
divvy,true,false,true,rare,true
diwan,true,false,true,rare,true
dixie,true,false,true,rare,true
dixit,true,false,true,rare,true
diyas,true,false,true,rare,true
dizen,true,false,true,rare,true
dizzy,true,true,true,common,true
djinn,true,false,true,rare,true
djins,true,false,true,rare,true
doabs,true,false,true,rare,true
doats,true,false,true,rare,true
dobby,true,false,true,rare,true
dobes,true,false,true,rare,true
dobie,true,false,true,rare,true
dobla,true,false,true,rare,true
dobra,true,false,true,rare,true
dobro,true,false,true,rare,true
docht,true,false,true,rare,true
docks,true,false,true,rare,true
docos,true,false,true,rare,true
docus,true,false,true,rare,true
doddy,true,false,true,rare,true
dodge,true,true,true,common,true
dodgy,true,true,true,common,true
dodos,true,false,true,rare,true
doeks,true,false,true,rare,true
doers,true,false,true,rare,true
doest,true,false,true,rare,true
doeth,true,false,true,rare,true
doffs,true,false,true,rare,true
dogan,true,false,true,rare,true
doges,true,false,true,rare,true
dogey,true,false,true,rare,true
doggo,true,false,true,rare,true
doggy,true,false,true,rare,true
dogie,true,false,true,rare,true
dogma,true,true,true,common,true
dohyo,true,false,true,rare,true
doilt,true,false,true,rare,true
doily,true,false,true,rare,true
doing,true,true,true,common,true
doits,true,false,true,rare,true
dojos,true,false,true,rare,true
dolce,true,false,true,rare,true
dolci,true,false,true,rare,true
doled,true,false,true,rare,true
doles,true,false,true,rare,true
dolia,true,false,true,rare,true
dolls,true,false,true,rare,true
dolly,true,true,true,common,true
dolma,true,false,true,rare,true
dolor,true,false,true,rare,true
dolos,true,false,true,rare,true
dolts,true,false,true,rare,true
domal,true,false,true,rare,true
domed,true,false,true,rare,true
domes,true,false,true,rare,true
domic,true,false,true,rare,true
donah,true,false,true,rare,true
donas,true,false,true,rare,true
donee,true,false,true,rare,true
doner,true,false,true,rare,true
donga,true,false,true,rare,true
dongs,true,false,true,rare,true
donko,true,false,true,rare,true
donna,true,false,true,rare,true
donne,true,false,true,rare,true
donny,true,false,true,rare,true
donor,true,true,true,common,true
donsy,true,false,true,rare,true
donut,true,true,true,common,true
doobs,true,false,true,rare,true
dooce,true,false,true,rare,true
doody,true,false,true,rare,true
dooks,true,false,true,rare,true
doole,true,false,true,rare,true
dools,true,false,true,rare,true
dooly,true,false,true,rare,true
dooms,true,false,true,rare,true
doomy,true,false,true,rare,true
doona,true,false,true,rare,true
doorn,true,false,true,rare,true
doors,true,false,true,rare,true
doozy,true,false,true,rare,true
dopas,true,false,true,rare,true
doped,true,false,true,rare,true
doper,true,false,true,rare,true
dopes,true,false,true,rare,true
dopey,true,true,true,common,true
dorad,true,false,true,rare,true
dorba,true,false,true,rare,true
dorbs,true,false,true,rare,true
doree,true,false,true,rare,true
dores,true,false,true,rare,true
doric,true,false,true,rare,true
doris,true,false,true,rare,true
dorks,true,false,true,rare,true
dorky,true,false,true,rare,true
dorms,true,false,true,rare,true
dormy,true,false,true,rare,true
dorps,true,false,true,rare,true
dorrs,true,false,true,rare,true
dorsa,true,false,true,rare,true
dorse,true,false,true,rare,true
dorts,true,false,true,rare,true
dorty,true,false,true,rare,true
dosai,true,false,true,rare,true
dosas,true,false,true,rare,true
dosed,true,false,true,rare,true
doseh,true,false,true,rare,true
doser,true,false,true,rare,true
doses,true,false,true,rare,true
dosha,true,false,true,rare,true
dotal,true,false,true,rare,true
doted,true,false,true,rare,true
doter,true,false,true,rare,true
dotes,true,false,true,rare,true
dotty,true,false,true,rare,true
douar,true,false,true,rare,true
doubt,true,true,true,common,true
douce,true,false,true,rare,true
doucs,true,false,true,rare,true
dough,true,true,true,common,true
douks,true,false,true,rare,true
doula,true,false,true,rare,true
douma,true,false,true,rare,true
doums,true,false,true,rare,true
doups,true,false,true,rare,true
doura,true,false,true,rare,true
douse,true,false,true,rare,true
douts,true,false,true,rare,true
doved,true,false,true,rare,true
doven,true,false,true,rare,true
dover,true,false,true,rare,true
doves,true,false,true,rare,true
dovie,true,false,true,rare,true
dowar,true,false,true,rare,true
dowds,true,false,true,rare,true
dowdy,true,true,true,common,true
dowed,true,false,true,rare,true
dowel,true,true,true,common,true
dower,true,false,true,rare,true
dowie,true,false,true,rare,true
dowle,true,false,true,rare,true
dowls,true,false,true,rare,true
dowly,true,false,true,rare,true
downa,true,false,true,rare,true
downs,true,false,true,rare,true
downy,true,true,true,common,true
dowps,true,false,true,rare,true
dowry,true,true,true,common,true
dowse,true,false,true,rare,true
dowts,true,false,true,rare,true
doxed,true,false,true,rare,true
doxes,true,false,true,rare,true
doxie,true,false,true,rare,true
doyen,true,false,true,rare,true
doyly,true,false,true,rare,true
dozed,true,false,true,rare,true
dozen,true,true,true,common,true
dozer,true,false,true,rare,true
dozes,true,false,true,rare,true
drabs,true,false,true,rare,true
drack,true,false,true,rare,true
draco,true,false,true,rare,true
draff,true,false,true,rare,true
draft,true,true,true,common,true
drags,true,false,true,rare,true
drail,true,false,true,rare,true
drain,true,true,true,common,true
drake,true,true,true,common,true
drama,true,true,true,common,true
drams,true,false,true,rare,true
drank,true,true,true,common,true
drant,true,false,true,rare,true
drape,true,true,true,common,true
draps,true,false,true,rare,true
drats,true,false,true,rare,true
drave,true,false,true,rare,true
drawl,true,true,true,common,true
drawn,true,true,true,common,true
draws,true,false,true,rare,true
drays,true,false,true,rare,true
dread,true,true,true,common,true
dream,true,true,true,common,true
drear,true,false,true,rare,true
dreck,true,false,true,rare,true
dreed,true,false,true,rare,true
dreer,true,false,true,rare,true
drees,true,false,true,rare,true
dregs,true,false,true,rare,true
dreks,true,false,true,rare,true
drent,true,false,true,rare,true
drere,true,false,true,rare,true
dress,true,true,true,common,true
drest,true,false,true,rare,true
dreys,true,false,true,rare,true
dribs,true,false,true,rare,true
drice,true,false,true,rare,true
dried,true,true,true,common,true
drier,true,true,true,common,true
dries,true,false,true,rare,true
drift,true,true,true,common,true
drill,true,true,true,common,true
drily,true,false,true,rare,true
drink,true,true,true,common,true
drips,true,false,true,rare,true
dript,true,false,true,rare,true
drive,true,true,true,common,true
droid,true,false,true,rare,true
droil,true,false,true,rare,true
droit,true,true,true,common,true
droke,true,false,true,rare,true
drole,true,false,true,rare,true
droll,true,true,true,common,true
drome,true,false,true,rare,true
drone,true,true,true,common,true
drony,true,false,true,rare,true
droob,true,false,true,rare,true
droog,true,false,true,rare,true
drook,true,false,true,rare,true
drool,true,true,true,common,true
droop,true,true,true,common,true
drops,true,false,true,rare,true
dropt,true,false,true,rare,true
dross,true,true,true,common,true
drouk,true,false,true,rare,true
drove,true,true,true,common,true
drown,true,true,true,common,true
drows,true,false,true,rare,true
drubs,true,false,true,rare,true
drugs,true,false,true,rare,true
druid,true,true,true,common,true
drums,true,false,true,rare,true
drunk,true,true,true,common,true
drupe,true,false,true,rare,true
druse,true,false,true,rare,true
drusy,true,false,true,rare,true
druxy,true,false,true,rare,true
dryad,true,false,true,rare,true
dryas,true,false,true,rare,true
dryer,true,true,true,common,true
dryly,true,true,true,common,true
dsobo,true,false,true,rare,true
dsomo,true,false,true,rare,true
duads,true,false,true,rare,true
duals,true,false,true,rare,true
duans,true,false,true,rare,true
duars,true,false,true,rare,true
dubbo,true,false,true,rare,true
ducal,true,false,true,rare,true
ducat,true,false,true,rare,true
duces,true,false,true,rare,true
duchy,true,true,true,common,true
ducks,true,false,true,rare,true
ducky,true,false,true,rare,true
ducts,true,false,true,rare,true
duddy,true,false,true,rare,true
duded,true,false,true,rare,true
dudes,true,false,true,rare,true
duels,true,false,true,rare,true
duets,true,false,true,rare,true
duett,true,false,true,rare,true
duffs,true,false,true,rare,true
dufus,true,false,true,rare,true
duing,true,false,true,rare,true
duits,true,false,true,rare,true
dukas,true,false,true,rare,true
duked,true,false,true,rare,true
dukes,true,false,true,rare,true
dukka,true,false,true,rare,true
dulce,true,false,true,rare,true
dules,true,false,true,rare,true
dulia,true,false,true,rare,true
dulls,true,false,true,rare,true
dully,true,true,true,common,true
dulse,true,false,true,rare,true
dumas,true,false,true,rare,true
dumbo,true,false,true,rare,true
dumbs,true,false,true,rare,true
dumka,true,false,true,rare,true
dumky,true,false,true,rare,true
dummy,true,true,true,common,true
dumps,true,false,true,rare,true
dumpy,true,true,true,common,true
dunam,true,false,true,rare,true
dunce,true,true,true,common,true
dunch,true,false,true,rare,true
dunes,true,false,true,rare,true
dungs,true,false,true,rare,true
dungy,true,false,true,rare,true
dunks,true,false,true,rare,true
dunno,true,false,true,rare,true
dunny,true,false,true,rare,true
dunsh,true,false,true,rare,true
dunts,true,false,true,rare,true
duomi,true,false,true,rare,true
duomo,true,false,true,rare,true
duped,true,false,true,rare,true
duper,true,false,true,rare,true
dupes,true,false,true,rare,true
duple,true,false,true,rare,true
duply,true,false,true,rare,true
duppy,true,false,true,rare,true
dural,true,false,true,rare,true
duras,true,false,true,rare,true
dured,true,false,true,rare,true
dures,true,false,true,rare,true
durgy,true,false,true,rare,true
durns,true,false,true,rare,true
duroc,true,false,true,rare,true
duros,true,false,true,rare,true
duroy,true,false,true,rare,true
durra,true,false,true,rare,true
durrs,true,false,true,rare,true
durry,true,false,true,rare,true
durst,true,false,true,rare,true
durum,true,false,true,rare,true
durzi,true,false,true,rare,true
dusks,true,false,true,rare,true
dusky,true,true,true,common,true
dusts,true,false,true,rare,true
dusty,true,true,true,common,true
dutch,true,true,true,common,true
duvet,true,true,true,common,true
duxes,true,false,true,rare,true
dwaal,true,false,true,rare,true
dwale,true,false,true,rare,true
dwalm,true,false,true,rare,true
dwams,true,false,true,rare,true
dwang,true,false,true,rare,true
dwarf,true,true,true,common,true
dwaum,true,false,true,rare,true
dweeb,true,false,true,rare,true
dwell,true,true,true,common,true
dwelt,true,true,true,common,true
dwile,true,false,true,rare,true
dwine,true,false,true,rare,true
dyads,true,false,true,rare,true
dyers,true,false,true,rare,true
dying,true,true,true,common,true
dyked,true,false,true,rare,true
dykes,true,false,true,rare,true
dykey,true,false,true,rare,true
dykon,true,false,true,rare,true
dynel,true,false,true,rare,true
dynes,true,false,true,rare,true
dzhos,true,false,true,rare,true
eager,true,true,true,common,true
eagle,true,true,true,common,true
eagre,true,false,true,rare,true
ealed,true,false,true,rare,true
eales,true,false,true,rare,true
eaned,true,false,true,rare,true
eards,true,false,true,rare,true
eared,true,false,true,rare,true
earls,true,false,true,rare,true
early,true,true,true,common,true
earns,true,false,true,rare,true
earnt,true,false,true,rare,true
earst,true,false,true,rare,true
earth,true,true,true,common,true
eased,true,false,true,rare,true
easel,true,true,true,common,true
easer,true,false,true,rare,true
eases,true,false,true,rare,true
easle,true,false,true,rare,true
easts,true,false,true,rare,true
eaten,true,true,true,common,true
eater,true,true,true,common,true
eathe,true,false,true,rare,true
eaved,true,false,true,rare,true
eaves,true,false,true,rare,true
ebbed,true,false,true,rare,true
ebbet,true,false,true,rare,true
ebons,true,false,true,rare,true
ebony,true,true,true,common,true
ebook,true,false,true,rare,true
ecads,true,false,true,rare,true
eched,true,false,true,rare,true
eches,true,false,true,rare,true
echos,true,false,true,rare,true
eclat,true,true,true,common,true
ecrus,true,false,true,rare,true
edema,true,false,true,rare,true
edged,true,false,true,rare,true
edger,true,false,true,rare,true
edges,true,false,true,rare,true
edict,true,true,true,common,true
edify,true,true,true,common,true
edile,true,false,true,rare,true
edits,true,false,true,rare,true
educe,true,false,true,rare,true
educt,true,false,true,rare,true
eejit,true,false,true,rare,true
eensy,true,false,true,rare,true
eerie,true,true,true,common,true
eeven,true,false,true,rare,true
eevns,true,false,true,rare,true
effed,true,false,true,rare,true
egads,true,false,true,rare,true
egers,true,false,true,rare,true
egest,true,false,true,rare,true
eggar,true,false,true,rare,true
egged,true,false,true,rare,true
egger,true,false,true,rare,true
egmas,true,false,true,rare,true
egret,true,true,true,common,true
ehing,true,false,true,rare,true
eider,true,false,true,rare,true
eidos,true,false,true,rare,true
eight,true,true,true,common,true
eigne,true,false,true,rare,true
eiked,true,false,true,rare,true
eikon,true,false,true,rare,true
eilds,true,false,true,rare,true
eisel,true,false,true,rare,true
eject,true,true,true,common,true
ejido,true,false,true,rare,true
eking,true,true,true,common,true
ekkas,true,false,true,rare,true
elain,true,false,true,rare,true
eland,true,false,true,rare,true
elans,true,false,true,rare,true
elate,true,true,true,common,true
elbow,true,true,true,common,true
elchi,true,false,true,rare,true
elder,true,true,true,common,true
eldin,true,false,true,rare,true
elect,true,true,true,common,true
elegy,true,true,true,common,true
elemi,true,false,true,rare,true
elfed,true,false,true,rare,true
elfin,true,true,true,common,true
eliad,true,false,true,rare,true
elide,true,true,true,common,true
elint,true,false,true,rare,true
elite,true,true,true,common,true
elmen,true,false,true,rare,true
eloge,true,false,true,rare,true
elogy,true,false,true,rare,true
eloin,true,false,true,rare,true
elope,true,true,true,common,true
elops,true,false,true,rare,true
elpee,true,false,true,rare,true
elsin,true,false,true,rare,true
elude,true,true,true,common,true
elute,true,false,true,rare,true
elvan,true,false,true,rare,true
elven,true,false,true,rare,true
elver,true,false,true,rare,true
elves,true,false,true,rare,true
emacs,true,false,true,rare,true
email,true,true,true,common,true
embar,true,false,true,rare,true
embay,true,false,true,rare,true
embed,true,true,true,common,true
ember,true,true,true,common,true
embog,true,false,true,rare,true
embow,true,false,true,rare,true
embox,true,false,true,rare,true
embus,true,false,true,rare,true
emcee,true,true,true,common,true
emeer,true,false,true,rare,true
emend,true,false,true,rare,true
emerg,true,false,true,rare,true
emery,true,false,true,rare,true
emeus,true,false,true,rare,true
emics,true,false,true,rare,true
emirs,true,false,true,rare,true
emits,true,false,true,rare,true
emmas,true,false,true,rare,true
emmer,true,false,true,rare,true
emmet,true,false,true,rare,true
emmew,true,false,true,rare,true
emmys,true,false,true,rare,true
emoji,true,false,true,rare,true
emong,true,false,true,rare,true
emote,true,false,true,rare,true
emove,true,false,true,rare,true
empts,true,false,true,rare,true
empty,true,true,true,common,true
emule,true,false,true,rare,true
emure,true,false,true,rare,true
emyde,true,false,true,rare,true
emyds,true,false,true,rare,true
enact,true,true,true,common,true
enarm,true,false,true,rare,true
enate,true,false,true,rare,true
ended,true,false,true,rare,true
ender,true,false,true,rare,true
endew,true,false,true,rare,true
endow,true,true,true,common,true
endue,true,false,true,rare,true
enema,true,true,true,common,true
enemy,true,true,true,common,true
enews,true,false,true,rare,true
enfix,true,false,true,rare,true
eniac,true,false,true,rare,true
enjoy,true,true,true,common,true
enlit,true,false,true,rare,true
enmew,true,false,true,rare,true
ennog,true,false,true,rare,true
ennui,true,true,true,common,true
enoki,true,false,true,rare,true
enols,true,false,true,rare,true
enorm,true,false,true,rare,true
enows,true,false,true,rare,true
enrol,true,false,true,rare,true
ensew,true,false,true,rare,true
ensky,true,false,true,rare,true
ensue,true,true,true,common,true
enter,true,true,true,common,true
entia,true,false,true,rare,true
entry,true,true,true,common,true
enure,true,false,true,rare,true
enurn,true,false,true,rare,true
envoi,true,false,true,rare,true
envoy,true,true,true,common,true
enzym,true,false,true,rare,true
eorls,true,false,true,rare,true
eosin,true,false,true,rare,true
epact,true,false,true,rare,true
epees,true,false,true,rare,true
ephah,true,false,true,rare,true
ephas,true,false,true,rare,true
ephod,true,false,true,rare,true
ephor,true,false,true,rare,true
epics,true,false,true,rare,true
epoch,true,true,true,common,true
epode,true,false,true,rare,true
epopt,true,false,true,rare,true
epoxy,true,true,true,common,true
epris,true,false,true,rare,true
equal,true,true,true,common,true
eques,true,false,true,rare,true
equid,true,false,true,rare,true
equip,true,true,true,common,true
erase,true,true,true,common,true
erbia,true,false,true,rare,true
erect,true,true,true,common,true
erevs,true,false,true,rare,true
ergon,true,false,true,rare,true
ergos,true,false,true,rare,true
ergot,true,false,true,rare,true
erhus,true,false,true,rare,true
erica,true,false,true,rare,true
erick,true,false,true,rare,true
erics,true,false,true,rare,true
ering,true,false,true,rare,true
erned,true,false,true,rare,true
ernes,true,false,true,rare,true
erode,true,true,true,common,true
erose,true,false,true,rare,true
erred,true,false,true,rare,true
error,true,true,true,common,true
erses,true,false,true,rare,true
eruct,true,false,true,rare,true
erugo,true,false,true,rare,true
erupt,true,true,true,common,true
eruvs,true,false,true,rare,true
erven,true,false,true,rare,true
ervil,true,false,true,rare,true
escar,true,false,true,rare,true
escot,true,false,true,rare,true
esile,true,false,true,rare,true
eskar,true,false,true,rare,true
esker,true,false,true,rare,true
esnes,true,false,true,rare,true
essay,true,true,true,common,true
esses,true,false,true,rare,true
ester,true,true,true,common,true
estoc,true,false,true,rare,true
estop,true,false,true,rare,true
estro,true,false,true,rare,true
etage,true,false,true,rare,true
etape,true,false,true,rare,true
etats,true,false,true,rare,true
etens,true,false,true,rare,true
ethal,true,false,true,rare,true
ether,true,true,true,common,true
ethic,true,true,true,common,true
ethne,true,false,true,rare,true
ethos,true,true,true,common,true
ethyl,true,false,true,rare,true
etics,true,false,true,rare,true
etnas,true,false,true,rare,true
ettin,true,false,true,rare,true
ettle,true,false,true,rare,true
etude,true,true,true,common,true
etuis,true,false,true,rare,true
etwee,true,false,true,rare,true
etyma,true,false,true,rare,true
eughs,true,false,true,rare,true
euked,true,false,true,rare,true
eupad,true,false,true,rare,true
euros,true,false,true,rare,true
eusol,true,false,true,rare,true
evade,true,true,true,common,true
evens,true,false,true,rare,true
event,true,true,true,common,true
evert,true,false,true,rare,true
every,true,true,true,common,true
evets,true,false,true,rare,true
evhoe,true,false,true,rare,true
evict,true,true,true,common,true
evils,true,false,true,rare,true
evite,true,false,true,rare,true
evohe,true,false,true,rare,true
evoke,true,true,true,common,true
ewers,true,false,true,rare,true
ewest,true,false,true,rare,true
ewhow,true,false,true,rare,true
ewked,true,false,true,rare,true
exact,true,true,true,common,true
exalt,true,true,true,common,true
exams,true,false,true,rare,true
excel,true,true,true,common,true
exeat,true,false,true,rare,true
execs,true,false,true,rare,true
exeem,true,false,true,rare,true
exeme,true,false,true,rare,true
exert,true,true,true,common,true
exfil,true,false,true,rare,true
exies,true,false,true,rare,true
exile,true,true,true,common,true
exine,true,false,true,rare,true
exing,true,false,true,rare,true
exist,true,true,true,common,true
exits,true,false,true,rare,true
exode,true,false,true,rare,true
exome,true,false,true,rare,true
exons,true,false,true,rare,true
expat,true,false,true,rare,true
expel,true,true,true,common,true
expos,true,false,true,rare,true
extol,true,true,true,common,true
extra,true,true,true,common,true
exude,true,false,true,rare,true
exuls,true,false,true,rare,true
exult,true,true,true,common,true
exurb,true,false,true,rare,true
eyass,true,false,true,rare,true
eyers,true,false,true,rare,true
eying,true,true,true,common,true
eyots,true,false,true,rare,true
eyras,true,false,true,rare,true
eyres,true,false,true,rare,true
eyrie,true,false,true,rare,true
eyrir,true,false,true,rare,true
ezine,true,false,true,rare,true
fabby,true,false,true,rare,true
fable,true,true,true,common,true
faced,true,false,true,rare,true
facer,true,false,true,rare,true
faces,true,false,true,rare,true
facet,true,true,true,common,true
facia,true,false,true,rare,true
facta,true,false,true,rare,true
facts,true,false,true,rare,true
faddy,true,false,true,rare,true
faded,true,false,true,rare,true
fader,true,false,true,rare,true
fades,true,false,true,rare,true
fadge,true,false,true,rare,true
fados,true,false,true,rare,true
faena,true,false,true,rare,true
faery,true,false,true,rare,true
faffs,true,false,true,rare,true
faffy,true,false,true,rare,true
faggy,true,false,true,rare,true
fagin,true,false,true,rare,true
fagot,true,false,true,rare,true
faiks,true,false,true,rare,true
fails,true,false,true,rare,true
faine,true,false,true,rare,true
fains,true,false,true,rare,true
faint,true,true,true,common,true
fairs,true,false,true,rare,true
fairy,true,true,true,common,true
faith,true,true,true,common,true
faked,true,false,true,rare,true
faker,true,false,true,rare,true
fakes,true,false,true,rare,true
fakey,true,false,true,rare,true
fakie,true,false,true,rare,true
fakir,true,false,true,rare,true
falaj,true,false,true,rare,true
falls,true,false,true,rare,true
false,true,true,true,common,true
famed,true,false,true,rare,true
fames,true,false,true,rare,true
fanal,true,false,true,rare,true
fancy,true,true,true,common,true
fands,true,false,true,rare,true
fanes,true,false,true,rare,true
fanga,true,false,true,rare,true
fango,true,false,true,rare,true
fangs,true,false,true,rare,true
fanks,true,false,true,rare,true
fanny,true,true,true,common,true
fanon,true,false,true,rare,true
fanos,true,false,true,rare,true
fanum,true,false,true,rare,true
faqir,true,false,true,rare,true
farad,true,false,true,rare,true
farce,true,true,true,common,true
farci,true,false,true,rare,true
farcy,true,false,true,rare,true
fards,true,false,true,rare,true
fared,true,false,true,rare,true
farer,true,false,true,rare,true
fares,true,false,true,rare,true
farle,true,false,true,rare,true
farls,true,false,true,rare,true
farms,true,false,true,rare,true
faros,true,false,true,rare,true
farro,true,false,true,rare,true
farse,true,false,true,rare,true
farts,true,false,true,rare,true
fasci,true,false,true,rare,true
fasti,true,false,true,rare,true
fasts,true,false,true,rare,true
fatal,true,true,true,common,true
fated,true,false,true,rare,true
fates,true,false,true,rare,true
fatly,true,false,true,rare,true
fatso,true,false,true,rare,true
fatty,true,true,true,common,true
fatwa,true,false,true,rare,true
faugh,true,false,true,rare,true
fauld,true,false,true,rare,true
fault,true,true,true,common,true
fauna,true,true,true,common,true
fauns,true,false,true,rare,true
faurd,true,false,true,rare,true
fauts,true,false,true,rare,true
fauve,true,false,true,rare,true
favas,true,false,true,rare,true
favel,true,false,true,rare,true
faver,true,false,true,rare,true
faves,true,false,true,rare,true
favor,true,true,true,common,true
favus,true,false,true,rare,true
fawns,true,false,true,rare,true
fawny,true,false,true,rare,true
faxed,true,false,true,rare,true
faxes,true,false,true,rare,true
fayed,true,false,true,rare,true
fayer,true,false,true,rare,true
fayne,true,false,true,rare,true
fayre,true,false,true,rare,true
fazed,true,false,true,rare,true
fazes,true,false,true,rare,true
feals,true,false,true,rare,true
feare,true,false,true,rare,true
fears,true,false,true,rare,true
feart,true,false,true,rare,true
fease,true,false,true,rare,true
feast,true,true,true,common,true
feats,true,false,true,rare,true
feaze,true,false,true,rare,true
fecal,true,true,true,common,true
feces,true,false,true,rare,true
fecht,true,false,true,rare,true
fecit,true,false,true,rare,true
fecks,true,false,true,rare,true
fedex,true,false,true,rare,true
feebs,true,false,true,rare,true
feeds,true,false,true,rare,true
feels,true,false,true,rare,true
feens,true,false,true,rare,true
feers,true,false,true,rare,true
feese,true,false,true,rare,true
feeze,true,false,true,rare,true
fehme,true,false,true,rare,true
feign,true,true,true,common,true
feint,true,false,true,rare,true
feist,true,false,true,rare,true
felch,true,false,true,rare,true
felid,true,false,true,rare,true
fella,true,true,true,common,true
fells,true,false,true,rare,true
felly,true,false,true,rare,true
felon,true,true,true,common,true
felts,true,false,true,rare,true
felty,true,false,true,rare,true
femal,true,false,true,rare,true
femes,true,false,true,rare,true
femme,true,true,true,common,true
femmy,true,false,true,rare,true
femur,true,true,true,common,true
fence,true,true,true,common,true
fends,true,false,true,rare,true
fendy,true,false,true,rare,true
fenis,true,false,true,rare,true
fenks,true,false,true,rare,true
fenny,true,false,true,rare,true
fents,true,false,true,rare,true
feods,true,false,true,rare,true
feoff,true,false,true,rare,true
feral,true,true,true,common,true
ferer,true,false,true,rare,true
feres,true,false,true,rare,true
feria,true,false,true,rare,true
ferly,true,false,true,rare,true
fermi,true,false,true,rare,true
ferms,true,false,true,rare,true
ferns,true,false,true,rare,true
ferny,true,false,true,rare,true
ferry,true,true,true,common,true
fesse,true,false,true,rare,true
festa,true,false,true,rare,true
fests,true,false,true,rare,true
festy,true,false,true,rare,true
fetal,true,true,true,common,true
fetas,true,false,true,rare,true
fetch,true,true,true,common,true
feted,true,false,true,rare,true
fetes,true,false,true,rare,true
fetid,true,true,true,common,true
fetor,true,false,true,rare,true
fetta,true,false,true,rare,true
fetts,true,false,true,rare,true
fetus,true,true,true,common,true
fetwa,true,false,true,rare,true
feuar,true,false,true,rare,true
feuds,true,false,true,rare,true
feued,true,false,true,rare,true
fever,true,true,true,common,true
fewer,true,true,true,common,true
feyed,true,false,true,rare,true
feyer,true,false,true,rare,true
feyly,true,false,true,rare,true
fezes,true,false,true,rare,true
fezzy,true,false,true,rare,true
fiars,true,false,true,rare,true
fiats,true,false,true,rare,true
fiber,true,true,true,common,true
fibro,true,false,true,rare,true
fices,true,false,true,rare,true
fiche,true,false,true,rare,true
fichu,true,false,true,rare,true
ficin,true,false,true,rare,true
ficos,true,false,true,rare,true
ficus,true,true,true,common,true
fides,true,false,true,rare,true
fidge,true,false,true,rare,true
fidos,true,false,true,rare,true
fiefs,true,false,true,rare,true
field,true,true,true,common,true
fiend,true,true,true,common,true
fient,true,false,true,rare,true
fiere,true,false,true,rare,true
fiers,true,false,true,rare,true
fiery,true,true,true,common,true
fiest,true,false,true,rare,true
fifed,true,false,true,rare,true
fifer,true,false,true,rare,true
fifes,true,false,true,rare,true
fifis,true,false,true,rare,true
fifth,true,true,true,common,true
fifty,true,true,true,common,true
figgy,true,false,true,rare,true
fight,true,true,true,common,true
figos,true,false,true,rare,true
fiked,true,false,true,rare,true
fikes,true,false,true,rare,true
filar,true,false,true,rare,true
filch,true,false,true,rare,true
filed,true,false,true,rare,true
filer,true,true,true,common,true
files,true,false,true,rare,true
filet,true,true,true,common,true
filii,true,false,true,rare,true
filks,true,false,true,rare,true
fille,true,false,true,rare,true
fillo,true,false,true,rare,true
fills,true,false,true,rare,true
filly,true,true,true,common,true
filmi,true,false,true,rare,true
films,true,false,true,rare,true
filmy,true,true,true,common,true
filos,true,false,true,rare,true
filth,true,true,true,common,true
filum,true,false,true,rare,true
final,true,true,true,common,true
finca,true,false,true,rare,true
finch,true,true,true,common,true
finds,true,false,true,rare,true
fined,true,false,true,rare,true
finer,true,true,true,common,true
fines,true,false,true,rare,true
finis,true,false,true,rare,true
finks,true,false,true,rare,true
finny,true,false,true,rare,true
finos,true,false,true,rare,true
fiord,true,false,true,rare,true
fiqhs,true,false,true,rare,true
fique,true,false,true,rare,true
fired,true,false,true,rare,true
firer,true,false,true,rare,true
fires,true,false,true,rare,true
firie,true,false,true,rare,true
firks,true,false,true,rare,true
firms,true,false,true,rare,true
firns,true,false,true,rare,true
firry,true,false,true,rare,true
first,true,true,true,common,true
firth,true,false,true,rare,true
fiscs,true,false,true,rare,true
fishy,true,true,true,common,true
fisks,true,false,true,rare,true
fists,true,false,true,rare,true
fisty,true,false,true,rare,true
fitch,true,false,true,rare,true
fitly,true,false,true,rare,true
fitna,true,false,true,rare,true
fitte,true,false,true,rare,true
fitts,true,false,true,rare,true
fiver,true,false,true,rare,true
fives,true,false,true,rare,true
fixed,true,false,true,rare,true
fixer,true,true,true,common,true
fixes,true,false,true,rare,true
fixit,true,false,true,rare,true
fizzy,true,true,true,common,true
fjeld,true,false,true,rare,true
fjord,true,true,true,common,true
flabs,true,false,true,rare,true
flack,true,true,true,common,true
flaff,true,false,true,rare,true
flags,true,false,true,rare,true
flail,true,true,true,common,true
flair,true,true,true,common,true
flake,true,true,true,common,true
flaks,true,false,true,rare,true
flaky,true,true,true,common,true
flame,true,true,true,common,true
flamm,true,false,true,rare,true
flams,true,false,true,rare,true
flamy,true,false,true,rare,true
flane,true,false,true,rare,true
flank,true,true,true,common,true
flans,true,false,true,rare,true
flaps,true,false,true,rare,true
flare,true,true,true,common,true
flary,true,false,true,rare,true
flash,true,true,true,common,true
flask,true,true,true,common,true
flats,true,false,true,rare,true
flava,true,false,true,rare,true
flawn,true,false,true,rare,true
flaws,true,false,true,rare,true
flawy,true,false,true,rare,true
flaxy,true,false,true,rare,true
flays,true,false,true,rare,true
fleam,true,false,true,rare,true
fleas,true,false,true,rare,true
fleck,true,true,true,common,true
fleek,true,false,true,rare,true
fleer,true,false,true,rare,true
flees,true,false,true,rare,true
fleet,true,true,true,common,true
flegs,true,false,true,rare,true
fleme,true,false,true,rare,true
flesh,true,true,true,common,true
fleur,true,false,true,rare,true
flews,true,false,true,rare,true
flexi,true,false,true,rare,true
flexo,true,false,true,rare,true
fleys,true,false,true,rare,true
flick,true,true,true,common,true
flics,true,false,true,rare,true
flied,true,false,true,rare,true
flier,true,true,true,common,true
flies,true,false,true,rare,true
flimp,true,false,true,rare,true
flims,true,false,true,rare,true
fling,true,true,true,common,true
flint,true,true,true,common,true
flips,true,false,true,rare,true
flirs,true,false,true,rare,true
flirt,true,true,true,common,true
flisk,true,false,true,rare,true
flite,true,false,true,rare,true
flits,true,false,true,rare,true
flitt,true,false,true,rare,true
float,true,true,true,common,true
flobs,true,false,true,rare,true
flock,true,true,true,common,true
flocs,true,false,true,rare,true
floes,true,false,true,rare,true
flogs,true,false,true,rare,true
flong,true,false,true,rare,true
flood,true,true,true,common,true
floor,true,true,true,common,true
flops,true,false,true,rare,true
flora,true,true,true,common,true
flors,true,false,true,rare,true
flory,true,false,true,rare,true
flosh,true,false,true,rare,true
floss,true,true,true,common,true
flota,true,false,true,rare,true
flote,true,false,true,rare,true
flour,true,true,true,common,true
flout,true,true,true,common,true
flown,true,true,true,common,true
flows,true,false,true,rare,true
flubs,true,false,true,rare,true
flued,true,false,true,rare,true
flues,true,false,true,rare,true
fluey,true,false,true,rare,true
fluff,true,true,true,common,true
fluid,true,true,true,common,true
fluke,true,true,true,common,true
fluky,true,false,true,rare,true
flume,true,true,true,common,true
flump,true,false,true,rare,true
flung,true,true,true,common,true
flunk,true,true,true,common,true
fluor,true,false,true,rare,true
flurr,true,false,true,rare,true
flush,true,true,true,common,true
flute,true,true,true,common,true
fluty,true,false,true,rare,true
fluyt,true,false,true,rare,true
flyby,true,false,true,rare,true
flyer,true,true,true,common,true
flype,true,false,true,rare,true
flyte,true,false,true,rare,true
foals,true,false,true,rare,true
foams,true,false,true,rare,true
foamy,true,true,true,common,true
focal,true,true,true,common,true
focus,true,true,true,common,true
foehn,true,false,true,rare,true
fogey,true,false,true,rare,true
foggy,true,true,true,common,true
fogie,true,false,true,rare,true
fogle,true,false,true,rare,true
fogou,true,false,true,rare,true
fohns,true,false,true,rare,true
foids,true,false,true,rare,true
foils,true,false,true,rare,true
foins,true,false,true,rare,true
foist,true,true,true,common,true
folds,true,false,true,rare,true
foley,true,false,true,rare,true
folia,true,false,true,rare,true
folic,true,false,true,rare,true
folie,true,false,true,rare,true
folio,true,true,true,common,true
folks,true,false,true,rare,true
folky,true,false,true,rare,true
folly,true,true,true,common,true
fomes,true,false,true,rare,true
fonda,true,false,true,rare,true
fonds,true,false,true,rare,true
fondu,true,false,true,rare,true
fones,true,false,true,rare,true
fonly,true,false,true,rare,true
fonts,true,false,true,rare,true
foods,true,false,true,rare,true
foody,true,false,true,rare,true
fools,true,false,true,rare,true
foots,true,false,true,rare,true
footy,true,false,true,rare,true
foram,true,false,true,rare,true
foray,true,true,true,common,true
forbs,true,false,true,rare,true
forby,true,false,true,rare,true
force,true,true,true,common,true
fordo,true,false,true,rare,true
fords,true,false,true,rare,true
forel,true,false,true,rare,true
fores,true,false,true,rare,true
forex,true,false,true,rare,true
forge,true,true,true,common,true
forgo,true,true,true,common,true
forks,true,false,true,rare,true
forky,true,false,true,rare,true
forme,true,false,true,rare,true
forms,true,false,true,rare,true
forte,true,true,true,common,true
forth,true,true,true,common,true
forts,true,false,true,rare,true
forty,true,true,true,common,true
forum,true,true,true,common,true
forza,true,false,true,rare,true
forze,true,false,true,rare,true
fossa,true,false,true,rare,true
fosse,true,false,true,rare,true
fouat,true,false,true,rare,true
fouds,true,false,true,rare,true
fouer,true,false,true,rare,true
fouet,true,false,true,rare,true
foule,true,false,true,rare,true
fouls,true,false,true,rare,true
found,true,true,true,common,true
fount,true,false,true,rare,true
fours,true,false,true,rare,true
fouth,true,false,true,rare,true
fovea,true,false,true,rare,true
fowls,true,false,true,rare,true
fowth,true,false,true,rare,true
foxed,true,false,true,rare,true
foxes,true,false,true,rare,true
foxie,true,false,true,rare,true
foyer,true,true,true,common,true
foyle,true,false,true,rare,true
foyne,true,false,true,rare,true
frabs,true,false,true,rare,true
frack,true,false,true,rare,true
fract,true,false,true,rare,true
frags,true,false,true,rare,true
frail,true,true,true,common,true
fraim,true,false,true,rare,true
frame,true,true,true,common,true
franc,true,false,true,rare,true
frank,true,true,true,common,true
frape,true,false,true,rare,true
fraps,true,false,true,rare,true
frass,true,false,true,rare,true
frate,true,false,true,rare,true
frati,true,false,true,rare,true
frats,true,false,true,rare,true
fraud,true,true,true,common,true
fraus,true,false,true,rare,true
frays,true,false,true,rare,true
freak,true,true,true,common,true
freed,true,true,true,common,true
freer,true,true,true,common,true
frees,true,false,true,rare,true
freet,true,false,true,rare,true
freit,true,false,true,rare,true
fremd,true,false,true,rare,true
frena,true,false,true,rare,true
freon,true,false,true,rare,true
frere,true,false,true,rare,true
fresh,true,true,true,common,true
frets,true,false,true,rare,true
friar,true,true,true,common,true
fribs,true,false,true,rare,true
fried,true,true,true,common,true
frier,true,false,true,rare,true
fries,true,false,true,rare,true
frigs,true,false,true,rare,true
frill,true,true,true,common,true
frise,true,false,true,rare,true
frisk,true,true,true,common,true
frist,true,false,true,rare,true
frith,true,false,true,rare,true
frits,true,false,true,rare,true
fritt,true,false,true,rare,true
fritz,true,true,true,common,true
frize,true,false,true,rare,true
frizz,true,false,true,rare,true
frock,true,true,true,common,true
froes,true,false,true,rare,true
frogs,true,false,true,rare,true
frond,true,true,true,common,true
frons,true,false,true,rare,true
front,true,true,true,common,true
frore,true,false,true,rare,true
frorn,true,false,true,rare,true
frory,true,false,true,rare,true
frosh,true,false,true,rare,true
frost,true,true,true,common,true
froth,true,true,true,common,true
frown,true,true,true,common,true
frows,true,false,true,rare,true
frowy,true,false,true,rare,true
froze,true,true,true,common,true
frugs,true,false,true,rare,true
fruit,true,true,true,common,true
frump,true,false,true,rare,true
frush,true,false,true,rare,true
frust,true,false,true,rare,true
fryer,true,false,true,rare,true
fubar,true,false,true,rare,true
fubby,true,false,true,rare,true
fubsy,true,false,true,rare,true
fucks,true,false,true,rare,true
fucus,true,false,true,rare,true
fuddy,true,false,true,rare,true
fudge,true,true,true,common,true
fudgy,true,false,true,rare,true
fuels,true,false,true,rare,true
fuero,true,false,true,rare,true
fuffs,true,false,true,rare,true
fuffy,true,false,true,rare,true
fugal,true,false,true,rare,true
fuggy,true,false,true,rare,true
fugie,true,false,true,rare,true
fugio,true,false,true,rare,true
fugle,true,false,true,rare,true
fugly,true,false,true,rare,true
fugue,true,true,true,common,true
fugus,true,false,true,rare,true
fujis,true,false,true,rare,true
fulls,true,false,true,rare,true
fully,true,true,true,common,true
fumed,true,false,true,rare,true
fumer,true,false,true,rare,true
fumes,true,false,true,rare,true
fumet,true,false,true,rare,true
fundi,true,false,true,rare,true
funds,true,false,true,rare,true
fundy,true,false,true,rare,true
fungi,true,true,true,common,true
fungo,true,false,true,rare,true
fungs,true,false,true,rare,true
funks,true,false,true,rare,true
funky,true,true,true,common,true
funny,true,true,true,common,true
fural,true,false,true,rare,true
furan,true,false,true,rare,true
furca,true,false,true,rare,true
furls,true,false,true,rare,true
furol,true,false,true,rare,true
furor,true,true,true,common,true
furrs,true,false,true,rare,true
furry,true,true,true,common,true
furth,true,false,true,rare,true
furze,true,false,true,rare,true
furzy,true,false,true,rare,true
fused,true,false,true,rare,true
fusee,true,false,true,rare,true
fusel,true,false,true,rare,true
fuses,true,false,true,rare,true
fusil,true,false,true,rare,true
fusks,true,false,true,rare,true
fussy,true,true,true,common,true
fusts,true,false,true,rare,true
fusty,true,false,true,rare,true
futon,true,false,true,rare,true
fuzed,true,false,true,rare,true
fuzee,true,false,true,rare,true
fuzes,true,false,true,rare,true
fuzil,true,false,true,rare,true
fuzzy,true,true,true,common,true
fyces,true,false,true,rare,true
fyked,true,false,true,rare,true
fykes,true,false,true,rare,true
fyles,true,false,true,rare,true
fyrds,true,false,true,rare,true
fytte,true,false,true,rare,true
gabba,true,false,true,rare,true
gabby,true,false,true,rare,true
gable,true,false,true,rare,true
gaddi,true,false,true,rare,true
gades,true,false,true,rare,true
gadge,true,false,true,rare,true
gadid,true,false,true,rare,true
gadis,true,false,true,rare,true
gadje,true,false,true,rare,true
gadjo,true,false,true,rare,true
gadso,true,false,true,rare,true
gaffe,true,true,true,common,true
gaffs,true,false,true,rare,true
gaged,true,false,true,rare,true
gager,true,false,true,rare,true
gages,true,false,true,rare,true
gaids,true,false,true,rare,true
gaily,true,true,true,common,true
gains,true,false,true,rare,true
gairs,true,false,true,rare,true
gaita,true,false,true,rare,true
gaits,true,false,true,rare,true
gaitt,true,false,true,rare,true
gajos,true,false,true,rare,true
galah,true,false,true,rare,true
galas,true,false,true,rare,true
galax,true,false,true,rare,true
galea,true,false,true,rare,true
galed,true,false,true,rare,true
gales,true,false,true,rare,true
galls,true,false,true,rare,true
gally,true,false,true,rare,true
galop,true,false,true,rare,true
galut,true,false,true,rare,true
galvo,true,false,true,rare,true
gamas,true,false,true,rare,true
gamay,true,false,true,rare,true
gamba,true,false,true,rare,true
gambe,true,false,true,rare,true
gambo,true,false,true,rare,true
gambs,true,false,true,rare,true
gamed,true,false,true,rare,true
gamer,true,true,true,common,true
games,true,false,true,rare,true
gamey,true,false,true,rare,true
gamic,true,false,true,rare,true
gamin,true,false,true,rare,true
gamma,true,true,true,common,true
gamme,true,false,true,rare,true
gammy,true,false,true,rare,true
gamps,true,false,true,rare,true
gamut,true,true,true,common,true
ganch,true,false,true,rare,true
gandy,true,false,true,rare,true
ganef,true,false,true,rare,true
ganev,true,false,true,rare,true
gangs,true,false,true,rare,true
ganja,true,false,true,rare,true
ganof,true,false,true,rare,true
gants,true,false,true,rare,true
gaols,true,false,true,rare,true
gaped,true,false,true,rare,true
gaper,true,false,true,rare,true
gapes,true,false,true,rare,true
gapos,true,false,true,rare,true
gappy,true,false,true,rare,true
garbe,true,false,true,rare,true
garbo,true,false,true,rare,true
garbs,true,false,true,rare,true
garda,true,false,true,rare,true
gares,true,false,true,rare,true
garis,true,false,true,rare,true
garms,true,false,true,rare,true
garni,true,false,true,rare,true
garre,true,false,true,rare,true
garth,true,false,true,rare,true
garum,true,false,true,rare,true
gases,true,false,true,rare,true
gasps,true,false,true,rare,true
gaspy,true,false,true,rare,true
gassy,true,true,true,common,true
gasts,true,false,true,rare,true
gatch,true,false,true,rare,true
gated,true,false,true,rare,true
gater,true,false,true,rare,true
gates,true,false,true,rare,true
gaths,true,false,true,rare,true
gator,true,false,true,rare,true
gauch,true,false,true,rare,true
gaucy,true,false,true,rare,true
gauds,true,false,true,rare,true
gaudy,true,true,true,common,true
gauge,true,true,true,common,true
gauje,true,false,true,rare,true
gault,true,false,true,rare,true
gaums,true,false,true,rare,true
gaumy,true,false,true,rare,true
gaunt,true,true,true,common,true
gaups,true,false,true,rare,true
gaurs,true,false,true,rare,true
gauss,true,false,true,rare,true
gauze,true,true,true,common,true
gauzy,true,false,true,rare,true
gavel,true,true,true,common,true
gavot,true,false,true,rare,true
gawcy,true,false,true,rare,true
gawds,true,false,true,rare,true
gawks,true,false,true,rare,true
gawky,true,true,true,common,true
gawps,true,false,true,rare,true
gawsy,true,false,true,rare,true
gayal,true,false,true,rare,true
gayer,true,true,true,common,true
gayly,true,true,true,common,true
gazal,true,false,true,rare,true
gazar,true,false,true,rare,true
gazed,true,false,true,rare,true
gazer,true,true,true,common,true
gazes,true,false,true,rare,true
gazon,true,false,true,rare,true
gazoo,true,false,true,rare,true
geals,true,false,true,rare,true
geans,true,false,true,rare,true
geare,true,false,true,rare,true
gears,true,false,true,rare,true
geats,true,false,true,rare,true
gebur,true,false,true,rare,true
gecko,true,true,true,common,true
gecks,true,false,true,rare,true
geeks,true,false,true,rare,true
geeky,true,true,true,common,true
geeps,true,false,true,rare,true
geese,true,true,true,common,true
geest,true,false,true,rare,true
geist,true,false,true,rare,true
geits,true,false,true,rare,true
gelds,true,false,true,rare,true
gelee,true,false,true,rare,true
gelid,true,false,true,rare,true
gelly,true,false,true,rare,true
gelts,true,false,true,rare,true
gemel,true,false,true,rare,true
gemma,true,false,true,rare,true
gemmy,true,false,true,rare,true
gemot,true,false,true,rare,true
genal,true,false,true,rare,true
genas,true,false,true,rare,true
genes,true,false,true,rare,true
genet,true,false,true,rare,true
genic,true,false,true,rare,true
genie,true,true,true,common,true
genii,true,false,true,rare,true
genip,true,false,true,rare,true
genny,true,false,true,rare,true
genoa,true,false,true,rare,true
genom,true,false,true,rare,true
genre,true,true,true,common,true
genro,true,false,true,rare,true
gents,true,false,true,rare,true
genty,true,false,true,rare,true
genua,true,false,true,rare,true
genus,true,false,true,rare,true
geode,true,false,true,rare,true
geoid,true,false,true,rare,true
gerah,true,false,true,rare,true
gerbe,true,false,true,rare,true
geres,true,false,true,rare,true
gerle,true,false,true,rare,true
germs,true,false,true,rare,true
germy,true,false,true,rare,true
gerne,true,false,true,rare,true
gesse,true,false,true,rare,true
gesso,true,false,true,rare,true
geste,true,false,true,rare,true
gests,true,false,true,rare,true
getas,true,false,true,rare,true
getup,true,false,true,rare,true
geums,true,false,true,rare,true
geyan,true,false,true,rare,true
geyer,true,false,true,rare,true
ghast,true,false,true,rare,true
ghats,true,false,true,rare,true
ghaut,true,false,true,rare,true
ghazi,true,false,true,rare,true
ghees,true,false,true,rare,true
ghest,true,false,true,rare,true
ghost,true,true,true,common,true
ghoul,true,true,true,common,true
ghyll,true,false,true,rare,true
giant,true,true,true,common,true
gibed,true,false,true,rare,true
gibel,true,false,true,rare,true
giber,true,false,true,rare,true
gibes,true,false,true,rare,true
gibli,true,false,true,rare,true
gibus,true,false,true,rare,true
giddy,true,true,true,common,true
gifts,true,false,true,rare,true
gigas,true,false,true,rare,true
gighe,true,false,true,rare,true
gigot,true,false,true,rare,true
gigue,true,false,true,rare,true
gilas,true,false,true,rare,true
gilds,true,false,true,rare,true
gilet,true,false,true,rare,true
gills,true,false,true,rare,true
gilly,true,false,true,rare,true
gilpy,true,false,true,rare,true
gilts,true,false,true,rare,true
gimel,true,false,true,rare,true
gimme,true,false,true,rare,true
gimps,true,false,true,rare,true
gimpy,true,false,true,rare,true
ginch,true,false,true,rare,true
ginge,true,false,true,rare,true
gings,true,false,true,rare,true
ginks,true,false,true,rare,true
ginny,true,false,true,rare,true
ginzo,true,false,true,rare,true
gipon,true,false,true,rare,true
gippo,true,false,true,rare,true
gippy,true,false,true,rare,true
gipsy,true,true,true,common,true
girds,true,false,true,rare,true
girls,true,false,true,rare,true
girly,true,true,true,common,true
girns,true,false,true,rare,true
giron,true,false,true,rare,true
giros,true,false,true,rare,true
girrs,true,false,true,rare,true
girsh,true,false,true,rare,true
girth,true,true,true,common,true
girts,true,false,true,rare,true
gismo,true,false,true,rare,true
gisms,true,false,true,rare,true
gists,true,false,true,rare,true
gitch,true,false,true,rare,true
gites,true,false,true,rare,true
giust,true,false,true,rare,true
gived,true,false,true,rare,true
given,true,true,true,common,true
giver,true,true,true,common,true
gives,true,false,true,rare,true
gizmo,true,false,true,rare,true
glace,true,false,true,rare,true
glade,true,true,true,common,true
glads,true,false,true,rare,true
glady,true,false,true,rare,true
glaik,true,false,true,rare,true
glair,true,false,true,rare,true
glams,true,false,true,rare,true
gland,true,true,true,common,true
glans,true,false,true,rare,true
glare,true,true,true,common,true
glary,true,false,true,rare,true
glass,true,true,true,common,true
glaum,true,false,true,rare,true
glaur,true,false,true,rare,true
glaze,true,true,true,common,true
glazy,true,false,true,rare,true
gleam,true,true,true,common,true
glean,true,true,true,common,true
gleba,true,false,true,rare,true
glebe,true,false,true,rare,true
gleby,true,false,true,rare,true
glede,true,false,true,rare,true
gleds,true,false,true,rare,true
gleed,true,false,true,rare,true
gleek,true,false,true,rare,true
glees,true,false,true,rare,true
gleet,true,false,true,rare,true
gleis,true,false,true,rare,true
glens,true,false,true,rare,true
glent,true,false,true,rare,true
gleys,true,false,true,rare,true
glial,true,false,true,rare,true
glias,true,false,true,rare,true
glibs,true,false,true,rare,true
glide,true,true,true,common,true
gliff,true,false,true,rare,true
glift,true,false,true,rare,true
glike,true,false,true,rare,true
glime,true,false,true,rare,true
glims,true,false,true,rare,true
glint,true,true,true,common,true
glisk,true,false,true,rare,true
glits,true,false,true,rare,true
glitz,true,false,true,rare,true
gloam,true,false,true,rare,true
gloat,true,true,true,common,true
globe,true,true,true,common,true
globi,true,false,true,rare,true
globs,true,false,true,rare,true
globy,true,false,true,rare,true
glode,true,false,true,rare,true
glogg,true,false,true,rare,true
gloms,true,false,true,rare,true
gloom,true,true,true,common,true
gloop,true,false,true,rare,true
glops,true,false,true,rare,true
glory,true,true,true,common,true
gloss,true,true,true,common,true
glost,true,false,true,rare,true
glout,true,false,true,rare,true
glove,true,true,true,common,true
glows,true,false,true,rare,true
gloze,true,false,true,rare,true
glued,true,false,true,rare,true
gluer,true,false,true,rare,true
glues,true,false,true,rare,true
gluey,true,false,true,rare,true
glugs,true,false,true,rare,true
glume,true,false,true,rare,true
glums,true,false,true,rare,true
gluon,true,false,true,rare,true
glute,true,false,true,rare,true
gluts,true,false,true,rare,true
glyph,true,true,true,common,true
gnarl,true,false,true,rare,true
gnarr,true,false,true,rare,true
gnars,true,false,true,rare,true
gnash,true,true,true,common,true
gnats,true,false,true,rare,true
gnawn,true,false,true,rare,true
gnaws,true,false,true,rare,true
gnome,true,true,true,common,true
gnows,true,false,true,rare,true
goads,true,false,true,rare,true
goafs,true,false,true,rare,true
goals,true,false,true,rare,true
goary,true,false,true,rare,true
goats,true,false,true,rare,true
goaty,true,false,true,rare,true
goban,true,false,true,rare,true
gobar,true,false,true,rare,true
gobbi,true,false,true,rare,true
gobbo,true,false,true,rare,true
gobby,true,false,true,rare,true
gobis,true,false,true,rare,true
gobos,true,false,true,rare,true
godet,true,false,true,rare,true
godly,true,true,true,common,true
godso,true,false,true,rare,true
goels,true,false,true,rare,true
goers,true,false,true,rare,true
goest,true,false,true,rare,true
goeth,true,false,true,rare,true
goety,true,false,true,rare,true
gofer,true,false,true,rare,true
goffs,true,false,true,rare,true
gogga,true,false,true,rare,true
gogos,true,false,true,rare,true
goier,true,false,true,rare,true
going,true,true,true,common,true
gojis,true,false,true,rare,true
golds,true,false,true,rare,true
goldy,true,false,true,rare,true
golem,true,true,true,common,true
goles,true,false,true,rare,true
golfs,true,false,true,rare,true
golly,true,true,true,common,true
golpe,true,false,true,rare,true
golps,true,false,true,rare,true
gombo,true,false,true,rare,true
gomer,true,false,true,rare,true
gompa,true,false,true,rare,true
gonad,true,true,true,common,true
gonch,true,false,true,rare,true
gonef,true,false,true,rare,true
goner,true,true,true,common,true
gongs,true,false,true,rare,true
gonia,true,false,true,rare,true
gonif,true,false,true,rare,true
gonks,true,false,true,rare,true
gonna,true,false,true,rare,true
gonof,true,false,true,rare,true
gonys,true,false,true,rare,true
gonzo,true,false,true,rare,true
gooby,true,false,true,rare,true
goods,true,false,true,rare,true
goody,true,true,true,common,true
gooey,true,true,true,common,true
goofs,true,false,true,rare,true
goofy,true,true,true,common,true
googs,true,false,true,rare,true
gooks,true,false,true,rare,true
gooky,true,false,true,rare,true
goold,true,false,true,rare,true
gools,true,false,true,rare,true
gooly,true,false,true,rare,true
goons,true,false,true,rare,true
goony,true,false,true,rare,true
goops,true,false,true,rare,true
goopy,true,false,true,rare,true
goors,true,false,true,rare,true
goory,true,false,true,rare,true
goose,true,true,true,common,true
goosy,true,false,true,rare,true
gopak,true,false,true,rare,true
gopik,true,false,true,rare,true
goral,true,false,true,rare,true
goras,true,false,true,rare,true
gored,true,false,true,rare,true
gores,true,false,true,rare,true
gorge,true,true,true,common,true
goris,true,false,true,rare,true
gorms,true,false,true,rare,true
gormy,true,false,true,rare,true
gorps,true,false,true,rare,true
gorse,true,false,true,rare,true
gorsy,true,false,true,rare,true
gosht,true,false,true,rare,true
gosse,true,false,true,rare,true
gotch,true,false,true,rare,true
goths,true,false,true,rare,true
gothy,true,false,true,rare,true
gotta,true,false,true,rare,true
gouch,true,false,true,rare,true
gouge,true,true,true,common,true
gouks,true,false,true,rare,true
goura,true,false,true,rare,true
gourd,true,true,true,common,true
gouts,true,false,true,rare,true
gouty,true,false,true,rare,true
gowan,true,false,true,rare,true
gowds,true,false,true,rare,true
gowfs,true,false,true,rare,true
gowks,true,false,true,rare,true
gowls,true,false,true,rare,true
gowns,true,false,true,rare,true
goxes,true,false,true,rare,true
goyim,true,false,true,rare,true
goyle,true,false,true,rare,true
graal,true,false,true,rare,true
grabs,true,false,true,rare,true
grace,true,true,true,common,true
grade,true,true,true,common,true
grads,true,false,true,rare,true
graff,true,false,true,rare,true
graft,true,true,true,common,true
grail,true,true,true,common,true
grain,true,true,true,common,true
graip,true,false,true,rare,true
grama,true,false,true,rare,true
grame,true,false,true,rare,true
gramp,true,false,true,rare,true
grams,true,false,true,rare,true
grana,true,false,true,rare,true
grand,true,true,true,common,true
grans,true,false,true,rare,true
grant,true,true,true,common,true
grape,true,true,true,common,true
graph,true,true,true,common,true
grapy,true,false,true,rare,true
grasp,true,true,true,common,true
grass,true,true,true,common,true
grate,true,true,true,common,true
grave,true,true,true,common,true
gravs,true,false,true,rare,true
gravy,true,true,true,common,true
grays,true,false,true,rare,true
graze,true,true,true,common,true
great,true,true,true,common,true
grebe,true,false,true,rare,true
grebo,true,false,true,rare,true
grece,true,false,true,rare,true
greed,true,true,true,common,true
greek,true,false,true,rare,true
green,true,true,true,common,true
grees,true,false,true,rare,true
greet,true,true,true,common,true
grege,true,false,true,rare,true
grego,true,false,true,rare,true
grein,true,false,true,rare,true
grens,true,false,true,rare,true
grese,true,false,true,rare,true
greve,true,false,true,rare,true
grews,true,false,true,rare,true
greys,true,false,true,rare,true
grice,true,false,true,rare,true
gride,true,false,true,rare,true
grids,true,false,true,rare,true
grief,true,true,true,common,true
griff,true,false,true,rare,true
grift,true,false,true,rare,true
grigs,true,false,true,rare,true
grike,true,false,true,rare,true
grill,true,true,true,common,true
grime,true,true,true,common,true
grimy,true,true,true,common,true
grind,true,true,true,common,true
grins,true,false,true,rare,true
griot,true,false,true,rare,true
gripe,true,true,true,common,true
grips,true,false,true,rare,true
gript,true,false,true,rare,true
gripy,true,false,true,rare,true
grise,true,false,true,rare,true
grist,true,false,true,rare,true
grisy,true,false,true,rare,true
grith,true,false,true,rare,true
grits,true,false,true,rare,true
grize,true,false,true,rare,true
groan,true,true,true,common,true
groat,true,false,true,rare,true
grody,true,false,true,rare,true
grogs,true,false,true,rare,true
groin,true,true,true,common,true
groks,true,false,true,rare,true
groma,true,false,true,rare,true
grone,true,false,true,rare,true
groof,true,false,true,rare,true
groom,true,true,true,common,true
grope,true,true,true,common,true
gross,true,true,true,common,true
grosz,true,false,true,rare,true
grots,true,false,true,rare,true
grouf,true,false,true,rare,true
group,true,true,true,common,true
grout,true,true,true,common,true
grove,true,true,true,common,true
grovy,true,false,true,rare,true
growl,true,true,true,common,true
grown,true,true,true,common,true
grows,true,false,true,rare,true
grrls,true,false,true,rare,true
grrrl,true,false,true,rare,true
grubs,true,false,true,rare,true
grued,true,false,true,rare,true
gruel,true,true,true,common,true
grues,true,false,true,rare,true
grufe,true,false,true,rare,true
gruff,true,true,true,common,true
grume,true,false,true,rare,true
grump,true,false,true,rare,true
grund,true,false,true,rare,true
grunt,true,true,true,common,true
gryce,true,false,true,rare,true
gryde,true,false,true,rare,true
gryke,true,false,true,rare,true
grype,true,false,true,rare,true
grypt,true,false,true,rare,true
guaco,true,false,true,rare,true
guana,true,false,true,rare,true
guano,true,false,true,rare,true
guans,true,false,true,rare,true
guard,true,true,true,common,true
guars,true,false,true,rare,true
guava,true,true,true,common,true
gucks,true,false,true,rare,true
gucky,true,false,true,rare,true
gudes,true,false,true,rare,true
guess,true,true,true,common,true
guest,true,true,true,common,true
guffs,true,false,true,rare,true
gugas,true,false,true,rare,true
guide,true,true,true,common,true
guids,true,false,true,rare,true
guild,true,true,true,common,true
guile,true,true,true,common,true
guilt,true,true,true,common,true
guimp,true,false,true,rare,true
guiro,true,false,true,rare,true
guise,true,true,true,common,true
gulag,true,false,true,rare,true
gular,true,false,true,rare,true
gulas,true,false,true,rare,true
gulch,true,true,true,common,true
gules,true,false,true,rare,true
gulet,true,false,true,rare,true
gulfs,true,false,true,rare,true
gulfy,true,false,true,rare,true
gulls,true,false,true,rare,true
gully,true,true,true,common,true
gulph,true,false,true,rare,true
gulps,true,false,true,rare,true
gulpy,true,false,true,rare,true
gumbo,true,true,true,common,true
gumma,true,false,true,rare,true
gummi,true,false,true,rare,true
gummy,true,true,true,common,true
gumps,true,false,true,rare,true
gundy,true,false,true,rare,true
gunge,true,false,true,rare,true
gungy,true,false,true,rare,true
gunks,true,false,true,rare,true
gunky,true,false,true,rare,true
gunny,true,false,true,rare,true
guppy,true,true,true,common,true
guqin,true,false,true,rare,true
gurdy,true,false,true,rare,true
gurge,true,false,true,rare,true
gurls,true,false,true,rare,true
gurly,true,false,true,rare,true
gurns,true,false,true,rare,true
gurry,true,false,true,rare,true
gursh,true,false,true,rare,true
gurus,true,false,true,rare,true
gushy,true,false,true,rare,true
gusla,true,false,true,rare,true
gusle,true,false,true,rare,true
gusli,true,false,true,rare,true
gussy,true,false,true,rare,true
gusto,true,true,true,common,true
gusts,true,false,true,rare,true
gusty,true,true,true,common,true
gutsy,true,false,true,rare,true
gutta,true,false,true,rare,true
gutty,true,false,true,rare,true
guyed,true,false,true,rare,true
guyle,true,false,true,rare,true
guyot,true,false,true,rare,true
guyse,true,false,true,rare,true
gwine,true,false,true,rare,true
gyals,true,false,true,rare,true
gyans,true,false,true,rare,true
gybed,true,false,true,rare,true
gybes,true,false,true,rare,true
gyeld,true,false,true,rare,true
gymps,true,false,true,rare,true
gynae,true,false,true,rare,true
gynie,true,false,true,rare,true
gynny,true,false,true,rare,true
gynos,true,false,true,rare,true
gyoza,true,false,true,rare,true
gypos,true,false,true,rare,true
gyppo,true,false,true,rare,true
gyppy,true,false,true,rare,true
gypsy,true,true,true,common,true
gyral,true,false,true,rare,true
gyred,true,false,true,rare,true
gyres,true,false,true,rare,true
gyron,true,false,true,rare,true
gyros,true,false,true,rare,true
gyrus,true,false,true,rare,true
gytes,true,false,true,rare,true
gyved,true,false,true,rare,true
gyves,true,false,true,rare,true
haafs,true,false,true,rare,true
haars,true,false,true,rare,true
habit,true,true,true,common,true
hable,true,false,true,rare,true
habus,true,false,true,rare,true
hacek,true,false,true,rare,true
hacks,true,false,true,rare,true
hadal,true,false,true,rare,true
haded,true,false,true,rare,true
hades,true,false,true,rare,true
hadji,true,false,true,rare,true
hadst,true,false,true,rare,true
haems,true,false,true,rare,true
haets,true,false,true,rare,true
haffs,true,false,true,rare,true
hafiz,true,false,true,rare,true
hafts,true,false,true,rare,true
haggs,true,false,true,rare,true
hahas,true,false,true,rare,true
haick,true,false,true,rare,true
haika,true,false,true,rare,true
haiks,true,false,true,rare,true
haiku,true,false,true,rare,true
hails,true,false,true,rare,true
haily,true,false,true,rare,true
hains,true,false,true,rare,true
haint,true,false,true,rare,true
hairs,true,false,true,rare,true
hairy,true,true,true,common,true
haith,true,false,true,rare,true
hajes,true,false,true,rare,true
hajis,true,false,true,rare,true
hajji,true,false,true,rare,true
hakam,true,false,true,rare,true
hakas,true,false,true,rare,true
hakea,true,false,true,rare,true
hakes,true,false,true,rare,true
hakim,true,false,true,rare,true
hakus,true,false,true,rare,true
halal,true,false,true,rare,true
haled,true,false,true,rare,true
haler,true,false,true,rare,true
hales,true,false,true,rare,true
halfa,true,false,true,rare,true
halfs,true,false,true,rare,true
halid,true,false,true,rare,true
hallo,true,false,true,rare,true
halls,true,false,true,rare,true
halma,true,false,true,rare,true
halms,true,false,true,rare,true
halon,true,false,true,rare,true
halos,true,false,true,rare,true
halse,true,false,true,rare,true
halts,true,false,true,rare,true
halva,true,false,true,rare,true
halve,true,true,true,common,true
halwa,true,false,true,rare,true
hamal,true,false,true,rare,true
hamba,true,false,true,rare,true
hamed,true,false,true,rare,true
hames,true,false,true,rare,true
hammy,true,false,true,rare,true
hamza,true,false,true,rare,true
hanap,true,false,true,rare,true
hance,true,false,true,rare,true
hanch,true,false,true,rare,true
hands,true,false,true,rare,true
handy,true,true,true,common,true
hangi,true,false,true,rare,true
hangs,true,false,true,rare,true
hanks,true,false,true,rare,true
hanky,true,false,true,rare,true
hansa,true,false,true,rare,true
hanse,true,false,true,rare,true
hants,true,false,true,rare,true
haole,true,false,true,rare,true
haoma,true,false,true,rare,true
hapax,true,false,true,rare,true
haply,true,false,true,rare,true
happi,true,false,true,rare,true
happy,true,true,true,common,true
hapus,true,false,true,rare,true
haram,true,false,true,rare,true
hards,true,false,true,rare,true
hardy,true,true,true,common,true
hared,true,false,true,rare,true
harem,true,true,true,common,true
hares,true,false,true,rare,true
harim,true,false,true,rare,true
harks,true,false,true,rare,true
harls,true,false,true,rare,true
harms,true,false,true,rare,true
harns,true,false,true,rare,true
haros,true,false,true,rare,true
harps,true,false,true,rare,true
harpy,true,true,true,common,true
harry,true,true,true,common,true
harsh,true,true,true,common,true
harts,true,false,true,rare,true
hashy,true,false,true,rare,true
hasks,true,false,true,rare,true
hasps,true,false,true,rare,true
hasta,true,false,true,rare,true
haste,true,true,true,common,true
hasty,true,true,true,common,true
hatch,true,true,true,common,true
hated,true,false,true,rare,true
hater,true,true,true,common,true
hates,true,false,true,rare,true
hatha,true,false,true,rare,true
hauds,true,false,true,rare,true
haufs,true,false,true,rare,true
haugh,true,false,true,rare,true
hauld,true,false,true,rare,true
haulm,true,false,true,rare,true
hauls,true,false,true,rare,true
hault,true,false,true,rare,true
hauns,true,false,true,rare,true
haunt,true,true,true,common,true
hause,true,false,true,rare,true
haute,true,true,true,common,true
haven,true,true,true,common,true
haver,true,false,true,rare,true
haves,true,false,true,rare,true
havoc,true,true,true,common,true
hawed,true,false,true,rare,true
hawks,true,false,true,rare,true
hawms,true,false,true,rare,true
hawse,true,false,true,rare,true
hayed,true,false,true,rare,true
hayer,true,false,true,rare,true
hayey,true,false,true,rare,true
hayle,true,false,true,rare,true
hazan,true,false,true,rare,true
hazed,true,false,true,rare,true
hazel,true,true,true,common,true
hazer,true,false,true,rare,true
hazes,true,false,true,rare,true
heads,true,false,true,rare,true
heady,true,true,true,common,true
heald,true,false,true,rare,true
heals,true,false,true,rare,true
heame,true,false,true,rare,true
heaps,true,false,true,rare,true
heapy,true,false,true,rare,true
heard,true,true,true,common,true
heare,true,false,true,rare,true
hears,true,false,true,rare,true
heart,true,true,true,common,true
heast,true,false,true,rare,true
heath,true,true,true,common,true
heats,true,false,true,rare,true
heave,true,true,true,common,true
heavy,true,true,true,common,true
heben,true,false,true,rare,true
hebes,true,false,true,rare,true
hecht,true,false,true,rare,true
hecks,true,false,true,rare,true
heder,true,false,true,rare,true
hedge,true,true,true,common,true
hedgy,true,false,true,rare,true
heeds,true,false,true,rare,true
heedy,true,false,true,rare,true
heels,true,false,true,rare,true
heeze,true,false,true,rare,true
hefte,true,false,true,rare,true
hefts,true,false,true,rare,true
hefty,true,true,true,common,true
heids,true,false,true,rare,true
heigh,true,false,true,rare,true
heils,true,false,true,rare,true
heirs,true,false,true,rare,true
heist,true,true,true,common,true
hejab,true,false,true,rare,true
hejra,true,false,true,rare,true
heled,true,false,true,rare,true
heles,true,false,true,rare,true
helio,true,false,true,rare,true
helix,true,true,true,common,true
hello,true,true,true,common,true
hells,true,false,true,rare,true
helms,true,false,true,rare,true
helos,true,false,true,rare,true
helot,true,false,true,rare,true
helps,true,false,true,rare,true
helve,true,false,true,rare,true
hemal,true,false,true,rare,true
hemes,true,false,true,rare,true
hemic,true,false,true,rare,true
hemin,true,false,true,rare,true
hemps,true,false,true,rare,true
hempy,true,false,true,rare,true
hence,true,true,true,common,true
hench,true,false,true,rare,true
hends,true,false,true,rare,true
henge,true,false,true,rare,true
henna,true,false,true,rare,true
henny,true,false,true,rare,true
henry,true,false,true,rare,true
hents,true,false,true,rare,true
hepar,true,false,true,rare,true
herbs,true,false,true,rare,true
herby,true,false,true,rare,true
herds,true,false,true,rare,true
heres,true,false,true,rare,true
herls,true,false,true,rare,true
herma,true,false,true,rare,true
herms,true,false,true,rare,true
herns,true,false,true,rare,true
heron,true,true,true,common,true
heros,true,false,true,rare,true
herry,true,false,true,rare,true
herse,true,false,true,rare,true
hertz,true,false,true,rare,true
herye,true,false,true,rare,true
hesps,true,false,true,rare,true
hests,true,false,true,rare,true
hetes,true,false,true,rare,true
heths,true,false,true,rare,true
heuch,true,false,true,rare,true
heugh,true,false,true,rare,true
hevea,true,false,true,rare,true
hewed,true,false,true,rare,true
hewer,true,false,true,rare,true
hewgh,true,false,true,rare,true
hexad,true,false,true,rare,true
hexed,true,false,true,rare,true
hexer,true,false,true,rare,true
hexes,true,false,true,rare,true
hexyl,true,false,true,rare,true
heyed,true,false,true,rare,true
hiant,true,false,true,rare,true
hicks,true,false,true,rare,true
hided,true,false,true,rare,true
hider,true,false,true,rare,true
hides,true,false,true,rare,true
hiems,true,false,true,rare,true
highs,true,false,true,rare,true
hight,true,false,true,rare,true
hijab,true,false,true,rare,true
hijra,true,false,true,rare,true
hiked,true,false,true,rare,true
hiker,true,false,true,rare,true
hikes,true,false,true,rare,true
hikoi,true,false,true,rare,true
hilar,true,false,true,rare,true
hilch,true,false,true,rare,true
hillo,true,false,true,rare,true
hills,true,false,true,rare,true
hilly,true,true,true,common,true
hilts,true,false,true,rare,true
hilum,true,false,true,rare,true
hilus,true,false,true,rare,true
himbo,true,false,true,rare,true
hinau,true,false,true,rare,true
hinds,true,false,true,rare,true
hinge,true,true,true,common,true
hings,true,false,true,rare,true
hinky,true,false,true,rare,true
hinny,true,false,true,rare,true
hints,true,false,true,rare,true
hiois,true,false,true,rare,true
hiply,true,false,true,rare,true
hippo,true,true,true,common,true
hippy,true,true,true,common,true
hired,true,false,true,rare,true
hiree,true,false,true,rare,true
hirer,true,false,true,rare,true
hires,true,false,true,rare,true
hissy,true,false,true,rare,true
hists,true,false,true,rare,true
hitch,true,true,true,common,true
hithe,true,false,true,rare,true
hived,true,false,true,rare,true
hiver,true,false,true,rare,true
hives,true,false,true,rare,true
hizen,true,false,true,rare,true
hoaed,true,false,true,rare,true
hoagy,true,false,true,rare,true
hoard,true,true,true,common,true
hoars,true,false,true,rare,true
hoary,true,false,true,rare,true
hoast,true,false,true,rare,true
hobby,true,true,true,common,true
hobos,true,false,true,rare,true
hocks,true,false,true,rare,true
hocus,true,false,true,rare,true
hodad,true,false,true,rare,true
hodja,true,false,true,rare,true
hoers,true,false,true,rare,true
hogan,true,false,true,rare,true
hogen,true,false,true,rare,true
hoggs,true,false,true,rare,true
hoghs,true,false,true,rare,true
hohed,true,false,true,rare,true
hoick,true,false,true,rare,true
hoied,true,false,true,rare,true
hoiks,true,false,true,rare,true
hoing,true,false,true,rare,true
hoise,true,false,true,rare,true
hoist,true,true,true,common,true
hokas,true,false,true,rare,true
hoked,true,false,true,rare,true
hokes,true,false,true,rare,true
hokey,true,false,true,rare,true
hokis,true,false,true,rare,true
hokku,true,false,true,rare,true
hokum,true,false,true,rare,true
holds,true,false,true,rare,true
holed,true,false,true,rare,true
holes,true,false,true,rare,true
holey,true,false,true,rare,true
holks,true,false,true,rare,true
holla,true,false,true,rare,true
hollo,true,false,true,rare,true
holly,true,true,true,common,true
holme,true,false,true,rare,true
holms,true,false,true,rare,true
holon,true,false,true,rare,true
holos,true,false,true,rare,true
holts,true,false,true,rare,true
homas,true,false,true,rare,true
homed,true,false,true,rare,true
homer,true,true,true,common,true
homes,true,false,true,rare,true
homey,true,false,true,rare,true
homie,true,false,true,rare,true
homme,true,false,true,rare,true
homos,true,false,true,rare,true
honan,true,false,true,rare,true
honda,true,false,true,rare,true
honds,true,false,true,rare,true
honed,true,false,true,rare,true
honer,true,false,true,rare,true
hones,true,false,true,rare,true
honey,true,true,true,common,true
hongi,true,false,true,rare,true
hongs,true,false,true,rare,true
honks,true,false,true,rare,true
honky,true,false,true,rare,true
honor,true,true,true,common,true
hooch,true,false,true,rare,true
hoods,true,false,true,rare,true
hoody,true,false,true,rare,true
hooey,true,false,true,rare,true
hoofs,true,false,true,rare,true
hooka,true,false,true,rare,true
hooks,true,false,true,rare,true
hooky,true,false,true,rare,true
hooly,true,false,true,rare,true
hoons,true,false,true,rare,true
hoops,true,false,true,rare,true
hoord,true,false,true,rare,true
hoors,true,false,true,rare,true
hoosh,true,false,true,rare,true
hoots,true,false,true,rare,true
hooty,true,false,true,rare,true
hoove,true,false,true,rare,true
hopak,true,false,true,rare,true
hoped,true,false,true,rare,true
hoper,true,false,true,rare,true
hopes,true,false,true,rare,true
hoppy,true,false,true,rare,true
horah,true,false,true,rare,true
horal,true,false,true,rare,true
horas,true,false,true,rare,true
horde,true,true,true,common,true
horis,true,false,true,rare,true
horks,true,false,true,rare,true
horme,true,false,true,rare,true
horns,true,false,true,rare,true
horny,true,true,true,common,true
horse,true,true,true,common,true
horst,true,false,true,rare,true
horsy,true,false,true,rare,true
hosed,true,false,true,rare,true
hosel,true,false,true,rare,true
hosen,true,false,true,rare,true
hoser,true,false,true,rare,true
hoses,true,false,true,rare,true
hosey,true,false,true,rare,true
hosta,true,false,true,rare,true
hosts,true,false,true,rare,true
hotch,true,false,true,rare,true
hotel,true,true,true,common,true
hoten,true,false,true,rare,true
hotly,true,true,true,common,true
hotty,true,false,true,rare,true
houff,true,false,true,rare,true
houfs,true,false,true,rare,true
hough,true,false,true,rare,true
hound,true,true,true,common,true
houri,true,false,true,rare,true
hours,true,false,true,rare,true
house,true,true,true,common,true
houts,true,false,true,rare,true
hovea,true,false,true,rare,true
hoved,true,false,true,rare,true
hovel,true,true,true,common,true
hoven,true,false,true,rare,true
hover,true,true,true,common,true
hoves,true,false,true,rare,true
howbe,true,false,true,rare,true
howdy,true,true,true,common,true
howes,true,false,true,rare,true
howff,true,false,true,rare,true
howfs,true,false,true,rare,true
howks,true,false,true,rare,true
howls,true,false,true,rare,true
howre,true,false,true,rare,true
howso,true,false,true,rare,true
hoxed,true,false,true,rare,true
hoxes,true,false,true,rare,true
hoyas,true,false,true,rare,true
hoyed,true,false,true,rare,true
hoyle,true,false,true,rare,true
hubby,true,false,true,rare,true
hucks,true,false,true,rare,true
hudna,true,false,true,rare,true
hudud,true,false,true,rare,true
huers,true,false,true,rare,true
huffs,true,false,true,rare,true
huffy,true,false,true,rare,true
huger,true,false,true,rare,true
huggy,true,false,true,rare,true
huhus,true,false,true,rare,true
huias,true,false,true,rare,true
hulas,true,false,true,rare,true
hules,true,false,true,rare,true
hulks,true,false,true,rare,true
hulky,true,false,true,rare,true
hullo,true,false,true,rare,true
hulls,true,false,true,rare,true
hully,true,false,true,rare,true
human,true,true,true,common,true
humas,true,false,true,rare,true
humfs,true,false,true,rare,true
humic,true,false,true,rare,true
humid,true,true,true,common,true
humor,true,true,true,common,true
humph,true,true,true,common,true
humps,true,false,true,rare,true
humpy,true,false,true,rare,true
humus,true,true,true,common,true
hunch,true,true,true,common,true
hunks,true,false,true,rare,true
hunky,true,true,true,common,true
hunts,true,false,true,rare,true
hurds,true,false,true,rare,true
hurls,true,false,true,rare,true
hurly,true,false,true,rare,true
hurra,true,false,true,rare,true
hurry,true,true,true,common,true
hurst,true,false,true,rare,true
hurts,true,false,true,rare,true
hushy,true,false,true,rare,true
husks,true,false,true,rare,true
husky,true,true,true,common,true
husos,true,false,true,rare,true
hussy,true,true,true,common,true
hutch,true,true,true,common,true
hutia,true,false,true,rare,true
huzza,true,false,true,rare,true
huzzy,true,false,true,rare,true
hwyls,true,false,true,rare,true
hydra,true,false,true,rare,true
hydro,true,true,true,common,true
hyena,true,true,true,common,true
hyens,true,false,true,rare,true
hygge,true,false,true,rare,true
hying,true,false,true,rare,true
hykes,true,false,true,rare,true
hylas,true,false,true,rare,true
hyleg,true,false,true,rare,true
hyles,true,false,true,rare,true
hylic,true,false,true,rare,true
hymen,true,true,true,common,true
hymns,true,false,true,rare,true
hynde,true,false,true,rare,true
hyoid,true,false,true,rare,true
hyped,true,false,true,rare,true
hyper,true,true,true,common,true
hypes,true,false,true,rare,true
hypha,true,false,true,rare,true
hyphy,true,false,true,rare,true
hypos,true,false,true,rare,true
hyrax,true,false,true,rare,true
hyson,true,false,true,rare,true
hythe,true,false,true,rare,true
iambi,true,false,true,rare,true
iambs,true,false,true,rare,true
ibrik,true,false,true,rare,true
icers,true,false,true,rare,true
iched,true,false,true,rare,true
iches,true,false,true,rare,true
ichor,true,false,true,rare,true
icier,true,false,true,rare,true
icily,true,true,true,common,true
icing,true,true,true,common,true
icker,true,false,true,rare,true
ickle,true,false,true,rare,true
icons,true,false,true,rare,true
ictal,true,false,true,rare,true
ictic,true,false,true,rare,true
ictus,true,false,true,rare,true
idant,true,false,true,rare,true
ideal,true,true,true,common,true
ideas,true,false,true,rare,true
idees,true,false,true,rare,true
ident,true,false,true,rare,true
idiom,true,true,true,common,true
idiot,true,true,true,common,true
idled,true,false,true,rare,true
idler,true,true,true,common,true
idles,true,false,true,rare,true
idola,true,false,true,rare,true
idols,true,false,true,rare,true
idyll,true,true,true,common,true
idyls,true,false,true,rare,true
iftar,true,false,true,rare,true
igapo,true,false,true,rare,true
igged,true,false,true,rare,true
igloo,true,true,true,common,true
iglus,true,false,true,rare,true
ihram,true,false,true,rare,true
ikans,true,false,true,rare,true
ikats,true,false,true,rare,true
ikons,true,false,true,rare,true
ileac,true,false,true,rare,true
ileal,true,false,true,rare,true
ileum,true,false,true,rare,true
ileus,true,false,true,rare,true
iliac,true,true,true,common,true
iliad,true,false,true,rare,true
ilial,true,false,true,rare,true
ilium,true,false,true,rare,true
iller,true,false,true,rare,true
illth,true,false,true,rare,true
image,true,true,true,common,true
imago,true,false,true,rare,true
imams,true,false,true,rare,true
imari,true,false,true,rare,true
imaum,true,false,true,rare,true
imbar,true,false,true,rare,true
imbed,true,false,true,rare,true
imbue,true,true,true,common,true
imide,true,false,true,rare,true
imido,true,false,true,rare,true
imids,true,false,true,rare,true
imine,true,false,true,rare,true
imino,true,false,true,rare,true
immew,true,false,true,rare,true
immit,true,false,true,rare,true
immix,true,false,true,rare,true
imped,true,false,true,rare,true
impel,true,true,true,common,true
impis,true,false,true,rare,true
imply,true,true,true,common,true
impot,true,false,true,rare,true
impro,true,false,true,rare,true
imshi,true,false,true,rare,true
imshy,true,false,true,rare,true
inane,true,true,true,common,true
inapt,true,false,true,rare,true
inarm,true,false,true,rare,true
inbox,true,true,true,common,true
inbye,true,false,true,rare,true
incel,true,false,true,rare,true
incle,true,false,true,rare,true
incog,true,false,true,rare,true
incur,true,true,true,common,true
incus,true,false,true,rare,true
incut,true,false,true,rare,true
indew,true,false,true,rare,true
index,true,true,true,common,true
india,true,false,true,rare,true
indie,true,false,true,rare,true
indol,true,false,true,rare,true
indow,true,false,true,rare,true
indri,true,false,true,rare,true
indue,true,false,true,rare,true
inept,true,true,true,common,true
inerm,true,false,true,rare,true
inert,true,true,true,common,true
infer,true,true,true,common,true
infix,true,false,true,rare,true
infos,true,false,true,rare,true
infra,true,false,true,rare,true
ingan,true,false,true,rare,true
ingle,true,false,true,rare,true
ingot,true,true,true,common,true
inion,true,false,true,rare,true
inked,true,false,true,rare,true
inker,true,false,true,rare,true
inkle,true,false,true,rare,true
inlay,true,true,true,common,true
inlet,true,true,true,common,true
inned,true,false,true,rare,true
inner,true,true,true,common,true
innit,true,false,true,rare,true
inorb,true,false,true,rare,true
input,true,true,true,common,true
inrun,true,false,true,rare,true
inset,true,false,true,rare,true
inspo,true,false,true,rare,true
intel,true,false,true,rare,true
inter,true,true,true,common,true
intil,true,false,true,rare,true
intis,true,false,true,rare,true
intra,true,false,true,rare,true
intro,true,true,true,common,true
inula,true,false,true,rare,true
inure,true,false,true,rare,true
inurn,true,false,true,rare,true
inust,true,false,true,rare,true
invar,true,false,true,rare,true
inwit,true,false,true,rare,true
iodic,true,false,true,rare,true
iodid,true,false,true,rare,true
iodin,true,false,true,rare,true
ionic,true,true,true,common,true
iotas,true,false,true,rare,true
ippon,true,false,true,rare,true
irade,true,false,true,rare,true
irate,true,true,true,common,true
irids,true,false,true,rare,true
iring,true,false,true,rare,true
irked,true,false,true,rare,true
iroko,true,false,true,rare,true
irone,true,false,true,rare,true
irons,true,false,true,rare,true
irony,true,true,true,common,true
isbas,true,false,true,rare,true
ishes,true,false,true,rare,true
isled,true,false,true,rare,true
isles,true,false,true,rare,true
islet,true,true,true,common,true
isnae,true,false,true,rare,true
issei,true,false,true,rare,true
issue,true,true,true,common,true
istle,true,false,true,rare,true
itchy,true,true,true,common,true
items,true,false,true,rare,true
ither,true,false,true,rare,true
ivied,true,false,true,rare,true
ivies,true,false,true,rare,true
ivory,true,true,true,common,true
ixias,true,false,true,rare,true
ixnay,true,false,true,rare,true
ixora,true,false,true,rare,true
ixtle,true,false,true,rare,true
izard,true,false,true,rare,true
izars,true,false,true,rare,true
izzat,true,false,true,rare,true
jaaps,true,false,true,rare,true
jabot,true,false,true,rare,true
jacal,true,false,true,rare,true
jacks,true,false,true,rare,true
jacky,true,false,true,rare,true
jaded,true,false,true,rare,true
jades,true,false,true,rare,true
jafas,true,false,true,rare,true
jaffa,true,false,true,rare,true
jagas,true,false,true,rare,true
jager,true,false,true,rare,true
jaggs,true,false,true,rare,true
jaggy,true,false,true,rare,true
jagir,true,false,true,rare,true
jagra,true,false,true,rare,true
jails,true,false,true,rare,true
jaker,true,false,true,rare,true
jakes,true,false,true,rare,true
jakey,true,false,true,rare,true
jalap,true,false,true,rare,true
jalop,true,false,true,rare,true
jambe,true,false,true,rare,true
jambo,true,false,true,rare,true
jambs,true,false,true,rare,true
jambu,true,false,true,rare,true
james,true,false,true,rare,true
jammy,true,false,true,rare,true
jamon,true,false,true,rare,true
janes,true,false,true,rare,true
janns,true,false,true,rare,true
janny,true,false,true,rare,true
janty,true,false,true,rare,true
japan,true,false,true,rare,true
japed,true,false,true,rare,true
japer,true,false,true,rare,true
japes,true,false,true,rare,true
jarks,true,false,true,rare,true
jarls,true,false,true,rare,true
jarps,true,false,true,rare,true
jarta,true,false,true,rare,true
jarul,true,false,true,rare,true
jasey,true,false,true,rare,true
jaspe,true,false,true,rare,true
jasps,true,false,true,rare,true
jatos,true,false,true,rare,true
jauks,true,false,true,rare,true
jaunt,true,true,true,common,true
jaups,true,false,true,rare,true
javas,true,false,true,rare,true
javel,true,false,true,rare,true
jawan,true,false,true,rare,true
jawed,true,false,true,rare,true
jaxie,true,false,true,rare,true
jazzy,true,true,true,common,true
jeans,true,false,true,rare,true
jeats,true,false,true,rare,true
jebel,true,false,true,rare,true
jedis,true,false,true,rare,true
jeels,true,false,true,rare,true
jeely,true,false,true,rare,true
jeeps,true,false,true,rare,true
jeers,true,false,true,rare,true
jeeze,true,false,true,rare,true
jefes,true,false,true,rare,true
jeffs,true,false,true,rare,true
jehad,true,false,true,rare,true
jehus,true,false,true,rare,true
jelab,true,false,true,rare,true
jello,true,false,true,rare,true
jells,true,false,true,rare,true
jelly,true,true,true,common,true
jembe,true,false,true,rare,true
jemmy,true,false,true,rare,true
jenny,true,false,true,rare,true
jeons,true,false,true,rare,true
jerid,true,false,true,rare,true
jerks,true,false,true,rare,true
jerky,true,true,true,common,true
jerry,true,false,true,rare,true
jesse,true,false,true,rare,true
jests,true,false,true,rare,true
jesus,true,false,true,rare,true
jetes,true,false,true,rare,true
jeton,true,false,true,rare,true
jetty,true,true,true,common,true
jeune,true,false,true,rare,true
jewed,true,false,true,rare,true
jewel,true,true,true,common,true
jewie,true,false,true,rare,true
jhala,true,false,true,rare,true
jiaos,true,false,true,rare,true
jibba,true,false,true,rare,true
jibbs,true,false,true,rare,true
jibed,true,false,true,rare,true
jiber,true,false,true,rare,true
jibes,true,false,true,rare,true
jiffs,true,false,true,rare,true
jiffy,true,true,true,common,true
jiggy,true,false,true,rare,true
jigot,true,false,true,rare,true
jihad,true,false,true,rare,true
jills,true,false,true,rare,true
jilts,true,false,true,rare,true
jimmy,true,false,true,rare,true
jimpy,true,false,true,rare,true
jingo,true,false,true,rare,true
jinks,true,false,true,rare,true
jinne,true,false,true,rare,true
jinni,true,false,true,rare,true
jinns,true,false,true,rare,true
jirds,true,false,true,rare,true
jirga,true,false,true,rare,true
jirre,true,false,true,rare,true
jisms,true,false,true,rare,true
jived,true,false,true,rare,true
jiver,true,false,true,rare,true
jives,true,false,true,rare,true
jivey,true,false,true,rare,true
jnana,true,false,true,rare,true
jobed,true,false,true,rare,true
jobes,true,false,true,rare,true
jocko,true,false,true,rare,true
jocks,true,false,true,rare,true
jocky,true,false,true,rare,true
jocos,true,false,true,rare,true
jodel,true,false,true,rare,true
joeys,true,false,true,rare,true
johns,true,false,true,rare,true
joins,true,false,true,rare,true
joint,true,true,true,common,true
joist,true,true,true,common,true
joked,true,false,true,rare,true
joker,true,true,true,common,true
jokes,true,false,true,rare,true
jokey,true,false,true,rare,true
jokol,true,false,true,rare,true
joled,true,false,true,rare,true
joles,true,false,true,rare,true
jolls,true,false,true,rare,true
jolly,true,true,true,common,true
jolts,true,false,true,rare,true
jolty,true,false,true,rare,true
jomon,true,false,true,rare,true
jomos,true,false,true,rare,true
jones,true,false,true,rare,true
jongs,true,false,true,rare,true
jonty,true,false,true,rare,true
jooks,true,false,true,rare,true
joram,true,false,true,rare,true
jorum,true,false,true,rare,true
jotas,true,false,true,rare,true
jotty,true,false,true,rare,true
jotun,true,false,true,rare,true
joual,true,false,true,rare,true
jougs,true,false,true,rare,true
jouks,true,false,true,rare,true
joule,true,false,true,rare,true
jours,true,false,true,rare,true
joust,true,true,true,common,true
jowar,true,false,true,rare,true
jowed,true,false,true,rare,true
jowls,true,false,true,rare,true
jowly,true,false,true,rare,true
joyed,true,false,true,rare,true
jubas,true,false,true,rare,true
jubes,true,false,true,rare,true
jucos,true,false,true,rare,true
judas,true,false,true,rare,true
judge,true,true,true,common,true
judgy,true,false,true,rare,true
judos,true,false,true,rare,true
jugal,true,false,true,rare,true
jugum,true,false,true,rare,true
juice,true,true,true,common,true
juicy,true,true,true,common,true
jujus,true,false,true,rare,true
juked,true,false,true,rare,true
jukes,true,false,true,rare,true
jukus,true,false,true,rare,true
julep,true,false,true,rare,true
jumar,true,false,true,rare,true
jumbo,true,true,true,common,true
jumby,true,false,true,rare,true
jumps,true,false,true,rare,true
jumpy,true,true,true,common,true
junco,true,false,true,rare,true
junks,true,false,true,rare,true
junky,true,false,true,rare,true
junta,true,true,true,common,true
junto,true,true,true,common,true
jupes,true,false,true,rare,true
jupon,true,false,true,rare,true
jural,true,false,true,rare,true
jurat,true,false,true,rare,true
jurel,true,false,true,rare,true
jures,true,false,true,rare,true
juror,true,true,true,common,true
justs,true,false,true,rare,true
jutes,true,false,true,rare,true
jutty,true,false,true,rare,true
juves,true,false,true,rare,true
juvie,true,false,true,rare,true
kaama,true,false,true,rare,true
kabab,true,false,true,rare,true
kabar,true,false,true,rare,true
kabob,true,false,true,rare,true
kacha,true,false,true,rare,true
kacks,true,false,true,rare,true
kadai,true,false,true,rare,true
kades,true,false,true,rare,true
kadis,true,false,true,rare,true
kafir,true,false,true,rare,true
kagos,true,false,true,rare,true
kagus,true,false,true,rare,true
kahal,true,false,true,rare,true
kaiak,true,false,true,rare,true
kaids,true,false,true,rare,true
kaies,true,false,true,rare,true
kaifs,true,false,true,rare,true
kaika,true,false,true,rare,true
kaiks,true,false,true,rare,true
kails,true,false,true,rare,true
kaims,true,false,true,rare,true
kaing,true,false,true,rare,true
kains,true,false,true,rare,true
kakas,true,false,true,rare,true
kakis,true,false,true,rare,true
kalam,true,false,true,rare,true
kales,true,false,true,rare,true
kalif,true,false,true,rare,true
kalis,true,false,true,rare,true
kalpa,true,false,true,rare,true
kamas,true,false,true,rare,true
kames,true,false,true,rare,true
kamik,true,false,true,rare,true
kamis,true,false,true,rare,true
kamme,true,false,true,rare,true
kanae,true,false,true,rare,true
kanas,true,false,true,rare,true
kandy,true,false,true,rare,true
kaneh,true,false,true,rare,true
kanes,true,false,true,rare,true
kanga,true,false,true,rare,true
kangs,true,false,true,rare,true
kanji,true,false,true,rare,true
kants,true,false,true,rare,true
kanzu,true,false,true,rare,true
kaons,true,false,true,rare,true
kapas,true,false,true,rare,true
kaphs,true,false,true,rare,true
kapok,true,false,true,rare,true
kapow,true,false,true,rare,true
kappa,true,true,true,common,true
kapus,true,false,true,rare,true
kaput,true,false,true,rare,true
karas,true,false,true,rare,true
karat,true,false,true,rare,true
karks,true,false,true,rare,true
karma,true,true,true,common,true
karns,true,false,true,rare,true
karoo,true,false,true,rare,true
karos,true,false,true,rare,true
karri,true,false,true,rare,true
karst,true,false,true,rare,true
karsy,true,false,true,rare,true
karts,true,false,true,rare,true
karzy,true,false,true,rare,true
kasha,true,false,true,rare,true
kasme,true,false,true,rare,true
katal,true,false,true,rare,true
katas,true,false,true,rare,true
katis,true,false,true,rare,true
katti,true,false,true,rare,true
kaugh,true,false,true,rare,true
kauri,true,false,true,rare,true
kauru,true,false,true,rare,true
kaury,true,false,true,rare,true
kaval,true,false,true,rare,true
kavas,true,false,true,rare,true
kawas,true,false,true,rare,true
kawau,true,false,true,rare,true
kawed,true,false,true,rare,true
kayak,true,true,true,common,true
kayle,true,false,true,rare,true
kayos,true,false,true,rare,true
kazis,true,false,true,rare,true
kazoo,true,false,true,rare,true
kbars,true,false,true,rare,true
kebab,true,true,true,common,true
kebar,true,false,true,rare,true
kebob,true,false,true,rare,true
kecks,true,false,true,rare,true
kedge,true,false,true,rare,true
kedgy,true,false,true,rare,true
keech,true,false,true,rare,true
keefs,true,false,true,rare,true
keeks,true,false,true,rare,true
keels,true,false,true,rare,true
keema,true,false,true,rare,true
keeno,true,false,true,rare,true
keens,true,false,true,rare,true
keeps,true,false,true,rare,true
keets,true,false,true,rare,true
keeve,true,false,true,rare,true
kefir,true,false,true,rare,true
kehua,true,false,true,rare,true
keirs,true,false,true,rare,true
kelep,true,false,true,rare,true
kelim,true,false,true,rare,true
kells,true,false,true,rare,true
kelly,true,false,true,rare,true
kelps,true,false,true,rare,true
kelpy,true,false,true,rare,true
kelts,true,false,true,rare,true
kelty,true,false,true,rare,true
kembo,true,false,true,rare,true
kembs,true,false,true,rare,true
kemps,true,false,true,rare,true
kempt,true,false,true,rare,true
kempy,true,false,true,rare,true
kenaf,true,false,true,rare,true
kench,true,false,true,rare,true
kendo,true,false,true,rare,true
kenos,true,false,true,rare,true
kente,true,false,true,rare,true
kents,true,false,true,rare,true
kepis,true,false,true,rare,true
kerbs,true,false,true,rare,true
kerel,true,false,true,rare,true
kerfs,true,false,true,rare,true
kerky,true,false,true,rare,true
kerma,true,false,true,rare,true
kerne,true,false,true,rare,true
kerns,true,false,true,rare,true
keros,true,false,true,rare,true
kerry,true,false,true,rare,true
kerve,true,false,true,rare,true
kesar,true,false,true,rare,true
kests,true,false,true,rare,true
ketas,true,false,true,rare,true
ketch,true,false,true,rare,true
ketes,true,false,true,rare,true
ketol,true,false,true,rare,true
kevel,true,false,true,rare,true
kevil,true,false,true,rare,true
kexes,true,false,true,rare,true
keyed,true,false,true,rare,true
keyer,true,false,true,rare,true
khadi,true,false,true,rare,true
khafs,true,false,true,rare,true
khaki,true,true,true,common,true
khans,true,false,true,rare,true
khaph,true,false,true,rare,true
khats,true,false,true,rare,true
khaya,true,false,true,rare,true
khazi,true,false,true,rare,true
kheda,true,false,true,rare,true
kheth,true,false,true,rare,true
khets,true,false,true,rare,true
khoja,true,false,true,rare,true
khors,true,false,true,rare,true
khoum,true,false,true,rare,true
khuds,true,false,true,rare,true
kiaat,true,false,true,rare,true
kiack,true,false,true,rare,true
kiang,true,false,true,rare,true
kibbe,true,false,true,rare,true
kibbi,true,false,true,rare,true
kibei,true,false,true,rare,true
kibes,true,false,true,rare,true
kibla,true,false,true,rare,true
kicks,true,false,true,rare,true
kicky,true,false,true,rare,true
kiddo,true,false,true,rare,true
kiddy,true,false,true,rare,true
kidel,true,false,true,rare,true
kidge,true,false,true,rare,true
kiefs,true,false,true,rare,true
kiers,true,false,true,rare,true
kieve,true,false,true,rare,true
kievs,true,false,true,rare,true
kight,true,false,true,rare,true
kikes,true,false,true,rare,true
kikoi,true,false,true,rare,true
kiley,true,false,true,rare,true
kilim,true,false,true,rare,true
kills,true,false,true,rare,true
kilns,true,false,true,rare,true
kilos,true,false,true,rare,true
kilps,true,false,true,rare,true
kilts,true,false,true,rare,true
kilty,true,false,true,rare,true
kimbo,true,false,true,rare,true
kinas,true,false,true,rare,true
kinda,true,false,true,rare,true
kinds,true,false,true,rare,true
kindy,true,false,true,rare,true
kines,true,false,true,rare,true
kings,true,false,true,rare,true
kinin,true,false,true,rare,true
kinks,true,false,true,rare,true
kinky,true,true,true,common,true
kinos,true,false,true,rare,true
kiore,true,false,true,rare,true
kiosk,true,true,true,common,true
kipes,true,false,true,rare,true
kippa,true,false,true,rare,true
kipps,true,false,true,rare,true
kirby,true,false,true,rare,true
kirks,true,false,true,rare,true
kirns,true,false,true,rare,true
kirri,true,false,true,rare,true
kisan,true,false,true,rare,true
kissy,true,false,true,rare,true
kists,true,false,true,rare,true
kited,true,false,true,rare,true
kiter,true,false,true,rare,true
kites,true,false,true,rare,true
kithe,true,false,true,rare,true
kiths,true,false,true,rare,true
kitty,true,true,true,common,true
kitul,true,false,true,rare,true
kivas,true,false,true,rare,true
kiwis,true,false,true,rare,true
klang,true,false,true,rare,true
klaps,true,false,true,rare,true
klett,true,false,true,rare,true
klick,true,false,true,rare,true
klieg,true,false,true,rare,true
kliks,true,false,true,rare,true
klong,true,false,true,rare,true
kloof,true,false,true,rare,true
kluge,true,false,true,rare,true
klutz,true,false,true,rare,true
knack,true,true,true,common,true
knags,true,false,true,rare,true
knaps,true,false,true,rare,true
knarl,true,false,true,rare,true
knars,true,false,true,rare,true
knaur,true,false,true,rare,true
knave,true,true,true,common,true
knawe,true,false,true,rare,true
knead,true,true,true,common,true
kneed,true,true,true,common,true
kneel,true,true,true,common,true
knees,true,false,true,rare,true
knell,true,false,true,rare,true
knelt,true,true,true,common,true
knife,true,true,true,common,true
knish,true,false,true,rare,true
knits,true,false,true,rare,true
knive,true,false,true,rare,true
knobs,true,false,true,rare,true
knock,true,true,true,common,true
knoll,true,true,true,common,true
knops,true,false,true,rare,true
knosp,true,false,true,rare,true
knots,true,false,true,rare,true
knout,true,false,true,rare,true
knowe,true,false,true,rare,true
known,true,true,true,common,true
knows,true,false,true,rare,true
knubs,true,false,true,rare,true
knurl,true,false,true,rare,true
knurr,true,false,true,rare,true
knurs,true,false,true,rare,true
knuts,true,false,true,rare,true
koala,true,true,true,common,true
koans,true,false,true,rare,true
koaps,true,false,true,rare,true
koban,true,false,true,rare,true
kobos,true,false,true,rare,true
koels,true,false,true,rare,true
koffs,true,false,true,rare,true
kofta,true,false,true,rare,true
kogal,true,false,true,rare,true
kohas,true,false,true,rare,true
kohen,true,false,true,rare,true
kohls,true,false,true,rare,true
koine,true,false,true,rare,true
kojis,true,false,true,rare,true
kokam,true,false,true,rare,true
kokas,true,false,true,rare,true
koker,true,false,true,rare,true
kokra,true,false,true,rare,true
kokum,true,false,true,rare,true
kolas,true,false,true,rare,true
kolos,true,false,true,rare,true
kombu,true,false,true,rare,true
konbu,true,false,true,rare,true
kondo,true,false,true,rare,true
konks,true,false,true,rare,true
kooks,true,false,true,rare,true
kooky,true,false,true,rare,true
koori,true,false,true,rare,true
kopek,true,false,true,rare,true
kophs,true,false,true,rare,true
kopje,true,false,true,rare,true
koppa,true,false,true,rare,true
korai,true,false,true,rare,true
koras,true,false,true,rare,true
korat,true,false,true,rare,true
kores,true,false,true,rare,true
korma,true,false,true,rare,true
koros,true,false,true,rare,true
korun,true,false,true,rare,true
korus,true,false,true,rare,true
koses,true,false,true,rare,true
kotch,true,false,true,rare,true
kotos,true,false,true,rare,true
kotow,true,false,true,rare,true
koura,true,false,true,rare,true
kraal,true,false,true,rare,true
krabs,true,false,true,rare,true
kraft,true,false,true,rare,true
krais,true,false,true,rare,true
krait,true,false,true,rare,true
krang,true,false,true,rare,true
krans,true,false,true,rare,true
kranz,true,false,true,rare,true
kraut,true,false,true,rare,true
krays,true,false,true,rare,true
kreep,true,false,true,rare,true
kreng,true,false,true,rare,true
krewe,true,false,true,rare,true
krill,true,true,true,common,true
krona,true,false,true,rare,true
krone,true,false,true,rare,true
kroon,true,false,true,rare,true
krubi,true,false,true,rare,true
krunk,true,false,true,rare,true
ksars,true,false,true,rare,true
kubie,true,false,true,rare,true
kudos,true,false,true,rare,true
kudus,true,false,true,rare,true
kudzu,true,false,true,rare,true
kufis,true,false,true,rare,true
kugel,true,false,true,rare,true
kuias,true,false,true,rare,true
kukri,true,false,true,rare,true
kukus,true,false,true,rare,true
kulak,true,false,true,rare,true
kulan,true,false,true,rare,true
kulas,true,false,true,rare,true
kulfi,true,false,true,rare,true
kumis,true,false,true,rare,true
kumys,true,false,true,rare,true
kuris,true,false,true,rare,true
kurre,true,false,true,rare,true
kurta,true,false,true,rare,true
kurus,true,false,true,rare,true
kusso,true,false,true,rare,true
kutas,true,false,true,rare,true
kutch,true,false,true,rare,true
kutis,true,false,true,rare,true
kutus,true,false,true,rare,true
kuzus,true,false,true,rare,true
kvass,true,false,true,rare,true
kvell,true,false,true,rare,true
kwela,true,false,true,rare,true
kyack,true,false,true,rare,true
kyaks,true,false,true,rare,true
kyang,true,false,true,rare,true
kyars,true,false,true,rare,true
kyats,true,false,true,rare,true
kybos,true,false,true,rare,true
kydst,true,false,true,rare,true
kyles,true,false,true,rare,true
kylie,true,false,true,rare,true
kylin,true,false,true,rare,true
kylix,true,false,true,rare,true
kyloe,true,false,true,rare,true
kynde,true,false,true,rare,true
kynds,true,false,true,rare,true
kypes,true,false,true,rare,true
kyrie,true,false,true,rare,true
kytes,true,false,true,rare,true
kythe,true,false,true,rare,true
laari,true,false,true,rare,true
labda,true,false,true,rare,true
label,true,true,true,common,true
labia,true,false,true,rare,true
labis,true,false,true,rare,true
labor,true,true,true,common,true
labra,true,false,true,rare,true
laced,true,false,true,rare,true
lacer,true,false,true,rare,true
laces,true,false,true,rare,true
lacet,true,false,true,rare,true
lacey,true,false,true,rare,true
lacks,true,false,true,rare,true
laddy,true,false,true,rare,true
laded,true,false,true,rare,true
laden,true,true,true,common,true
lader,true,false,true,rare,true
lades,true,false,true,rare,true
ladle,true,true,true,common,true
laers,true,false,true,rare,true
laevo,true,false,true,rare,true
lagan,true,false,true,rare,true
lager,true,true,true,common,true
lahal,true,false,true,rare,true
lahar,true,false,true,rare,true
laich,true,false,true,rare,true
laics,true,false,true,rare,true
laids,true,false,true,rare,true
laigh,true,false,true,rare,true
laika,true,false,true,rare,true
laiks,true,false,true,rare,true
laird,true,false,true,rare,true
lairs,true,false,true,rare,true
lairy,true,false,true,rare,true
laith,true,false,true,rare,true
laity,true,false,true,rare,true
laked,true,false,true,rare,true
laker,true,false,true,rare,true
lakes,true,false,true,rare,true
lakhs,true,false,true,rare,true
lakin,true,false,true,rare,true
laksa,true,false,true,rare,true
laldy,true,false,true,rare,true
lalls,true,false,true,rare,true
lamas,true,false,true,rare,true
lambs,true,false,true,rare,true
lamby,true,false,true,rare,true
lamed,true,false,true,rare,true
lamer,true,false,true,rare,true
lames,true,false,true,rare,true
lamia,true,false,true,rare,true
lammy,true,false,true,rare,true
lamps,true,false,true,rare,true
lanai,true,false,true,rare,true
lanas,true,false,true,rare,true
lance,true,true,true,common,true
lanch,true,false,true,rare,true
lande,true,false,true,rare,true
lands,true,false,true,rare,true
lanes,true,false,true,rare,true
lanks,true,false,true,rare,true
lanky,true,true,true,common,true
lants,true,false,true,rare,true
lapel,true,true,true,common,true
lapin,true,false,true,rare,true
lapis,true,false,true,rare,true
lapje,true,false,true,rare,true
lapse,true,true,true,common,true
larch,true,false,true,rare,true
lards,true,false,true,rare,true
lardy,true,false,true,rare,true
laree,true,false,true,rare,true
lares,true,false,true,rare,true
large,true,true,true,common,true
largo,true,false,true,rare,true
laris,true,false,true,rare,true
larks,true,false,true,rare,true
larky,true,false,true,rare,true
larns,true,false,true,rare,true
larnt,true,false,true,rare,true
larum,true,false,true,rare,true
larva,true,true,true,common,true
lased,true,false,true,rare,true
laser,true,false,true,rare,true
lases,true,false,true,rare,true
lassi,true,false,true,rare,true
lasso,true,true,true,common,true
lassu,true,false,true,rare,true
lassy,true,false,true,rare,true
lasts,true,false,true,rare,true
latah,true,false,true,rare,true
latch,true,true,true,common,true
lated,true,false,true,rare,true
laten,true,false,true,rare,true
later,true,true,true,common,true
latex,true,false,true,rare,true
lathe,true,true,true,common,true
lathi,true,false,true,rare,true
laths,true,false,true,rare,true
lathy,true,false,true,rare,true
latke,true,false,true,rare,true
latte,true,true,true,common,true
latus,true,false,true,rare,true
lauan,true,false,true,rare,true
lauch,true,false,true,rare,true
lauds,true,false,true,rare,true
laufs,true,false,true,rare,true
laugh,true,true,true,common,true
laund,true,false,true,rare,true
laura,true,false,true,rare,true
laval,true,false,true,rare,true
lavas,true,false,true,rare,true
laved,true,false,true,rare,true
laver,true,false,true,rare,true
laves,true,false,true,rare,true
lavra,true,false,true,rare,true
lavvy,true,false,true,rare,true
lawed,true,false,true,rare,true
lawer,true,false,true,rare,true
lawin,true,false,true,rare,true
lawks,true,false,true,rare,true
lawns,true,false,true,rare,true
lawny,true,false,true,rare,true
laxed,true,false,true,rare,true
laxer,true,false,true,rare,true
laxes,true,false,true,rare,true
laxly,true,false,true,rare,true
layed,true,false,true,rare,true
layer,true,true,true,common,true
layin,true,false,true,rare,true
layup,true,false,true,rare,true
lazar,true,false,true,rare,true
lazed,true,false,true,rare,true
lazes,true,false,true,rare,true
lazos,true,false,true,rare,true
lazzi,true,false,true,rare,true
lazzo,true,false,true,rare,true
leach,true,true,true,common,true
leads,true,false,true,rare,true
leady,true,false,true,rare,true
leafs,true,false,true,rare,true
leafy,true,true,true,common,true
leaks,true,false,true,rare,true
leaky,true,true,true,common,true
leams,true,false,true,rare,true
leans,true,false,true,rare,true
leant,true,true,true,common,true
leany,true,false,true,rare,true
leaps,true,false,true,rare,true
leapt,true,true,true,common,true
leare,true,false,true,rare,true
learn,true,true,true,common,true
lears,true,false,true,rare,true
leary,true,false,true,rare,true
lease,true,true,true,common,true
leash,true,true,true,common,true
least,true,true,true,common,true
leats,true,false,true,rare,true
leave,true,true,true,common,true
leavy,true,false,true,rare,true
leaze,true,false,true,rare,true
leben,true,false,true,rare,true
leccy,true,false,true,rare,true
ledes,true,false,true,rare,true
ledge,true,true,true,common,true
ledgy,true,false,true,rare,true
ledum,true,false,true,rare,true
leear,true,false,true,rare,true
leech,true,true,true,common,true
leeks,true,false,true,rare,true
leeps,true,false,true,rare,true
leers,true,false,true,rare,true
leery,true,true,true,common,true
leese,true,false,true,rare,true
leets,true,false,true,rare,true
leeze,true,false,true,rare,true
lefte,true,false,true,rare,true
lefts,true,false,true,rare,true
lefty,true,true,true,common,true
legal,true,true,true,common,true
leger,true,false,true,rare,true
leges,true,false,true,rare,true
legge,true,false,true,rare,true
leggo,true,false,true,rare,true
leggy,true,true,true,common,true
legit,true,false,true,rare,true
lehrs,true,false,true,rare,true
lehua,true,false,true,rare,true
leirs,true,false,true,rare,true
leish,true,false,true,rare,true
leman,true,false,true,rare,true
lemed,true,false,true,rare,true
lemel,true,false,true,rare,true
lemes,true,false,true,rare,true
lemma,true,false,true,rare,true
lemme,true,false,true,rare,true
lemon,true,true,true,common,true
lemur,true,true,true,common,true
lends,true,false,true,rare,true
lenes,true,false,true,rare,true
lengs,true,false,true,rare,true
lenis,true,false,true,rare,true
lenos,true,false,true,rare,true
lense,true,false,true,rare,true
lenti,true,false,true,rare,true
lento,true,false,true,rare,true
leone,true,false,true,rare,true
leper,true,true,true,common,true
lepid,true,false,true,rare,true
lepra,true,false,true,rare,true
lepta,true,false,true,rare,true
lered,true,false,true,rare,true
leres,true,false,true,rare,true
lerps,true,false,true,rare,true
lesbo,true,false,true,rare,true
leses,true,false,true,rare,true
lests,true,false,true,rare,true
letch,true,false,true,rare,true
lethe,true,false,true,rare,true
letup,true,false,true,rare,true
leuch,true,false,true,rare,true
leuco,true,false,true,rare,true
leuds,true,false,true,rare,true
leugh,true,false,true,rare,true
levas,true,false,true,rare,true
levee,true,false,true,rare,true
level,true,true,true,common,true
lever,true,true,true,common,true
leves,true,false,true,rare,true
levin,true,false,true,rare,true
levis,true,false,true,rare,true
lewis,true,false,true,rare,true
lexes,true,false,true,rare,true
lexis,true,false,true,rare,true
lezes,true,false,true,rare,true
lezza,true,false,true,rare,true
lezzy,true,false,true,rare,true
liana,true,false,true,rare,true
liane,true,false,true,rare,true
liang,true,false,true,rare,true
liard,true,false,true,rare,true
liars,true,false,true,rare,true
liart,true,false,true,rare,true
libel,true,true,true,common,true
liber,true,false,true,rare,true
libra,true,false,true,rare,true
libri,true,false,true,rare,true
lichi,true,false,true,rare,true
licht,true,false,true,rare,true
licit,true,false,true,rare,true
licks,true,false,true,rare,true
lidar,true,false,true,rare,true
lidos,true,false,true,rare,true
liefs,true,false,true,rare,true
liege,true,true,true,common,true
liens,true,false,true,rare,true
liers,true,false,true,rare,true
lieus,true,false,true,rare,true
lieve,true,false,true,rare,true
lifer,true,false,true,rare,true
lifes,true,false,true,rare,true
lifts,true,false,true,rare,true
ligan,true,false,true,rare,true
liger,true,false,true,rare,true
ligge,true,false,true,rare,true
light,true,true,true,common,true
ligne,true,false,true,rare,true
liked,true,false,true,rare,true
liken,true,true,true,common,true
liker,true,false,true,rare,true
likes,true,false,true,rare,true
likin,true,false,true,rare,true
lilac,true,true,true,common,true
lills,true,false,true,rare,true
lilos,true,false,true,rare,true
lilts,true,false,true,rare,true
liman,true,false,true,rare,true
limas,true,false,true,rare,true
limax,true,false,true,rare,true
limba,true,false,true,rare,true
limbi,true,false,true,rare,true
limbo,true,true,true,common,true
limbs,true,false,true,rare,true
limby,true,false,true,rare,true
limed,true,false,true,rare,true
limen,true,false,true,rare,true
limes,true,false,true,rare,true
limey,true,false,true,rare,true
limit,true,true,true,common,true
limma,true,false,true,rare,true
limns,true,false,true,rare,true
limos,true,false,true,rare,true
limpa,true,false,true,rare,true
limps,true,false,true,rare,true
linac,true,false,true,rare,true
linch,true,false,true,rare,true
linds,true,false,true,rare,true
lindy,true,false,true,rare,true
lined,true,false,true,rare,true
linen,true,true,true,common,true
liner,true,true,true,common,true
lines,true,false,true,rare,true
liney,true,false,true,rare,true
linga,true,false,true,rare,true
lingo,true,true,true,common,true
lings,true,false,true,rare,true
lingy,true,false,true,rare,true
linin,true,false,true,rare,true
links,true,false,true,rare,true
linky,true,false,true,rare,true
linns,true,false,true,rare,true
linny,true,false,true,rare,true
linos,true,false,true,rare,true
lints,true,false,true,rare,true
linty,true,false,true,rare,true
linum,true,false,true,rare,true
linux,true,false,true,rare,true
lions,true,false,true,rare,true
lipas,true,false,true,rare,true
lipes,true,false,true,rare,true
lipid,true,true,true,common,true
lipin,true,false,true,rare,true
lipos,true,false,true,rare,true
lippy,true,false,true,rare,true
liras,true,false,true,rare,true
lirks,true,false,true,rare,true
lirot,true,false,true,rare,true
lisks,true,false,true,rare,true
lisle,true,false,true,rare,true
lisps,true,false,true,rare,true
lists,true,false,true,rare,true
litai,true,false,true,rare,true
litas,true,false,true,rare,true
lited,true,false,true,rare,true
liter,true,false,true,rare,true
lites,true,false,true,rare,true
lithe,true,true,true,common,true
litho,true,false,true,rare,true
liths,true,false,true,rare,true
litre,true,false,true,rare,true
lived,true,false,true,rare,true
liven,true,false,true,rare,true
liver,true,true,true,common,true
lives,true,false,true,rare,true
livid,true,true,true,common,true
livor,true,false,true,rare,true
livre,true,false,true,rare,true
llama,true,true,true,common,true
llano,true,false,true,rare,true
loach,true,false,true,rare,true
loads,true,false,true,rare,true
loafs,true,false,true,rare,true
loams,true,false,true,rare,true
loamy,true,true,true,common,true
loans,true,false,true,rare,true
loast,true,false,true,rare,true
loath,true,true,true,common,true
loave,true,false,true,rare,true
lobar,true,false,true,rare,true
lobby,true,true,true,common,true
lobed,true,false,true,rare,true
lobes,true,false,true,rare,true
lobos,true,false,true,rare,true
lobus,true,false,true,rare,true
local,true,true,true,common,true
loche,true,false,true,rare,true
lochs,true,false,true,rare,true
locie,true,false,true,rare,true
locis,true,false,true,rare,true
locks,true,false,true,rare,true
locos,true,false,true,rare,true
locum,true,false,true,rare,true
locus,true,true,true,common,true
loden,true,false,true,rare,true
lodes,true,false,true,rare,true
lodge,true,true,true,common,true
loess,true,false,true,rare,true
lofts,true,false,true,rare,true
lofty,true,true,true,common,true
logan,true,false,true,rare,true
loges,true,false,true,rare,true
loggy,true,false,true,rare,true
logia,true,false,true,rare,true
logic,true,true,true,common,true
logie,true,false,true,rare,true
login,true,true,true,common,true
logoi,true,false,true,rare,true
logon,true,false,true,rare,true
logos,true,false,true,rare,true
lohan,true,false,true,rare,true
loids,true,false,true,rare,true
loins,true,false,true,rare,true
loipe,true,false,true,rare,true
loirs,true,false,true,rare,true
lokes,true,false,true,rare,true
lolls,true,false,true,rare,true
lolly,true,false,true,rare,true
lolog,true,false,true,rare,true
lomas,true,false,true,rare,true
lomed,true,false,true,rare,true
lomes,true,false,true,rare,true
loner,true,false,true,rare,true
longa,true,false,true,rare,true
longe,true,false,true,rare,true
longs,true,false,true,rare,true
looby,true,false,true,rare,true
looed,true,false,true,rare,true
looey,true,false,true,rare,true
loofa,true,false,true,rare,true
loofs,true,false,true,rare,true
looie,true,false,true,rare,true
looks,true,false,true,rare,true
looky,true,false,true,rare,true
looms,true,false,true,rare,true
loons,true,false,true,rare,true
loony,true,false,true,rare,true
loops,true,false,true,rare,true
loopy,true,true,true,common,true
loord,true,false,true,rare,true
loose,true,true,true,common,true
loots,true,false,true,rare,true
loped,true,false,true,rare,true
loper,true,false,true,rare,true
lopes,true,false,true,rare,true
loppy,true,false,true,rare,true
loral,true,false,true,rare,true
loran,true,false,true,rare,true
lords,true,false,true,rare,true
lordy,true,false,true,rare,true
lorel,true,false,true,rare,true
lores,true,false,true,rare,true
loric,true,false,true,rare,true
loris,true,false,true,rare,true
lorry,true,true,true,common,true
losed,true,false,true,rare,true
losel,true,false,true,rare,true
losen,true,false,true,rare,true
loser,true,true,true,common,true
loses,true,false,true,rare,true
lossy,true,false,true,rare,true
lotah,true,false,true,rare,true
lotas,true,false,true,rare,true
lotes,true,false,true,rare,true
lotic,true,false,true,rare,true
lotos,true,false,true,rare,true
lotsa,true,false,true,rare,true
lotta,true,false,true,rare,true
lotte,true,false,true,rare,true
lotto,true,false,true,rare,true
lotus,true,false,true,rare,true
loued,true,false,true,rare,true
lough,true,false,true,rare,true
louie,true,false,true,rare,true
louis,true,false,true,rare,true
louma,true,false,true,rare,true
lound,true,false,true,rare,true
louns,true,false,true,rare,true
loupe,true,false,true,rare,true
loups,true,false,true,rare,true
loure,true,false,true,rare,true
lours,true,false,true,rare,true
loury,true,false,true,rare,true
louse,true,true,true,common,true
lousy,true,true,true,common,true
louts,true,false,true,rare,true
lovat,true,false,true,rare,true
loved,true,false,true,rare,true
lover,true,true,true,common,true
loves,true,false,true,rare,true
lovey,true,false,true,rare,true
lovie,true,false,true,rare,true
lowan,true,false,true,rare,true
lowed,true,false,true,rare,true
lower,true,true,true,common,true
lowes,true,false,true,rare,true
lowly,true,true,true,common,true
lownd,true,false,true,rare,true
lowne,true,false,true,rare,true
lowns,true,false,true,rare,true
lowps,true,false,true,rare,true
lowry,true,false,true,rare,true
lowse,true,false,true,rare,true
lowts,true,false,true,rare,true
loxed,true,false,true,rare,true
loxes,true,false,true,rare,true
loyal,true,true,true,common,true
lozen,true,false,true,rare,true
luach,true,false,true,rare,true
luaus,true,false,true,rare,true
lubed,true,false,true,rare,true
lubes,true,false,true,rare,true
lubra,true,false,true,rare,true
luces,true,false,true,rare,true
lucid,true,true,true,common,true
lucks,true,false,true,rare,true
lucky,true,true,true,common,true
lucre,true,false,true,rare,true
ludes,true,false,true,rare,true
ludic,true,false,true,rare,true
ludos,true,false,true,rare,true
luffa,true,false,true,rare,true
luffs,true,false,true,rare,true
luged,true,false,true,rare,true
luger,true,false,true,rare,true
luges,true,false,true,rare,true
lulls,true,false,true,rare,true
lulus,true,false,true,rare,true
lumas,true,false,true,rare,true
lumbi,true,false,true,rare,true
lumen,true,true,true,common,true
lumme,true,false,true,rare,true
lummy,true,false,true,rare,true
lumps,true,false,true,rare,true
lumpy,true,true,true,common,true
lunar,true,true,true,common,true
lunas,true,false,true,rare,true
lunch,true,true,true,common,true
lunes,true,false,true,rare,true
lunet,true,false,true,rare,true
lunge,true,true,true,common,true
lungi,true,false,true,rare,true
lungs,true,false,true,rare,true
lunks,true,false,true,rare,true
lunts,true,false,true,rare,true
lupin,true,false,true,rare,true
lupus,true,true,true,common,true
lurch,true,true,true,common,true
lured,true,false,true,rare,true
lurer,true,false,true,rare,true
lures,true,false,true,rare,true
lurex,true,false,true,rare,true
lurgi,true,false,true,rare,true
lurgy,true,false,true,rare,true
lurid,true,true,true,common,true
lurks,true,false,true,rare,true
lurry,true,false,true,rare,true
lurve,true,false,true,rare,true
luser,true,false,true,rare,true
lushy,true,false,true,rare,true
lusks,true,false,true,rare,true
lusts,true,false,true,rare,true
lusty,true,true,true,common,true
lusus,true,false,true,rare,true
lutea,true,false,true,rare,true
luted,true,false,true,rare,true
luter,true,false,true,rare,true
lutes,true,false,true,rare,true
luvvy,true,false,true,rare,true
luxed,true,false,true,rare,true
luxer,true,false,true,rare,true
luxes,true,false,true,rare,true
lweis,true,false,true,rare,true
lyams,true,false,true,rare,true
lyard,true,false,true,rare,true
lyart,true,false,true,rare,true
lyase,true,false,true,rare,true
lycea,true,false,true,rare,true
lycee,true,false,true,rare,true
lycra,true,false,true,rare,true
lying,true,true,true,common,true
lymes,true,false,true,rare,true
lymph,true,true,true,common,true
lynes,true,false,true,rare,true
lyres,true,false,true,rare,true
lyric,true,true,true,common,true
lysed,true,false,true,rare,true
lyses,true,false,true,rare,true
lysin,true,false,true,rare,true
lysis,true,false,true,rare,true
lysol,true,false,true,rare,true
lyssa,true,false,true,rare,true
lyted,true,false,true,rare,true
lytes,true,false,true,rare,true
lythe,true,false,true,rare,true
lytic,true,false,true,rare,true
lytta,true,false,true,rare,true
maaed,true,false,true,rare,true
maare,true,false,true,rare,true
maars,true,false,true,rare,true
mabes,true,false,true,rare,true
macas,true,false,true,rare,true
macaw,true,true,true,common,true
maced,true,false,true,rare,true
macer,true,false,true,rare,true
maces,true,false,true,rare,true
mache,true,false,true,rare,true
machi,true,false,true,rare,true
macho,true,true,true,common,true
machs,true,false,true,rare,true
macks,true,false,true,rare,true
macle,true,false,true,rare,true
macon,true,false,true,rare,true
macro,true,true,true,common,true
madam,true,true,true,common,true
madge,true,false,true,rare,true
madid,true,false,true,rare,true
madly,true,true,true,common,true
madre,true,false,true,rare,true
maerl,true,false,true,rare,true
mafia,true,true,true,common,true
mafic,true,false,true,rare,true
mages,true,false,true,rare,true
maggs,true,false,true,rare,true
magic,true,true,true,common,true
magma,true,true,true,common,true
magot,true,false,true,rare,true
magus,true,false,true,rare,true
mahoe,true,false,true,rare,true
mahua,true,false,true,rare,true
mahwa,true,false,true,rare,true
maids,true,false,true,rare,true
maiko,true,false,true,rare,true
maiks,true,false,true,rare,true
maile,true,false,true,rare,true
maill,true,false,true,rare,true
mails,true,false,true,rare,true
maims,true,false,true,rare,true
mains,true,false,true,rare,true
maire,true,false,true,rare,true
mairs,true,false,true,rare,true
maise,true,false,true,rare,true
maist,true,false,true,rare,true
maize,true,true,true,common,true
major,true,true,true,common,true
makar,true,false,true,rare,true
maker,true,true,true,common,true
makes,true,false,true,rare,true
makis,true,false,true,rare,true
makos,true,false,true,rare,true
malam,true,false,true,rare,true
malar,true,false,true,rare,true
malas,true,false,true,rare,true
malax,true,false,true,rare,true
males,true,false,true,rare,true
malic,true,false,true,rare,true
malik,true,false,true,rare,true
malis,true,false,true,rare,true
malls,true,false,true,rare,true
malms,true,false,true,rare,true
malmy,true,false,true,rare,true
malts,true,false,true,rare,true
malty,true,false,true,rare,true
malus,true,false,true,rare,true
malva,true,false,true,rare,true
malwa,true,false,true,rare,true
mamas,true,false,true,rare,true
mamba,true,false,true,rare,true
mambo,true,true,true,common,true
mamee,true,false,true,rare,true
mamey,true,false,true,rare,true
mamie,true,false,true,rare,true
mamma,true,true,true,common,true
mammy,true,true,true,common,true
manas,true,false,true,rare,true
manat,true,false,true,rare,true
mandi,true,false,true,rare,true
maneb,true,false,true,rare,true
maned,true,false,true,rare,true
maneh,true,false,true,rare,true
manes,true,false,true,rare,true
manet,true,false,true,rare,true
manga,true,true,true,common,true
mange,true,true,true,common,true
mango,true,true,true,common,true
mangs,true,false,true,rare,true
mangy,true,true,true,common,true
mania,true,true,true,common,true
manic,true,true,true,common,true
manis,true,false,true,rare,true
manky,true,false,true,rare,true
manly,true,true,true,common,true
manna,true,false,true,rare,true
manor,true,true,true,common,true
manos,true,false,true,rare,true
manse,true,false,true,rare,true
manta,true,false,true,rare,true
manto,true,false,true,rare,true
manty,true,false,true,rare,true
manul,true,false,true,rare,true
manus,true,false,true,rare,true
mapau,true,false,true,rare,true
maple,true,true,true,common,true
maqui,true,false,true,rare,true
marae,true,false,true,rare,true
marah,true,false,true,rare,true
maras,true,false,true,rare,true
march,true,true,true,common,true
marcs,true,false,true,rare,true
mardy,true,false,true,rare,true
mares,true,false,true,rare,true
marge,true,false,true,rare,true
margs,true,false,true,rare,true
maria,true,false,true,rare,true
marid,true,false,true,rare,true
marka,true,false,true,rare,true
marks,true,false,true,rare,true
marle,true,false,true,rare,true
marls,true,false,true,rare,true
marly,true,false,true,rare,true
marms,true,false,true,rare,true
maron,true,false,true,rare,true
maror,true,false,true,rare,true
marra,true,false,true,rare,true
marri,true,false,true,rare,true
marry,true,true,true,common,true
marse,true,false,true,rare,true
marsh,true,true,true,common,true
marts,true,false,true,rare,true
marvy,true,false,true,rare,true
masas,true,false,true,rare,true
mased,true,false,true,rare,true
maser,true,false,true,rare,true
mases,true,false,true,rare,true
mashy,true,false,true,rare,true
masks,true,false,true,rare,true
mason,true,true,true,common,true
massa,true,false,true,rare,true
masse,true,true,true,common,true
massy,true,false,true,rare,true
masts,true,false,true,rare,true
masty,true,false,true,rare,true
masus,true,false,true,rare,true
matai,true,false,true,rare,true
match,true,true,true,common,true
mated,true,false,true,rare,true
mater,true,false,true,rare,true
mates,true,false,true,rare,true
matey,true,true,true,common,true
maths,true,false,true,rare,true
matin,true,false,true,rare,true
matlo,true,false,true,rare,true
matte,true,false,true,rare,true
matts,true,false,true,rare,true
matza,true,false,true,rare,true
matzo,true,false,true,rare,true
mauby,true,false,true,rare,true
mauds,true,false,true,rare,true
mauls,true,false,true,rare,true
maund,true,false,true,rare,true
mauri,true,false,true,rare,true
mausy,true,false,true,rare,true
mauts,true,false,true,rare,true
mauve,true,true,true,common,true
mauzy,true,false,true,rare,true
maven,true,false,true,rare,true
mavie,true,false,true,rare,true
mavin,true,false,true,rare,true
mavis,true,false,true,rare,true
mawed,true,false,true,rare,true
mawks,true,false,true,rare,true
mawky,true,false,true,rare,true
mawns,true,false,true,rare,true
mawrs,true,false,true,rare,true
maxed,true,false,true,rare,true
maxes,true,false,true,rare,true
maxim,true,true,true,common,true
maxis,true,false,true,rare,true
mayan,true,false,true,rare,true
mayas,true,false,true,rare,true
maybe,true,true,true,common,true
mayed,true,false,true,rare,true
mayor,true,true,true,common,true
mayos,true,false,true,rare,true
mayst,true,false,true,rare,true
mazed,true,false,true,rare,true
mazer,true,false,true,rare,true
mazes,true,false,true,rare,true
mazey,true,false,true,rare,true
mazut,true,false,true,rare,true
mbira,true,false,true,rare,true
meads,true,false,true,rare,true
meals,true,false,true,rare,true
mealy,true,true,true,common,true
meane,true,false,true,rare,true
means,true,false,true,rare,true
meant,true,true,true,common,true
meany,true,false,true,rare,true
meare,true,false,true,rare,true
mease,true,false,true,rare,true
meath,true,false,true,rare,true
meats,true,false,true,rare,true
meaty,true,true,true,common,true
mebos,true,false,true,rare,true
mecca,true,true,true,common,true
mechs,true,false,true,rare,true
mecks,true,false,true,rare,true
medal,true,true,true,common,true
media,true,true,true,common,true
medic,true,true,true,common,true
medii,true,false,true,rare,true
medle,true,false,true,rare,true
meeds,true,false,true,rare,true
meers,true,false,true,rare,true
meets,true,false,true,rare,true
meffs,true,false,true,rare,true
meins,true,false,true,rare,true
meint,true,false,true,rare,true
meiny,true,false,true,rare,true
meith,true,false,true,rare,true
mekka,true,false,true,rare,true
melas,true,false,true,rare,true
melba,true,false,true,rare,true
melds,true,false,true,rare,true
melee,true,true,true,common,true
melic,true,false,true,rare,true
melik,true,false,true,rare,true
mells,true,false,true,rare,true
melon,true,true,true,common,true
melts,true,false,true,rare,true
melty,true,false,true,rare,true
memes,true,false,true,rare,true
memos,true,false,true,rare,true
menad,true,false,true,rare,true
mends,true,false,true,rare,true
mened,true,false,true,rare,true
menes,true,false,true,rare,true
menge,true,false,true,rare,true
mengs,true,false,true,rare,true
mensa,true,false,true,rare,true
mense,true,false,true,rare,true
mensh,true,false,true,rare,true
menta,true,false,true,rare,true
mento,true,false,true,rare,true
menus,true,false,true,rare,true
meous,true,false,true,rare,true
meows,true,false,true,rare,true
merch,true,false,true,rare,true
mercs,true,false,true,rare,true
mercy,true,true,true,common,true
merde,true,false,true,rare,true
mered,true,false,true,rare,true
merel,true,false,true,rare,true
merer,true,false,true,rare,true
meres,true,false,true,rare,true
merge,true,true,true,common,true
meril,true,false,true,rare,true
meris,true,false,true,rare,true
merit,true,true,true,common,true
merks,true,false,true,rare,true
merle,true,false,true,rare,true
merls,true,false,true,rare,true
merry,true,true,true,common,true
merse,true,false,true,rare,true
mesal,true,false,true,rare,true
mesas,true,false,true,rare,true
mesel,true,false,true,rare,true
meses,true,false,true,rare,true
meshy,true,false,true,rare,true
mesic,true,false,true,rare,true
mesne,true,false,true,rare,true
meson,true,false,true,rare,true
messy,true,false,true,rare,true
mesto,true,false,true,rare,true
metal,true,true,true,common,true
meted,true,false,true,rare,true
meter,true,true,true,common,true
metes,true,false,true,rare,true
metho,true,false,true,rare,true
meths,true,false,true,rare,true
metic,true,false,true,rare,true
metif,true,false,true,rare,true
metis,true,false,true,rare,true
metol,true,false,true,rare,true
metre,true,false,true,rare,true
metro,true,true,true,common,true
meuse,true,false,true,rare,true
meved,true,false,true,rare,true
meves,true,false,true,rare,true
mewed,true,false,true,rare,true
mewls,true,false,true,rare,true
meynt,true,false,true,rare,true
mezes,true,false,true,rare,true
mezze,true,false,true,rare,true
mezzo,true,false,true,rare,true
mhorr,true,false,true,rare,true
miaou,true,false,true,rare,true
miaow,true,false,true,rare,true
miasm,true,false,true,rare,true
miaul,true,false,true,rare,true
micas,true,false,true,rare,true
miche,true,false,true,rare,true
micht,true,false,true,rare,true
micks,true,false,true,rare,true
micky,true,false,true,rare,true
micos,true,false,true,rare,true
micra,true,false,true,rare,true
micro,true,true,true,common,true
middy,true,false,true,rare,true
midge,true,true,true,common,true
midgy,true,false,true,rare,true
midis,true,false,true,rare,true
midst,true,true,true,common,true
miens,true,false,true,rare,true
mieve,true,false,true,rare,true
miffs,true,false,true,rare,true
miffy,true,false,true,rare,true
mifty,true,false,true,rare,true
miggs,true,false,true,rare,true
might,true,true,true,common,true
mihas,true,false,true,rare,true
mihis,true,false,true,rare,true
miked,true,false,true,rare,true
mikes,true,false,true,rare,true
mikra,true,false,true,rare,true
mikva,true,false,true,rare,true
milch,true,false,true,rare,true
milds,true,false,true,rare,true
miler,true,false,true,rare,true
miles,true,false,true,rare,true
milfs,true,false,true,rare,true
milia,true,false,true,rare,true
milko,true,false,true,rare,true
milks,true,false,true,rare,true
milky,true,true,true,common,true
mille,true,false,true,rare,true
mills,true,false,true,rare,true
milor,true,false,true,rare,true
milos,true,false,true,rare,true
milpa,true,false,true,rare,true
milts,true,false,true,rare,true
milty,true,false,true,rare,true
miltz,true,false,true,rare,true
mimed,true,false,true,rare,true
mimeo,true,false,true,rare,true
mimer,true,false,true,rare,true
mimes,true,false,true,rare,true
mimic,true,true,true,common,true
mimsy,true,false,true,rare,true
minae,true,false,true,rare,true
minar,true,false,true,rare,true
minas,true,false,true,rare,true
mince,true,true,true,common,true
mincy,true,false,true,rare,true
minds,true,false,true,rare,true
mined,true,false,true,rare,true
miner,true,true,true,common,true
mines,true,false,true,rare,true
minge,true,false,true,rare,true
mings,true,false,true,rare,true
mingy,true,false,true,rare,true
minim,true,true,true,common,true
minis,true,false,true,rare,true
minke,true,false,true,rare,true
minks,true,false,true,rare,true
minny,true,false,true,rare,true
minor,true,true,true,common,true
minos,true,false,true,rare,true
mints,true,false,true,rare,true
minty,true,true,true,common,true
minus,true,true,true,common,true
mired,true,false,true,rare,true
mires,true,false,true,rare,true
mirex,true,false,true,rare,true
mirid,true,false,true,rare,true
mirin,true,false,true,rare,true
mirks,true,false,true,rare,true
mirky,true,false,true,rare,true
mirly,true,false,true,rare,true
miros,true,false,true,rare,true
mirth,true,true,true,common,true
mirvs,true,false,true,rare,true
mirza,true,false,true,rare,true
misch,true,false,true,rare,true
misdo,true,false,true,rare,true
miser,true,true,true,common,true
mises,true,false,true,rare,true
misgo,true,false,true,rare,true
misos,true,false,true,rare,true
missa,true,false,true,rare,true
missy,true,true,true,common,true
mists,true,false,true,rare,true
misty,true,false,true,rare,true
mitch,true,false,true,rare,true
miter,true,false,true,rare,true
mites,true,false,true,rare,true
mitis,true,false,true,rare,true
mitre,true,false,true,rare,true
mitts,true,false,true,rare,true
mixed,true,false,true,rare,true
mixen,true,false,true,rare,true
mixer,true,false,true,rare,true
mixes,true,false,true,rare,true
mixte,true,false,true,rare,true
mixup,true,false,true,rare,true
mizen,true,false,true,rare,true
mizzy,true,false,true,rare,true
mneme,true,false,true,rare,true
moans,true,false,true,rare,true
moats,true,false,true,rare,true
mobby,true,false,true,rare,true
mobes,true,false,true,rare,true
mobey,true,false,true,rare,true
mobie,true,false,true,rare,true
moble,true,false,true,rare,true
mocha,true,true,true,common,true
mochi,true,false,true,rare,true
mochs,true,false,true,rare,true
mochy,true,false,true,rare,true
mocks,true,false,true,rare,true
modal,true,true,true,common,true
model,true,true,true,common,true
modem,true,true,true,common,true
moder,true,false,true,rare,true
modes,true,false,true,rare,true
modge,true,false,true,rare,true
modii,true,false,true,rare,true
modus,true,false,true,rare,true
moers,true,false,true,rare,true
mofos,true,false,true,rare,true
moggy,true,false,true,rare,true
mogul,true,true,true,common,true
mohel,true,false,true,rare,true
mohos,true,false,true,rare,true
mohrs,true,false,true,rare,true
mohua,true,false,true,rare,true
mohur,true,false,true,rare,true
moile,true,false,true,rare,true
moils,true,false,true,rare,true
moira,true,false,true,rare,true
moire,true,false,true,rare,true
moist,true,true,true,common,true
moits,true,false,true,rare,true
mojos,true,false,true,rare,true
mokes,true,false,true,rare,true
mokis,true,false,true,rare,true
mokos,true,false,true,rare,true
molal,true,false,true,rare,true
molar,true,true,true,common,true
molas,true,false,true,rare,true
molds,true,false,true,rare,true
moldy,true,true,true,common,true
moled,true,false,true,rare,true
moles,true,false,true,rare,true
molla,true,false,true,rare,true
molls,true,false,true,rare,true
molly,true,false,true,rare,true
molto,true,false,true,rare,true
molts,true,false,true,rare,true
molys,true,false,true,rare,true
momes,true,false,true,rare,true
momma,true,false,true,rare,true
mommy,true,false,true,rare,true
momus,true,false,true,rare,true
monad,true,false,true,rare,true
monal,true,false,true,rare,true
monas,true,false,true,rare,true
monde,true,false,true,rare,true
mondo,true,false,true,rare,true
moner,true,false,true,rare,true
money,true,true,true,common,true
mongo,true,false,true,rare,true
mongs,true,false,true,rare,true
monic,true,false,true,rare,true
monie,true,false,true,rare,true
monks,true,false,true,rare,true
monos,true,false,true,rare,true
monte,true,false,true,rare,true
month,true,true,true,common,true
monty,true,false,true,rare,true
moobs,true,false,true,rare,true
mooch,true,false,true,rare,true
moods,true,false,true,rare,true
moody,true,true,true,common,true
mooed,true,false,true,rare,true
mooks,true,false,true,rare,true
moola,true,false,true,rare,true
mooli,true,false,true,rare,true
mools,true,false,true,rare,true
mooly,true,false,true,rare,true
moong,true,false,true,rare,true
moons,true,false,true,rare,true
moony,true,false,true,rare,true
moops,true,false,true,rare,true
moors,true,false,true,rare,true
moory,true,false,true,rare,true
moose,true,true,true,common,true
moots,true,false,true,rare,true
moove,true,false,true,rare,true
moped,true,false,true,rare,true
moper,true,false,true,rare,true
mopes,true,false,true,rare,true
mopey,true,false,true,rare,true
moppy,true,false,true,rare,true
mopsy,true,false,true,rare,true
mopus,true,false,true,rare,true
morae,true,false,true,rare,true
moral,true,true,true,common,true
moras,true,false,true,rare,true
morat,true,false,true,rare,true
moray,true,false,true,rare,true
morel,true,false,true,rare,true
mores,true,false,true,rare,true
moria,true,false,true,rare,true
morne,true,false,true,rare,true
morns,true,false,true,rare,true
moron,true,true,true,common,true
morph,true,true,true,common,true
morra,true,false,true,rare,true
morro,true,false,true,rare,true
morse,true,false,true,rare,true
morts,true,false,true,rare,true
mosed,true,false,true,rare,true
moses,true,false,true,rare,true
mosey,true,false,true,rare,true
mosks,true,false,true,rare,true
mosso,true,false,true,rare,true
mossy,true,true,true,common,true
moste,true,false,true,rare,true
mosts,true,false,true,rare,true
moted,true,false,true,rare,true
motel,true,true,true,common,true
moten,true,false,true,rare,true
motes,true,false,true,rare,true
motet,true,false,true,rare,true
motey,true,false,true,rare,true
moths,true,false,true,rare,true
mothy,true,false,true,rare,true
motif,true,true,true,common,true
motis,true,false,true,rare,true
motor,true,true,true,common,true
motte,true,false,true,rare,true
motto,true,true,true,common,true
motts,true,false,true,rare,true
motty,true,false,true,rare,true
motus,true,false,true,rare,true
motza,true,false,true,rare,true
mouch,true,false,true,rare,true
moues,true,false,true,rare,true
mould,true,false,true,rare,true
mouls,true,false,true,rare,true
moult,true,true,true,common,true
mound,true,true,true,common,true
mount,true,true,true,common,true
moups,true,false,true,rare,true
mourn,true,true,true,common,true
mouse,true,true,true,common,true
moust,true,false,true,rare,true
mousy,true,false,true,rare,true
mouth,true,true,true,common,true
moved,true,false,true,rare,true
mover,true,true,true,common,true
moves,true,false,true,rare,true
movie,true,true,true,common,true
mowas,true,false,true,rare,true
mowed,true,false,true,rare,true
mower,true,true,true,common,true
mowra,true,false,true,rare,true
moxas,true,false,true,rare,true
moxie,true,false,true,rare,true
moyas,true,false,true,rare,true
moyle,true,false,true,rare,true
moyls,true,false,true,rare,true
mozed,true,false,true,rare,true
mozes,true,false,true,rare,true
mozos,true,false,true,rare,true
mpret,true,false,true,rare,true
mucho,true,false,true,rare,true
mucic,true,false,true,rare,true
mucid,true,false,true,rare,true
mucin,true,false,true,rare,true
mucks,true,false,true,rare,true
mucky,true,true,true,common,true
mucor,true,false,true,rare,true
mucro,true,false,true,rare,true
mucus,true,true,true,common,true
muddy,true,true,true,common,true
mudge,true,false,true,rare,true
mudir,true,false,true,rare,true
mudra,true,false,true,rare,true
muffs,true,false,true,rare,true
mufti,true,false,true,rare,true
mugga,true,false,true,rare,true
muggs,true,false,true,rare,true
muggy,true,false,true,rare,true
muhly,true,false,true,rare,true
muids,true,false,true,rare,true
muils,true,false,true,rare,true
muirs,true,false,true,rare,true
muist,true,false,true,rare,true
mujik,true,false,true,rare,true
mulch,true,true,true,common,true
mulct,true,false,true,rare,true
muled,true,false,true,rare,true
mules,true,false,true,rare,true
muley,true,false,true,rare,true
mulga,true,false,true,rare,true
mulie,true,false,true,rare,true
mulla,true,false,true,rare,true
mulls,true,false,true,rare,true
mulse,true,false,true,rare,true
mulsh,true,false,true,rare,true
mumms,true,false,true,rare,true
mummy,true,true,true,common,true
mumps,true,false,true,rare,true
mumsy,true,false,true,rare,true
mumus,true,false,true,rare,true
munch,true,true,true,common,true
munga,true,false,true,rare,true
munge,true,false,true,rare,true
mungo,true,false,true,rare,true
mungs,true,false,true,rare,true
munis,true,false,true,rare,true
munts,true,false,true,rare,true
muntu,true,false,true,rare,true
muons,true,false,true,rare,true
mural,true,true,true,common,true
muras,true,false,true,rare,true
mured,true,false,true,rare,true
mures,true,false,true,rare,true
murex,true,false,true,rare,true
murid,true,false,true,rare,true
murks,true,false,true,rare,true
murky,true,true,true,common,true
murls,true,false,true,rare,true
murly,true,false,true,rare,true
murra,true,false,true,rare,true
murre,true,false,true,rare,true
murri,true,false,true,rare,true
murrs,true,false,true,rare,true
murry,true,false,true,rare,true
murti,true,false,true,rare,true
murva,true,false,true,rare,true
musar,true,false,true,rare,true
musca,true,false,true,rare,true
mused,true,false,true,rare,true
muser,true,false,true,rare,true
muses,true,false,true,rare,true
muset,true,false,true,rare,true
musha,true,false,true,rare,true
mushy,true,true,true,common,true
music,true,true,true,common,true
musit,true,false,true,rare,true
musks,true,false,true,rare,true
musky,true,true,true,common,true
musos,true,false,true,rare,true
musse,true,false,true,rare,true
mussy,true,false,true,rare,true
musth,true,false,true,rare,true
musts,true,false,true,rare,true
musty,true,true,true,common,true
mutch,true,false,true,rare,true
muted,true,false,true,rare,true
muter,true,false,true,rare,true
mutes,true,false,true,rare,true
mutha,true,false,true,rare,true
mutis,true,false,true,rare,true
muton,true,false,true,rare,true
mutts,true,false,true,rare,true
muxed,true,false,true,rare,true
muxes,true,false,true,rare,true
muzak,true,false,true,rare,true
muzzy,true,false,true,rare,true
mvule,true,false,true,rare,true
myall,true,false,true,rare,true
mylar,true,false,true,rare,true
mynah,true,false,true,rare,true
mynas,true,false,true,rare,true
myoid,true,false,true,rare,true
myoma,true,false,true,rare,true
myope,true,false,true,rare,true
myops,true,false,true,rare,true
myopy,true,false,true,rare,true
myrrh,true,true,true,common,true
mysid,true,false,true,rare,true
mythi,true,false,true,rare,true
myths,true,false,true,rare,true
mythy,true,false,true,rare,true
myxos,true,false,true,rare,true
mzees,true,false,true,rare,true
naams,true,false,true,rare,true
naans,true,false,true,rare,true
nabes,true,false,true,rare,true
nabis,true,false,true,rare,true
nabks,true,false,true,rare,true
nabla,true,false,true,rare,true
nabob,true,false,true,rare,true
nache,true,false,true,rare,true
nacho,true,false,true,rare,true
nacre,true,false,true,rare,true
nadas,true,false,true,rare,true
nadir,true,true,true,common,true
naeve,true,false,true,rare,true
naevi,true,false,true,rare,true
naffs,true,false,true,rare,true
nagas,true,false,true,rare,true
naggy,true,false,true,rare,true
nagor,true,false,true,rare,true
nahal,true,false,true,rare,true
naiad,true,false,true,rare,true
naifs,true,false,true,rare,true
naiks,true,false,true,rare,true
nails,true,false,true,rare,true
naira,true,false,true,rare,true
nairu,true,false,true,rare,true
naive,true,true,true,common,true
naked,true,false,true,rare,true
naker,true,false,true,rare,true
nakfa,true,false,true,rare,true
nalas,true,false,true,rare,true
naled,true,false,true,rare,true
nalla,true,false,true,rare,true
named,true,false,true,rare,true
namer,true,false,true,rare,true
names,true,false,true,rare,true
namma,true,false,true,rare,true
namus,true,false,true,rare,true
nanas,true,false,true,rare,true
nance,true,false,true,rare,true
nancy,true,false,true,rare,true
nandu,true,false,true,rare,true
nanna,true,false,true,rare,true
nanny,true,true,true,common,true
nanos,true,false,true,rare,true
nanua,true,false,true,rare,true
napas,true,false,true,rare,true
naped,true,false,true,rare,true
napes,true,false,true,rare,true
napoo,true,false,true,rare,true
nappa,true,false,true,rare,true
nappe,true,false,true,rare,true
nappy,true,false,true,rare,true
naras,true,false,true,rare,true
narco,true,false,true,rare,true
narcs,true,false,true,rare,true
nards,true,false,true,rare,true
nares,true,false,true,rare,true
naric,true,false,true,rare,true
naris,true,false,true,rare,true
narks,true,false,true,rare,true
narky,true,false,true,rare,true
narre,true,false,true,rare,true
nasal,true,true,true,common,true
nashi,true,false,true,rare,true
nasty,true,true,true,common,true
natal,true,true,true,common,true
natch,true,false,true,rare,true
nates,true,false,true,rare,true
natis,true,false,true,rare,true
natty,true,false,true,rare,true
nauch,true,false,true,rare,true
naunt,true,false,true,rare,true
naval,true,true,true,common,true
navar,true,false,true,rare,true
navel,true,true,true,common,true
naves,true,false,true,rare,true
navew,true,false,true,rare,true
navvy,true,false,true,rare,true
nawab,true,false,true,rare,true
nazes,true,false,true,rare,true
nazir,true,false,true,rare,true
nazis,true,false,true,rare,true
nduja,true,false,true,rare,true
neafe,true,false,true,rare,true
neals,true,false,true,rare,true
neaps,true,false,true,rare,true
nears,true,false,true,rare,true
neath,true,false,true,rare,true
neats,true,false,true,rare,true
nebek,true,false,true,rare,true
nebel,true,false,true,rare,true
necks,true,false,true,rare,true
neddy,true,false,true,rare,true
needs,true,false,true,rare,true
needy,true,true,true,common,true
neeld,true,false,true,rare,true
neele,true,false,true,rare,true
neemb,true,false,true,rare,true
neems,true,false,true,rare,true
neeps,true,false,true,rare,true
neese,true,false,true,rare,true
neeze,true,false,true,rare,true
negro,true,false,true,rare,true
negus,true,false,true,rare,true
neifs,true,false,true,rare,true
neigh,true,true,true,common,true
neist,true,false,true,rare,true
neive,true,false,true,rare,true
nelis,true,false,true,rare,true
nelly,true,false,true,rare,true
nemas,true,false,true,rare,true
nemns,true,false,true,rare,true
nempt,true,false,true,rare,true
nenes,true,false,true,rare,true
neons,true,false,true,rare,true
neper,true,false,true,rare,true
nepit,true,false,true,rare,true
neral,true,false,true,rare,true
nerds,true,false,true,rare,true
nerdy,true,true,true,common,true
nerka,true,false,true,rare,true
nerks,true,false,true,rare,true
nerol,true,false,true,rare,true
nerts,true,false,true,rare,true
nertz,true,false,true,rare,true
nerve,true,true,true,common,true
nervy,true,false,true,rare,true
nests,true,false,true,rare,true
netes,true,false,true,rare,true
netop,true,false,true,rare,true
netts,true,false,true,rare,true
netty,true,false,true,rare,true
neuks,true,false,true,rare,true
neume,true,false,true,rare,true
neums,true,false,true,rare,true
nevel,true,false,true,rare,true
never,true,true,true,common,true
neves,true,false,true,rare,true
nevus,true,false,true,rare,true
newbs,true,false,true,rare,true
newed,true,false,true,rare,true
newel,true,false,true,rare,true
newer,true,true,true,common,true
newie,true,false,true,rare,true
newly,true,true,true,common,true
newsy,true,false,true,rare,true
newts,true,false,true,rare,true
nexts,true,false,true,rare,true
nexus,true,false,true,rare,true
ngaio,true,false,true,rare,true
ngana,true,false,true,rare,true
ngati,true,false,true,rare,true
ngoma,true,false,true,rare,true
ngwee,true,false,true,rare,true
nicad,true,false,true,rare,true
nicer,true,true,true,common,true
niche,true,true,true,common,true
nicht,true,false,true,rare,true
nicks,true,false,true,rare,true
nicol,true,false,true,rare,true
nidal,true,false,true,rare,true
nided,true,false,true,rare,true
nides,true,false,true,rare,true
nidor,true,false,true,rare,true
nidus,true,false,true,rare,true
niece,true,true,true,common,true
niefs,true,false,true,rare,true
nieve,true,false,true,rare,true
nifes,true,false,true,rare,true
niffs,true,false,true,rare,true
niffy,true,false,true,rare,true
nifty,true,false,true,rare,true
niger,true,false,true,rare,true
nighs,true,false,true,rare,true
night,true,true,true,common,true
nihil,true,false,true,rare,true
nikab,true,false,true,rare,true
nikah,true,false,true,rare,true
nikau,true,false,true,rare,true
nills,true,false,true,rare,true
nimbi,true,false,true,rare,true
nimbs,true,false,true,rare,true
nimps,true,false,true,rare,true
niner,true,false,true,rare,true
nines,true,false,true,rare,true
ninja,true,true,true,common,true
ninny,true,true,true,common,true
ninon,true,false,true,rare,true
ninth,true,true,true,common,true
nipas,true,false,true,rare,true
nippy,true,false,true,rare,true
niqab,true,false,true,rare,true
nirls,true,false,true,rare,true
nirly,true,false,true,rare,true
nisei,true,false,true,rare,true
nisse,true,false,true,rare,true
nisus,true,false,true,rare,true
niter,true,false,true,rare,true
nites,true,false,true,rare,true
nitid,true,false,true,rare,true
niton,true,false,true,rare,true
nitre,true,false,true,rare,true
nitro,true,false,true,rare,true
nitry,true,false,true,rare,true
nitty,true,false,true,rare,true
nival,true,false,true,rare,true
nixed,true,false,true,rare,true
nixer,true,false,true,rare,true
nixes,true,false,true,rare,true
nixie,true,false,true,rare,true
nizam,true,false,true,rare,true
nkosi,true,false,true,rare,true
noahs,true,false,true,rare,true
nobby,true,false,true,rare,true
noble,true,true,true,common,true
nobly,true,true,true,common,true
nocks,true,false,true,rare,true
nodal,true,false,true,rare,true
noddy,true,false,true,rare,true
nodes,true,false,true,rare,true
nodus,true,false,true,rare,true
noels,true,false,true,rare,true
noggs,true,false,true,rare,true
nohow,true,false,true,rare,true
noils,true,false,true,rare,true
noily,true,false,true,rare,true
noint,true,false,true,rare,true
noirs,true,false,true,rare,true
noise,true,true,true,common,true
noisy,true,true,true,common,true
noles,true,false,true,rare,true
nolls,true,false,true,rare,true
nolos,true,false,true,rare,true
nomad,true,true,true,common,true
nomas,true,false,true,rare,true
nomen,true,false,true,rare,true
nomes,true,false,true,rare,true
nomic,true,false,true,rare,true
nomoi,true,false,true,rare,true
nomos,true,false,true,rare,true
nonas,true,false,true,rare,true
nonce,true,false,true,rare,true
nones,true,false,true,rare,true
nonet,true,false,true,rare,true
nongs,true,false,true,rare,true
nonis,true,false,true,rare,true
nonny,true,false,true,rare,true
nonyl,true,false,true,rare,true
noobs,true,false,true,rare,true
nooit,true,false,true,rare,true
nooks,true,false,true,rare,true
nooky,true,false,true,rare,true
noons,true,false,true,rare,true
noops,true,false,true,rare,true
noose,true,true,true,common,true
nopal,true,false,true,rare,true
noria,true,false,true,rare,true
noris,true,false,true,rare,true
norks,true,false,true,rare,true
norma,true,false,true,rare,true
norms,true,false,true,rare,true
north,true,true,true,common,true
nosed,true,false,true,rare,true
noser,true,false,true,rare,true
noses,true,false,true,rare,true
nosey,true,true,true,common,true
notal,true,false,true,rare,true
notch,true,true,true,common,true
noted,true,false,true,rare,true
noter,true,false,true,rare,true
notes,true,false,true,rare,true
notum,true,false,true,rare,true
nould,true,false,true,rare,true
noule,true,false,true,rare,true
nouls,true,false,true,rare,true
nouns,true,false,true,rare,true
nouny,true,false,true,rare,true
noups,true,false,true,rare,true
novae,true,false,true,rare,true
novas,true,false,true,rare,true
novel,true,true,true,common,true
novum,true,false,true,rare,true
noway,true,false,true,rare,true
nowed,true,false,true,rare,true
nowls,true,false,true,rare,true
nowts,true,false,true,rare,true
nowty,true,false,true,rare,true
noxal,true,false,true,rare,true
noxes,true,false,true,rare,true
noyau,true,false,true,rare,true
noyed,true,false,true,rare,true
noyes,true,false,true,rare,true
nubby,true,false,true,rare,true
nubia,true,false,true,rare,true
nucha,true,false,true,rare,true
nuddy,true,false,true,rare,true
nuder,true,false,true,rare,true
nudes,true,false,true,rare,true
nudge,true,true,true,common,true
nudie,true,false,true,rare,true
nudzh,true,false,true,rare,true
nuffs,true,false,true,rare,true
nugae,true,false,true,rare,true
nuked,true,false,true,rare,true
nukes,true,false,true,rare,true
nulla,true,false,true,rare,true
nulls,true,false,true,rare,true
numbs,true,false,true,rare,true
numen,true,false,true,rare,true
nummy,true,false,true,rare,true
nunny,true,false,true,rare,true
nurds,true,false,true,rare,true
nurdy,true,false,true,rare,true
nurls,true,false,true,rare,true
nurrs,true,false,true,rare,true
nurse,true,true,true,common,true
nutso,true,false,true,rare,true
nutsy,true,false,true,rare,true
nutty,true,true,true,common,true
nyaff,true,false,true,rare,true
nyala,true,false,true,rare,true
nying,true,false,true,rare,true
nylon,true,true,true,common,true
nymph,true,true,true,common,true
nyssa,true,false,true,rare,true
oaked,true,false,true,rare,true
oaken,true,true,true,common,true
oaker,true,false,true,rare,true
oakum,true,false,true,rare,true
oared,true,false,true,rare,true
oases,true,false,true,rare,true
oasis,true,false,true,rare,true
oasts,true,false,true,rare,true
oaten,true,false,true,rare,true
oater,true,false,true,rare,true
oaths,true,false,true,rare,true
oaves,true,false,true,rare,true
obang,true,false,true,rare,true
obeah,true,false,true,rare,true
obeli,true,false,true,rare,true
obese,true,true,true,common,true
obeys,true,false,true,rare,true
obias,true,false,true,rare,true
obied,true,false,true,rare,true
obiit,true,false,true,rare,true
obits,true,false,true,rare,true
objet,true,false,true,rare,true
oboes,true,false,true,rare,true
obole,true,false,true,rare,true
oboli,true,false,true,rare,true
obols,true,false,true,rare,true
occam,true,false,true,rare,true
occur,true,true,true,common,true
ocean,true,true,true,common,true
ocher,true,false,true,rare,true
oches,true,false,true,rare,true
ochre,true,false,true,rare,true
ochry,true,false,true,rare,true
ocker,true,false,true,rare,true
ocrea,true,false,true,rare,true
octad,true,false,true,rare,true
octal,true,true,true,common,true
octan,true,false,true,rare,true
octas,true,false,true,rare,true
octet,true,true,true,common,true
octyl,true,false,true,rare,true
oculi,true,false,true,rare,true
odahs,true,false,true,rare,true
odals,true,false,true,rare,true
odder,true,true,true,common,true
oddly,true,true,true,common,true
odeon,true,false,true,rare,true
odeum,true,false,true,rare,true
odism,true,false,true,rare,true
odist,true,false,true,rare,true
odium,true,false,true,rare,true
odors,true,false,true,rare,true
odour,true,false,true,rare,true
odyle,true,false,true,rare,true
odyls,true,false,true,rare,true
ofays,true,false,true,rare,true
offal,true,true,true,common,true
offed,true,false,true,rare,true
offer,true,true,true,common,true
offie,true,false,true,rare,true
oflag,true,false,true,rare,true
often,true,true,true,common,true
ofter,true,false,true,rare,true
ogams,true,false,true,rare,true
ogeed,true,false,true,rare,true
ogees,true,false,true,rare,true
oggin,true,false,true,rare,true
ogham,true,false,true,rare,true
ogive,true,false,true,rare,true
ogled,true,false,true,rare,true
ogler,true,false,true,rare,true
ogles,true,false,true,rare,true
ogmic,true,false,true,rare,true
ogres,true,false,true,rare,true
ohias,true,false,true,rare,true
ohing,true,false,true,rare,true
ohmic,true,false,true,rare,true
ohone,true,false,true,rare,true
oidia,true,false,true,rare,true
oiled,true,false,true,rare,true
oiler,true,false,true,rare,true
oinks,true,false,true,rare,true
oints,true,false,true,rare,true
ojime,true,false,true,rare,true
okapi,true,false,true,rare,true
okays,true,false,true,rare,true
okehs,true,false,true,rare,true
okras,true,false,true,rare,true
oktas,true,false,true,rare,true
olden,true,true,true,common,true
older,true,true,true,common,true
oldie,true,false,true,rare,true
oleic,true,false,true,rare,true
olein,true,false,true,rare,true
olent,true,false,true,rare,true
oleos,true,false,true,rare,true
oleum,true,false,true,rare,true
olios,true,false,true,rare,true
olive,true,true,true,common,true
ollas,true,false,true,rare,true
ollav,true,false,true,rare,true
oller,true,false,true,rare,true
ollie,true,false,true,rare,true
ology,true,false,true,rare,true
olpae,true,false,true,rare,true
olpes,true,false,true,rare,true
omasa,true,false,true,rare,true
omber,true,false,true,rare,true
ombre,true,true,true,common,true
ombus,true,false,true,rare,true
omega,true,true,true,common,true
omens,true,false,true,rare,true
omers,true,false,true,rare,true
omits,true,false,true,rare,true
omlah,true,false,true,rare,true
omovs,true,false,true,rare,true
omrah,true,false,true,rare,true
oncer,true,false,true,rare,true
onces,true,false,true,rare,true
oncet,true,false,true,rare,true
oncus,true,false,true,rare,true
onely,true,false,true,rare,true
oners,true,false,true,rare,true
onery,true,false,true,rare,true
onion,true,true,true,common,true
onium,true,false,true,rare,true
onkus,true,false,true,rare,true
onlay,true,false,true,rare,true
onned,true,false,true,rare,true
onset,true,true,true,common,true
ontic,true,false,true,rare,true
oobit,true,false,true,rare,true
oohed,true,false,true,rare,true
oomph,true,false,true,rare,true
oonts,true,false,true,rare,true
ooped,true,false,true,rare,true
oorie,true,false,true,rare,true
ooses,true,false,true,rare,true
ootid,true,false,true,rare,true
oozed,true,false,true,rare,true
oozes,true,false,true,rare,true
opahs,true,false,true,rare,true
opals,true,false,true,rare,true
opens,true,false,true,rare,true
opepe,true,false,true,rare,true
opera,true,true,true,common,true
opine,true,true,true,common,true
oping,true,false,true,rare,true
opium,true,true,true,common,true
oppos,true,false,true,rare,true
opsin,true,false,true,rare,true
opted,true,false,true,rare,true
opter,true,false,true,rare,true
optic,true,true,true,common,true
orach,true,false,true,rare,true
oracy,true,false,true,rare,true
orals,true,false,true,rare,true
orang,true,false,true,rare,true
orant,true,false,true,rare,true
orate,true,false,true,rare,true
orbed,true,false,true,rare,true
orbit,true,true,true,common,true
orcas,true,false,true,rare,true
orcin,true,false,true,rare,true
order,true,true,true,common,true
ordos,true,false,true,rare,true
oread,true,false,true,rare,true
orfes,true,false,true,rare,true
organ,true,true,true,common,true
orgia,true,false,true,rare,true
orgic,true,false,true,rare,true
orgue,true,false,true,rare,true
oribi,true,false,true,rare,true
oriel,true,false,true,rare,true
orixa,true,false,true,rare,true
orles,true,false,true,rare,true
orlon,true,false,true,rare,true
orlop,true,false,true,rare,true
ormer,true,false,true,rare,true
ornis,true,false,true,rare,true
orpin,true,false,true,rare,true
orris,true,false,true,rare,true
ortho,true,false,true,rare,true
orval,true,false,true,rare,true
orzos,true,false,true,rare,true
oscar,true,false,true,rare,true
oshac,true,false,true,rare,true
osier,true,false,true,rare,true
osmic,true,false,true,rare,true
osmol,true,false,true,rare,true
ossia,true,false,true,rare,true
ostia,true,false,true,rare,true
otaku,true,false,true,rare,true
otary,true,false,true,rare,true
other,true,true,true,common,true
ottar,true,false,true,rare,true
otter,true,true,true,common,true
ottos,true,false,true,rare,true
oubit,true,false,true,rare,true
oucht,true,false,true,rare,true
ouens,true,false,true,rare,true
ought,true,true,true,common,true
ouija,true,false,true,rare,true
oulks,true,false,true,rare,true
oumas,true,false,true,rare,true
ounce,true,true,true,common,true
oundy,true,false,true,rare,true
oupas,true,false,true,rare,true
ouped,true,false,true,rare,true
ouphe,true,false,true,rare,true
ouphs,true,false,true,rare,true
ourie,true,false,true,rare,true
ousel,true,false,true,rare,true
ousts,true,false,true,rare,true
outby,true,false,true,rare,true
outdo,true,true,true,common,true
outed,true,false,true,rare,true
outer,true,true,true,common,true
outgo,true,true,true,common,true
outre,true,false,true,rare,true
outro,true,false,true,rare,true
outta,true,false,true,rare,true
ouzel,true,false,true,rare,true
ouzos,true,false,true,rare,true
ovals,true,false,true,rare,true
ovary,true,true,true,common,true
ovate,true,true,true,common,true
ovels,true,false,true,rare,true
ovens,true,false,true,rare,true
overs,true,false,true,rare,true
overt,true,true,true,common,true
ovine,true,true,true,common,true
ovist,true,false,true,rare,true
ovoid,true,true,true,common,true
ovoli,true,false,true,rare,true
ovolo,true,false,true,rare,true
ovule,true,false,true,rare,true
owche,true,false,true,rare,true
owies,true,false,true,rare,true
owing,true,true,true,common,true
owled,true,false,true,rare,true
owler,true,false,true,rare,true
owlet,true,false,true,rare,true
owned,true,false,true,rare,true
owner,true,true,true,common,true
owres,true,false,true,rare,true
owrie,true,false,true,rare,true
owsen,true,false,true,rare,true
oxbow,true,false,true,rare,true
oxers,true,false,true,rare,true
oxeye,true,false,true,rare,true
oxide,true,true,true,common,true
oxids,true,false,true,rare,true
oxies,true,false,true,rare,true
oxime,true,false,true,rare,true
oxims,true,false,true,rare,true
oxlip,true,false,true,rare,true
oxter,true,false,true,rare,true
oyers,true,false,true,rare,true
ozeki,true,false,true,rare,true
ozone,true,true,true,common,true
ozzie,true,false,true,rare,true
paals,true,false,true,rare,true
paans,true,false,true,rare,true
pacas,true,false,true,rare,true
paced,true,false,true,rare,true
pacer,true,false,true,rare,true
paces,true,false,true,rare,true
pacey,true,false,true,rare,true
pacha,true,false,true,rare,true
packs,true,false,true,rare,true
pacos,true,false,true,rare,true
pacta,true,false,true,rare,true
pacts,true,false,true,rare,true
paddy,true,true,true,common,true
padis,true,false,true,rare,true
padle,true,false,true,rare,true
padma,true,false,true,rare,true
padre,true,false,true,rare,true
padri,true,false,true,rare,true
paean,true,false,true,rare,true
paedo,true,false,true,rare,true
paeon,true,false,true,rare,true
pagan,true,true,true,common,true
paged,true,false,true,rare,true
pager,true,false,true,rare,true
pages,true,false,true,rare,true
pagle,true,false,true,rare,true
pagod,true,false,true,rare,true
pagri,true,false,true,rare,true
paiks,true,false,true,rare,true
pails,true,false,true,rare,true
pains,true,false,true,rare,true
paint,true,true,true,common,true
paire,true,false,true,rare,true
pairs,true,false,true,rare,true
paisa,true,false,true,rare,true
paise,true,false,true,rare,true
pakka,true,false,true,rare,true
palas,true,false,true,rare,true
palay,true,false,true,rare,true
palea,true,false,true,rare,true
paled,true,false,true,rare,true
paler,true,true,true,common,true
pales,true,false,true,rare,true
palet,true,false,true,rare,true
palis,true,false,true,rare,true
palki,true,false,true,rare,true
palla,true,false,true,rare,true
palls,true,false,true,rare,true
pally,true,false,true,rare,true
palms,true,false,true,rare,true
palmy,true,false,true,rare,true
palpi,true,false,true,rare,true
palps,true,false,true,rare,true
palsa,true,false,true,rare,true
palsy,true,true,true,common,true
pampa,true,false,true,rare,true
panax,true,false,true,rare,true
pance,true,false,true,rare,true
panda,true,false,true,rare,true
pands,true,false,true,rare,true
pandy,true,false,true,rare,true
paned,true,false,true,rare,true
panel,true,true,true,common,true
panes,true,false,true,rare,true
panga,true,false,true,rare,true
pangs,true,false,true,rare,true
panic,true,true,true,common,true
panim,true,false,true,rare,true
panko,true,false,true,rare,true
panne,true,false,true,rare,true
panni,true,false,true,rare,true
pansy,true,true,true,common,true
panto,true,false,true,rare,true
pants,true,false,true,rare,true
panty,true,false,true,rare,true
paoli,true,false,true,rare,true
paolo,true,false,true,rare,true
papal,true,true,true,common,true
papas,true,false,true,rare,true
papaw,true,false,true,rare,true
paper,true,true,true,common,true
papes,true,false,true,rare,true
pappi,true,false,true,rare,true
pappy,true,false,true,rare,true
parae,true,false,true,rare,true
paras,true,false,true,rare,true
parch,true,false,true,rare,true
pardi,true,false,true,rare,true
pards,true,false,true,rare,true
pardy,true,false,true,rare,true
pared,true,false,true,rare,true
paren,true,false,true,rare,true
pareo,true,false,true,rare,true
parer,true,true,true,common,true
pares,true,false,true,rare,true
pareu,true,false,true,rare,true
parev,true,false,true,rare,true
parge,true,false,true,rare,true
pargo,true,false,true,rare,true
paris,true,false,true,rare,true
parka,true,true,true,common,true
parki,true,false,true,rare,true
parks,true,false,true,rare,true
parky,true,false,true,rare,true
parle,true,false,true,rare,true
parly,true,false,true,rare,true
parma,true,false,true,rare,true
parol,true,false,true,rare,true
parps,true,false,true,rare,true
parra,true,false,true,rare,true
parrs,true,false,true,rare,true
parry,true,true,true,common,true
parse,true,true,true,common,true
parti,true,false,true,rare,true
parts,true,false,true,rare,true
party,true,true,true,common,true
parve,true,false,true,rare,true
parvo,true,false,true,rare,true
paseo,true,false,true,rare,true
pases,true,false,true,rare,true
pasha,true,false,true,rare,true
pashm,true,false,true,rare,true
paska,true,false,true,rare,true
paspy,true,false,true,rare,true
passe,true,false,true,rare,true
pasta,true,true,true,common,true
paste,true,true,true,common,true
pasts,true,false,true,rare,true
pasty,true,true,true,common,true
patch,true,true,true,common,true
pated,true,false,true,rare,true
paten,true,false,true,rare,true
pater,true,false,true,rare,true
pates,true,false,true,rare,true
paths,true,false,true,rare,true
patin,true,false,true,rare,true
patio,true,true,true,common,true
patka,true,false,true,rare,true
patly,true,false,true,rare,true
patsy,true,true,true,common,true
patte,true,false,true,rare,true
patty,true,true,true,common,true
patus,true,false,true,rare,true
pauas,true,false,true,rare,true
pauls,true,false,true,rare,true
pause,true,true,true,common,true
pavan,true,false,true,rare,true
paved,true,false,true,rare,true
paven,true,false,true,rare,true
paver,true,false,true,rare,true
paves,true,false,true,rare,true
pavid,true,false,true,rare,true
pavin,true,false,true,rare,true
pavis,true,false,true,rare,true
pawas,true,false,true,rare,true
pawaw,true,false,true,rare,true
pawed,true,false,true,rare,true
pawer,true,false,true,rare,true
pawks,true,false,true,rare,true
pawky,true,false,true,rare,true
pawls,true,false,true,rare,true
pawns,true,false,true,rare,true
paxes,true,false,true,rare,true
payed,true,false,true,rare,true
payee,true,true,true,common,true
payer,true,true,true,common,true
payor,true,false,true,rare,true
paysd,true,false,true,rare,true
peace,true,true,true,common,true
peach,true,true,true,common,true
peage,true,false,true,rare,true
peags,true,false,true,rare,true
peaks,true,false,true,rare,true
peaky,true,false,true,rare,true
peals,true,false,true,rare,true
peans,true,false,true,rare,true
peare,true,false,true,rare,true
pearl,true,true,true,common,true
pears,true,false,true,rare,true
peart,true,false,true,rare,true
pease,true,false,true,rare,true
peats,true,false,true,rare,true
peaty,true,false,true,rare,true
peavy,true,false,true,rare,true
peaze,true,false,true,rare,true
pebas,true,false,true,rare,true
pecan,true,true,true,common,true
pechs,true,false,true,rare,true
pecke,true,false,true,rare,true
pecks,true,false,true,rare,true
pecky,true,false,true,rare,true
pedal,true,true,true,common,true
pedes,true,false,true,rare,true
pedis,true,false,true,rare,true
pedro,true,false,true,rare,true
peece,true,false,true,rare,true
peeks,true,false,true,rare,true
peels,true,false,true,rare,true
peens,true,false,true,rare,true
peeoy,true,false,true,rare,true
peepe,true,false,true,rare,true
peeps,true,false,true,rare,true
peers,true,false,true,rare,true
peery,true,false,true,rare,true
peeve,true,false,true,rare,true
peggy,true,false,true,rare,true
peghs,true,false,true,rare,true
peins,true,false,true,rare,true
peise,true,false,true,rare,true
peize,true,false,true,rare,true
pekan,true,false,true,rare,true
pekes,true,false,true,rare,true
pekin,true,false,true,rare,true
pekoe,true,false,true,rare,true
pelas,true,false,true,rare,true
pelau,true,false,true,rare,true
peles,true,false,true,rare,true
pelfs,true,false,true,rare,true
pells,true,false,true,rare,true
pelma,true,false,true,rare,true
pelon,true,false,true,rare,true
pelta,true,false,true,rare,true
pelts,true,false,true,rare,true
penal,true,true,true,common,true
pence,true,true,true,common,true
pends,true,false,true,rare,true
pendu,true,false,true,rare,true
pened,true,false,true,rare,true
penes,true,false,true,rare,true
pengo,true,false,true,rare,true
penie,true,false,true,rare,true
penis,true,false,true,rare,true
penks,true,false,true,rare,true
penna,true,false,true,rare,true
penne,true,true,true,common,true
penni,true,false,true,rare,true
penny,true,true,true,common,true
pents,true,false,true,rare,true
peons,true,false,true,rare,true
peony,true,false,true,rare,true
pepla,true,false,true,rare,true
pepos,true,false,true,rare,true
peppy,true,false,true,rare,true
pepsi,true,false,true,rare,true
perai,true,false,true,rare,true
perce,true,false,true,rare,true
perch,true,true,true,common,true
percs,true,false,true,rare,true
perdu,true,false,true,rare,true
perdy,true,false,true,rare,true
perea,true,false,true,rare,true
peres,true,false,true,rare,true
peril,true,true,true,common,true
peris,true,false,true,rare,true
perks,true,false,true,rare,true
perky,true,true,true,common,true
perms,true,false,true,rare,true
perns,true,false,true,rare,true
perog,true,false,true,rare,true
perps,true,false,true,rare,true
perry,true,false,true,rare,true
perse,true,false,true,rare,true
perst,true,false,true,rare,true
perts,true,false,true,rare,true
perve,true,false,true,rare,true
pervo,true,false,true,rare,true
pervs,true,false,true,rare,true
pervy,true,false,true,rare,true
pesky,true,true,true,common,true
pesos,true,false,true,rare,true
pesto,true,true,true,common,true
pests,true,false,true,rare,true
pesty,true,false,true,rare,true
petal,true,true,true,common,true
petar,true,false,true,rare,true
peter,true,false,true,rare,true
petit,true,false,true,rare,true
petre,true,false,true,rare,true
petri,true,false,true,rare,true
petti,true,false,true,rare,true
petto,true,false,true,rare,true
petty,true,true,true,common,true
pewee,true,false,true,rare,true
pewit,true,false,true,rare,true
peyse,true,false,true,rare,true
phage,true,false,true,rare,true
phang,true,false,true,rare,true
phare,true,false,true,rare,true
pharm,true,false,true,rare,true
phase,true,true,true,common,true
pheer,true,false,true,rare,true
phene,true,false,true,rare,true
pheon,true,false,true,rare,true
phese,true,false,true,rare,true
phial,true,false,true,rare,true
phish,true,false,true,rare,true
phizz,true,false,true,rare,true
phlox,true,false,true,rare,true
phoca,true,false,true,rare,true
phone,true,true,true,common,true
phono,true,false,true,rare,true
phons,true,false,true,rare,true
phony,true,true,true,common,true
photo,true,true,true,common,true
phots,true,false,true,rare,true
phpht,true,false,true,rare,true
phuts,true,false,true,rare,true
phyla,true,false,true,rare,true
phyle,true,false,true,rare,true
piani,true,false,true,rare,true
piano,true,true,true,common,true
pians,true,false,true,rare,true
pibal,true,false,true,rare,true
pical,true,false,true,rare,true
picas,true,false,true,rare,true
piccy,true,false,true,rare,true
picks,true,false,true,rare,true
picky,true,true,true,common,true
picot,true,false,true,rare,true
picra,true,false,true,rare,true
picul,true,false,true,rare,true
piece,true,true,true,common,true
piend,true,false,true,rare,true
piers,true,false,true,rare,true
piert,true,false,true,rare,true
pieta,true,false,true,rare,true
piets,true,false,true,rare,true
piety,true,true,true,common,true
piezo,true,false,true,rare,true
piggy,true,true,true,common,true
pight,true,false,true,rare,true
pigmy,true,false,true,rare,true
piing,true,false,true,rare,true
pikas,true,false,true,rare,true
pikau,true,false,true,rare,true
piked,true,false,true,rare,true
piker,true,false,true,rare,true
pikes,true,false,true,rare,true
pikey,true,false,true,rare,true
pikis,true,false,true,rare,true
pikul,true,false,true,rare,true
pilae,true,false,true,rare,true
pilaf,true,false,true,rare,true
pilao,true,false,true,rare,true
pilar,true,false,true,rare,true
pilau,true,false,true,rare,true
pilaw,true,false,true,rare,true
pilch,true,false,true,rare,true
pilea,true,false,true,rare,true
piled,true,false,true,rare,true
pilei,true,false,true,rare,true
piler,true,false,true,rare,true
piles,true,false,true,rare,true
pilis,true,false,true,rare,true
pills,true,false,true,rare,true
pilot,true,true,true,common,true
pilow,true,false,true,rare,true
pilum,true,false,true,rare,true
pilus,true,false,true,rare,true
pimas,true,false,true,rare,true
pimps,true,false,true,rare,true
pinas,true,false,true,rare,true
pinch,true,true,true,common,true
pined,true,false,true,rare,true
pines,true,false,true,rare,true
piney,true,true,true,common,true
pingo,true,false,true,rare,true
pings,true,false,true,rare,true
pinko,true,false,true,rare,true
pinks,true,false,true,rare,true
pinky,true,true,true,common,true
pinna,true,false,true,rare,true
pinny,true,false,true,rare,true
pinon,true,false,true,rare,true
pinot,true,false,true,rare,true
pinta,true,false,true,rare,true
pinto,true,true,true,common,true
pints,true,false,true,rare,true
pinup,true,false,true,rare,true
pions,true,false,true,rare,true
piony,true,false,true,rare,true
pious,true,false,true,rare,true
pioye,true,false,true,rare,true
pioys,true,false,true,rare,true
pipal,true,false,true,rare,true
pipas,true,false,true,rare,true
piped,true,false,true,rare,true
piper,true,true,true,common,true
pipes,true,false,true,rare,true
pipet,true,false,true,rare,true
pipis,true,false,true,rare,true
pipit,true,false,true,rare,true
pippy,true,false,true,rare,true
pipul,true,false,true,rare,true
pique,true,true,true,common,true
pirai,true,false,true,rare,true
pirls,true,false,true,rare,true
pirns,true,false,true,rare,true
pirog,true,false,true,rare,true
pisco,true,false,true,rare,true
pises,true,false,true,rare,true
pisky,true,false,true,rare,true
pisos,true,false,true,rare,true
pissy,true,false,true,rare,true
piste,true,false,true,rare,true
pitas,true,false,true,rare,true
pitch,true,true,true,common,true
piths,true,false,true,rare,true
pithy,true,true,true,common,true
piton,true,false,true,rare,true
pitot,true,false,true,rare,true
pitta,true,false,true,rare,true
piums,true,false,true,rare,true
pivot,true,true,true,common,true
pixel,true,true,true,common,true
pixes,true,false,true,rare,true
pixie,true,true,true,common,true
pized,true,false,true,rare,true
pizes,true,false,true,rare,true
pizza,true,true,true,common,true
plaas,true,false,true,rare,true
place,true,true,true,common,true
plack,true,false,true,rare,true
plage,true,false,true,rare,true
plaid,true,true,true,common,true
plain,true,true,true,common,true
plait,true,true,true,common,true
plane,true,true,true,common,true
plank,true,true,true,common,true
plans,true,false,true,rare,true
plant,true,true,true,common,true
plaps,true,false,true,rare,true
plash,true,false,true,rare,true
plasm,true,false,true,rare,true
plast,true,false,true,rare,true
plate,true,true,true,common,true
plats,true,false,true,rare,true
platt,true,false,true,rare,true
platy,true,false,true,rare,true
playa,true,false,true,rare,true
plays,true,false,true,rare,true
plaza,true,true,true,common,true
plead,true,true,true,common,true
pleas,true,false,true,rare,true
pleat,true,true,true,common,true
plebe,true,false,true,rare,true
plebs,true,false,true,rare,true
plena,true,false,true,rare,true
pleon,true,false,true,rare,true
plesh,true,false,true,rare,true
plews,true,false,true,rare,true
plica,true,false,true,rare,true
plied,true,true,true,common,true
plier,true,true,true,common,true
plies,true,false,true,rare,true
plims,true,false,true,rare,true
pling,true,false,true,rare,true
plink,true,false,true,rare,true
ploat,true,false,true,rare,true
plods,true,false,true,rare,true
plong,true,false,true,rare,true
plonk,true,false,true,rare,true
plook,true,false,true,rare,true
plops,true,false,true,rare,true
plots,true,false,true,rare,true
plotz,true,false,true,rare,true
plouk,true,false,true,rare,true
plows,true,false,true,rare,true
ploye,true,false,true,rare,true
ploys,true,false,true,rare,true
pluck,true,true,true,common,true
plues,true,false,true,rare,true
pluff,true,false,true,rare,true
plugs,true,false,true,rare,true
plumb,true,true,true,common,true
plume,true,true,true,common,true
plump,true,true,true,common,true
plums,true,false,true,rare,true
plumy,true,false,true,rare,true
plunk,true,true,true,common,true
pluot,true,false,true,rare,true
plush,true,true,true,common,true
pluto,true,false,true,rare,true
plyer,true,false,true,rare,true
poach,true,false,true,rare,true
poaka,true,false,true,rare,true
poake,true,false,true,rare,true
poboy,true,false,true,rare,true
pocks,true,false,true,rare,true
pocky,true,false,true,rare,true
podal,true,false,true,rare,true
poddy,true,false,true,rare,true
podex,true,false,true,rare,true
podge,true,false,true,rare,true
podgy,true,false,true,rare,true
podia,true,false,true,rare,true
poems,true,false,true,rare,true
poeps,true,false,true,rare,true
poesy,true,true,true,common,true
poets,true,false,true,rare,true
pogey,true,false,true,rare,true
pogge,true,false,true,rare,true
pogos,true,false,true,rare,true
pohed,true,false,true,rare,true
poilu,true,false,true,rare,true
poind,true,false,true,rare,true
point,true,true,true,common,true
poise,true,true,true,common,true
pokal,true,false,true,rare,true
poked,true,false,true,rare,true
poker,true,true,true,common,true
pokes,true,false,true,rare,true
pokey,true,false,true,rare,true
pokie,true,false,true,rare,true
polar,true,true,true,common,true
poled,true,false,true,rare,true
poler,true,false,true,rare,true
poles,true,false,true,rare,true
poley,true,false,true,rare,true
polio,true,false,true,rare,true
polis,true,false,true,rare,true
polje,true,false,true,rare,true
polka,true,true,true,common,true
polks,true,false,true,rare,true
polls,true,false,true,rare,true
polly,true,false,true,rare,true
polos,true,false,true,rare,true
polts,true,false,true,rare,true
polyp,true,true,true,common,true
polys,true,false,true,rare,true
pombe,true,false,true,rare,true
pomes,true,false,true,rare,true
pommy,true,false,true,rare,true
pomos,true,false,true,rare,true
pomps,true,false,true,rare,true
ponce,true,false,true,rare,true
poncy,true,false,true,rare,true
ponds,true,false,true,rare,true
pones,true,false,true,rare,true
poney,true,false,true,rare,true
ponga,true,false,true,rare,true
pongo,true,false,true,rare,true
pongs,true,false,true,rare,true
pongy,true,false,true,rare,true
ponks,true,false,true,rare,true
ponts,true,false,true,rare,true
ponty,true,false,true,rare,true
ponzu,true,false,true,rare,true
pooch,true,true,true,common,true
poods,true,false,true,rare,true
pooed,true,false,true,rare,true
poofs,true,false,true,rare,true
poofy,true,false,true,rare,true
poohs,true,false,true,rare,true
pooja,true,false,true,rare,true
pooka,true,false,true,rare,true
pooks,true,false,true,rare,true
pools,true,false,true,rare,true
poons,true,false,true,rare,true
poops,true,false,true,rare,true
poopy,true,false,true,rare,true
poori,true,false,true,rare,true
poort,true,false,true,rare,true
poots,true,false,true,rare,true
poove,true,false,true,rare,true
poovy,true,false,true,rare,true
popes,true,false,true,rare,true
poppa,true,false,true,rare,true
poppy,true,true,true,common,true
popsy,true,false,true,rare,true
porae,true,false,true,rare,true
poral,true,false,true,rare,true
porch,true,true,true,common,true
pored,true,false,true,rare,true
porer,true,false,true,rare,true
pores,true,false,true,rare,true
porge,true,false,true,rare,true
porgy,true,false,true,rare,true
porin,true,false,true,rare,true
porks,true,false,true,rare,true
porky,true,false,true,rare,true
porno,true,false,true,rare,true
porns,true,false,true,rare,true
porny,true,false,true,rare,true
porta,true,false,true,rare,true
ports,true,false,true,rare,true
porty,true,false,true,rare,true
posed,true,false,true,rare,true
poser,true,true,true,common,true
poses,true,false,true,rare,true
posey,true,false,true,rare,true
posho,true,false,true,rare,true
posit,true,true,true,common,true
posse,true,true,true,common,true
posts,true,false,true,rare,true
potae,true,false,true,rare,true
potch,true,false,true,rare,true
poted,true,false,true,rare,true
potes,true,false,true,rare,true
potin,true,false,true,rare,true
potoo,true,false,true,rare,true
potsy,true,false,true,rare,true
potto,true,false,true,rare,true
potts,true,false,true,rare,true
potty,true,false,true,rare,true
pouch,true,true,true,common,true
pouff,true,false,true,rare,true
poufs,true,false,true,rare,true
pouke,true,false,true,rare,true
pouks,true,false,true,rare,true
poule,true,false,true,rare,true
poulp,true,false,true,rare,true
poult,true,false,true,rare,true
pound,true,true,true,common,true
poupe,true,false,true,rare,true
poupt,true,false,true,rare,true
pours,true,false,true,rare,true
pouts,true,false,true,rare,true
pouty,true,true,true,common,true
powan,true,false,true,rare,true
power,true,true,true,common,true
powin,true,false,true,rare,true
pownd,true,false,true,rare,true
powns,true,false,true,rare,true
powny,true,false,true,rare,true
powre,true,false,true,rare,true
poxed,true,false,true,rare,true
poxes,true,false,true,rare,true
poynt,true,false,true,rare,true
poyou,true,false,true,rare,true
poyse,true,false,true,rare,true
pozzy,true,false,true,rare,true
praam,true,false,true,rare,true
prads,true,false,true,rare,true
prahu,true,false,true,rare,true
prams,true,false,true,rare,true
prana,true,false,true,rare,true
prang,true,false,true,rare,true
prank,true,true,true,common,true
praos,true,false,true,rare,true
prase,true,false,true,rare,true
prate,true,false,true,rare,true
prats,true,false,true,rare,true
pratt,true,false,true,rare,true
praty,true,false,true,rare,true
praus,true,false,true,rare,true
prawn,true,true,true,common,true
prays,true,false,true,rare,true
predy,true,false,true,rare,true
preed,true,false,true,rare,true
preen,true,true,true,common,true
prees,true,false,true,rare,true
preif,true,false,true,rare,true
prems,true,false,true,rare,true
premy,true,false,true,rare,true
prent,true,false,true,rare,true
preon,true,false,true,rare,true
preop,true,false,true,rare,true
preps,true,false,true,rare,true
presa,true,false,true,rare,true
prese,true,false,true,rare,true
press,true,true,true,common,true
prest,true,false,true,rare,true
preve,true,false,true,rare,true
prexy,true,false,true,rare,true
preys,true,false,true,rare,true
prial,true,false,true,rare,true
price,true,true,true,common,true
prick,true,true,true,common,true
pricy,true,false,true,rare,true
pride,true,true,true,common,true
pried,true,true,true,common,true
prief,true,false,true,rare,true
prier,true,false,true,rare,true
pries,true,false,true,rare,true
prigs,true,false,true,rare,true
prill,true,false,true,rare,true
prima,true,false,true,rare,true
prime,true,true,true,common,true
primi,true,false,true,rare,true
primo,true,true,true,common,true
primp,true,false,true,rare,true
prims,true,false,true,rare,true
primy,true,false,true,rare,true
prink,true,false,true,rare,true
print,true,true,true,common,true
prion,true,false,true,rare,true
prior,true,true,true,common,true
prise,true,false,true,rare,true
prism,true,true,true,common,true
priss,true,false,true,rare,true
privy,true,true,true,common,true
prize,true,true,true,common,true
proas,true,false,true,rare,true
probe,true,true,true,common,true
probs,true,false,true,rare,true
prods,true,false,true,rare,true
proem,true,false,true,rare,true
profs,true,false,true,rare,true
progs,true,false,true,rare,true
proin,true,false,true,rare,true
proke,true,false,true,rare,true
prole,true,false,true,rare,true
proll,true,false,true,rare,true
promo,true,false,true,rare,true
proms,true,false,true,rare,true
prone,true,true,true,common,true
prong,true,true,true,common,true
pronk,true,false,true,rare,true
proof,true,true,true,common,true
props,true,false,true,rare,true
prore,true,false,true,rare,true
prose,true,true,true,common,true
proso,true,false,true,rare,true
pross,true,false,true,rare,true
prost,true,false,true,rare,true
prosy,true,false,true,rare,true
proto,true,false,true,rare,true
proud,true,true,true,common,true
proul,true,false,true,rare,true
prove,true,true,true,common,true
prowl,true,true,true,common,true
prows,true,false,true,rare,true
proxy,true,true,true,common,true
proyn,true,false,true,rare,true
prude,true,true,true,common,true
prune,true,true,true,common,true
prunt,true,false,true,rare,true
pruta,true,false,true,rare,true
pryer,true,false,true,rare,true
pryse,true,false,true,rare,true
psalm,true,true,true,common,true
pseud,true,false,true,rare,true
pshaw,true,false,true,rare,true
psion,true,false,true,rare,true
psoae,true,false,true,rare,true
psoai,true,false,true,rare,true
psoas,true,false,true,rare,true
psora,true,false,true,rare,true
psych,true,false,true,rare,true
psyop,true,false,true,rare,true
pubco,true,false,true,rare,true
pubes,true,false,true,rare,true
pubic,true,true,true,common,true
pubis,true,false,true,rare,true
pucan,true,false,true,rare,true
pucer,true,false,true,rare,true
puces,true,false,true,rare,true
pucka,true,false,true,rare,true
pucks,true,false,true,rare,true
puddy,true,false,true,rare,true
pudge,true,false,true,rare,true
pudgy,true,true,true,common,true
pudic,true,false,true,rare,true
pudor,true,false,true,rare,true
pudsy,true,false,true,rare,true
pudus,true,false,true,rare,true
puers,true,false,true,rare,true
puffa,true,false,true,rare,true
puffs,true,false,true,rare,true
puffy,true,true,true,common,true
puggy,true,false,true,rare,true
pugil,true,false,true,rare,true
puhas,true,false,true,rare,true
pujah,true,false,true,rare,true
pujas,true,false,true,rare,true
pukas,true,false,true,rare,true
puked,true,false,true,rare,true
puker,true,false,true,rare,true
pukes,true,false,true,rare,true
pukey,true,false,true,rare,true
pukka,true,false,true,rare,true
pukus,true,false,true,rare,true
pulao,true,false,true,rare,true
pulas,true,false,true,rare,true
puled,true,false,true,rare,true
puler,true,false,true,rare,true
pules,true,false,true,rare,true
pulik,true,false,true,rare,true
pulis,true,false,true,rare,true
pulka,true,false,true,rare,true
pulks,true,false,true,rare,true
pulli,true,false,true,rare,true
pulls,true,false,true,rare,true
pully,true,false,true,rare,true
pulmo,true,false,true,rare,true
pulps,true,false,true,rare,true
pulpy,true,true,true,common,true
pulse,true,true,true,common,true
pulus,true,false,true,rare,true
pumas,true,false,true,rare,true
pumie,true,false,true,rare,true
pumps,true,false,true,rare,true
punas,true,false,true,rare,true
punce,true,false,true,rare,true
punch,true,true,true,common,true
punga,true,false,true,rare,true
pungs,true,false,true,rare,true
punji,true,false,true,rare,true
punka,true,false,true,rare,true
punks,true,false,true,rare,true
punky,true,false,true,rare,true
punny,true,false,true,rare,true
punto,true,false,true,rare,true
punts,true,false,true,rare,true
punty,true,false,true,rare,true
pupae,true,false,true,rare,true
pupas,true,false,true,rare,true
pupil,true,true,true,common,true
puppy,true,true,true,common,true
pupus,true,false,true,rare,true
purda,true,false,true,rare,true
pured,true,false,true,rare,true
puree,true,true,true,common,true
purer,true,true,true,common,true
pures,true,false,true,rare,true
purge,true,true,true,common,true
purin,true,false,true,rare,true
puris,true,false,true,rare,true
purls,true,false,true,rare,true
purpy,true,false,true,rare,true
purrs,true,false,true,rare,true
purse,true,true,true,common,true
pursy,true,false,true,rare,true
purty,true,false,true,rare,true
puses,true,false,true,rare,true
pushy,true,true,true,common,true
pusle,true,false,true,rare,true
pussy,true,false,true,rare,true
putid,true,false,true,rare,true
puton,true,false,true,rare,true
putti,true,false,true,rare,true
putto,true,false,true,rare,true
putts,true,false,true,rare,true
putty,true,true,true,common,true
puzel,true,false,true,rare,true
pwned,true,false,true,rare,true
pyats,true,false,true,rare,true
pyets,true,false,true,rare,true
pygal,true,false,true,rare,true
pygmy,true,true,true,common,true
pyins,true,false,true,rare,true
pylon,true,false,true,rare,true
pyned,true,false,true,rare,true
pynes,true,false,true,rare,true
pyoid,true,false,true,rare,true
pyots,true,false,true,rare,true
pyral,true,false,true,rare,true
pyran,true,false,true,rare,true
pyres,true,false,true,rare,true
pyrex,true,false,true,rare,true
pyric,true,false,true,rare,true
pyros,true,false,true,rare,true
pyxed,true,false,true,rare,true
pyxes,true,false,true,rare,true
pyxie,true,false,true,rare,true
pyxis,true,false,true,rare,true
pzazz,true,false,true,rare,true
qadis,true,false,true,rare,true
qaids,true,false,true,rare,true
qajaq,true,false,true,rare,true
qanat,true,false,true,rare,true
qapik,true,false,true,rare,true
qibla,true,false,true,rare,true
qophs,true,false,true,rare,true
qorma,true,false,true,rare,true
quack,true,true,true,common,true
quads,true,false,true,rare,true
quaff,true,false,true,rare,true
quags,true,false,true,rare,true
quail,true,true,true,common,true
quair,true,false,true,rare,true
quais,true,false,true,rare,true
quake,true,true,true,common,true
quaky,true,false,true,rare,true
quale,true,false,true,rare,true
qualm,true,true,true,common,true
quant,true,false,true,rare,true
quare,true,false,true,rare,true
quark,true,true,true,common,true
quart,true,true,true,common,true
quash,true,true,true,common,true
quasi,true,true,true,common,true
quass,true,false,true,rare,true
quate,true,false,true,rare,true
quats,true,false,true,rare,true
quayd,true,false,true,rare,true
quays,true,false,true,rare,true
qubit,true,false,true,rare,true
quean,true,false,true,rare,true
queen,true,true,true,common,true
queer,true,true,true,common,true
quell,true,true,true,common,true
queme,true,false,true,rare,true
quena,true,false,true,rare,true
quern,true,false,true,rare,true
query,true,true,true,common,true
quest,true,true,true,common,true
queue,true,true,true,common,true
queyn,true,false,true,rare,true
queys,true,false,true,rare,true
quich,true,false,true,rare,true
quick,true,true,true,common,true
quids,true,false,true,rare,true
quiet,true,true,true,common,true
quiff,true,false,true,rare,true
quill,true,true,true,common,true
quilt,true,true,true,common,true
quims,true,false,true,rare,true
quina,true,false,true,rare,true
quine,true,false,true,rare,true
quino,true,false,true,rare,true
quins,true,false,true,rare,true
quint,true,false,true,rare,true
quipo,true,false,true,rare,true
quips,true,false,true,rare,true
quipu,true,false,true,rare,true
quire,true,false,true,rare,true
quirk,true,true,true,common,true
quirt,true,false,true,rare,true
quist,true,false,true,rare,true
quite,true,true,true,common,true
quits,true,false,true,rare,true
quoad,true,false,true,rare,true
quods,true,false,true,rare,true
quoif,true,false,true,rare,true
quoin,true,false,true,rare,true
quoit,true,false,true,rare,true
quoll,true,false,true,rare,true
quonk,true,false,true,rare,true
quops,true,false,true,rare,true
quota,true,true,true,common,true
quote,true,true,true,common,true
quoth,true,true,true,common,true
qursh,true,false,true,rare,true
quyte,true,false,true,rare,true
rabat,true,false,true,rare,true
rabbi,true,true,true,common,true
rabic,true,false,true,rare,true
rabid,true,true,true,common,true
rabis,true,false,true,rare,true
raced,true,false,true,rare,true
racer,true,true,true,common,true
races,true,false,true,rare,true
rache,true,false,true,rare,true
racks,true,false,true,rare,true
racon,true,false,true,rare,true
radar,true,true,true,common,true
radge,true,false,true,rare,true
radii,true,true,true,common,true
radio,true,true,true,common,true
radix,true,false,true,rare,true
radon,true,false,true,rare,true
raffs,true,false,true,rare,true
rafts,true,false,true,rare,true
ragas,true,false,true,rare,true
ragde,true,false,true,rare,true
raged,true,false,true,rare,true
ragee,true,false,true,rare,true
rager,true,false,true,rare,true
rages,true,false,true,rare,true
ragga,true,false,true,rare,true
raggs,true,false,true,rare,true
raggy,true,false,true,rare,true
ragis,true,false,true,rare,true
ragus,true,false,true,rare,true
rahed,true,false,true,rare,true
rahui,true,false,true,rare,true
raias,true,false,true,rare,true
raids,true,false,true,rare,true
raiks,true,false,true,rare,true
raile,true,false,true,rare,true
rails,true,false,true,rare,true
raine,true,false,true,rare,true
rains,true,false,true,rare,true
rainy,true,true,true,common,true
raird,true,false,true,rare,true
raise,true,true,true,common,true
raita,true,false,true,rare,true
raits,true,false,true,rare,true
rajah,true,true,true,common,true
rajas,true,false,true,rare,true
rajes,true,false,true,rare,true
raked,true,false,true,rare,true
rakee,true,false,true,rare,true
raker,true,false,true,rare,true
rakes,true,false,true,rare,true
rakia,true,false,true,rare,true
rakis,true,false,true,rare,true
rakus,true,false,true,rare,true
rales,true,false,true,rare,true
rally,true,true,true,common,true
ralph,true,true,true,common,true
ramal,true,false,true,rare,true
ramee,true,false,true,rare,true
ramen,true,true,true,common,true
ramet,true,false,true,rare,true
ramie,true,false,true,rare,true
ramin,true,false,true,rare,true
ramis,true,false,true,rare,true
rammy,true,false,true,rare,true
ramps,true,false,true,rare,true
ramus,true,false,true,rare,true
ranas,true,false,true,rare,true
rance,true,false,true,rare,true
ranch,true,true,true,common,true
rands,true,false,true,rare,true
randy,true,true,true,common,true
ranee,true,false,true,rare,true
ranga,true,false,true,rare,true
range,true,true,true,common,true
rangi,true,false,true,rare,true
rangs,true,false,true,rare,true
rangy,true,false,true,rare,true
ranid,true,false,true,rare,true
ranis,true,false,true,rare,true
ranke,true,false,true,rare,true
ranks,true,false,true,rare,true
rants,true,false,true,rare,true
raped,true,false,true,rare,true
raper,true,false,true,rare,true
rapes,true,false,true,rare,true
raphe,true,false,true,rare,true
rapid,true,true,true,common,true
rappe,true,false,true,rare,true
rared,true,false,true,rare,true
raree,true,false,true,rare,true
rarer,true,true,true,common,true
rares,true,false,true,rare,true
rarks,true,false,true,rare,true
rased,true,false,true,rare,true
raser,true,false,true,rare,true
rases,true,false,true,rare,true
rasps,true,false,true,rare,true
raspy,true,true,true,common,true
rasse,true,false,true,rare,true
rasta,true,false,true,rare,true
ratal,true,false,true,rare,true
ratan,true,false,true,rare,true
ratas,true,false,true,rare,true
ratch,true,false,true,rare,true
rated,true,false,true,rare,true
ratel,true,false,true,rare,true
rater,true,false,true,rare,true
rates,true,false,true,rare,true
ratha,true,false,true,rare,true
rathe,true,false,true,rare,true
raths,true,false,true,rare,true
ratio,true,true,true,common,true
ratoo,true,false,true,rare,true
ratos,true,false,true,rare,true
ratty,true,true,true,common,true
ratus,true,false,true,rare,true
rauns,true,false,true,rare,true
raupo,true,false,true,rare,true
raved,true,false,true,rare,true
ravel,true,false,true,rare,true
raven,true,true,true,common,true
raver,true,false,true,rare,true
raves,true,false,true,rare,true
ravey,true,false,true,rare,true
ravin,true,false,true,rare,true
rawer,true,false,true,rare,true
rawin,true,false,true,rare,true
rawly,true,false,true,rare,true
rawns,true,false,true,rare,true
raxed,true,false,true,rare,true
raxes,true,false,true,rare,true
rayah,true,false,true,rare,true
rayas,true,false,true,rare,true
rayed,true,false,true,rare,true
rayle,true,false,true,rare,true
rayne,true,false,true,rare,true
rayon,true,true,true,common,true
razed,true,false,true,rare,true
razee,true,false,true,rare,true
razer,true,false,true,rare,true
razes,true,false,true,rare,true
razoo,true,false,true,rare,true
razor,true,true,true,common,true
reach,true,true,true,common,true
react,true,true,true,common,true
readd,true,false,true,rare,true
reads,true,false,true,rare,true
ready,true,true,true,common,true
reais,true,false,true,rare,true
reaks,true,false,true,rare,true
realm,true,true,true,common,true
realo,true,false,true,rare,true
reals,true,false,true,rare,true
reame,true,false,true,rare,true
reams,true,false,true,rare,true
reamy,true,false,true,rare,true
reans,true,false,true,rare,true
reaps,true,false,true,rare,true
rearm,true,true,true,common,true
rears,true,false,true,rare,true
reast,true,false,true,rare,true
reata,true,false,true,rare,true
reate,true,false,true,rare,true
reave,true,false,true,rare,true
rebar,true,true,true,common,true
rebbe,true,false,true,rare,true
rebec,true,false,true,rare,true
rebel,true,true,true,common,true
rebid,true,false,true,rare,true
rebit,true,false,true,rare,true
rebop,true,false,true,rare,true
rebus,true,true,true,common,true
rebut,true,true,true,common,true
rebuy,true,false,true,rare,true
recal,true,false,true,rare,true
recap,true,true,true,common,true
recce,true,false,true,rare,true
recco,true,false,true,rare,true
reccy,true,false,true,rare,true
recit,true,false,true,rare,true
recks,true,false,true,rare,true
recon,true,false,true,rare,true
recta,true,false,true,rare,true
recti,true,false,true,rare,true
recto,true,false,true,rare,true
recur,true,true,true,common,true
recut,true,true,true,common,true
redan,true,false,true,rare,true
redds,true,false,true,rare,true
reddy,true,false,true,rare,true
reded,true,false,true,rare,true
redes,true,false,true,rare,true
redia,true,false,true,rare,true
redid,true,false,true,rare,true
redip,true,false,true,rare,true
redly,true,false,true,rare,true
redon,true,false,true,rare,true
redos,true,false,true,rare,true
redox,true,false,true,rare,true
redry,true,false,true,rare,true
redub,true,false,true,rare,true
redux,true,false,true,rare,true
redye,true,false,true,rare,true
reech,true,false,true,rare,true
reede,true,false,true,rare,true
reeds,true,false,true,rare,true
reedy,true,true,true,common,true
reefs,true,false,true,rare,true
reefy,true,false,true,rare,true
reeks,true,false,true,rare,true
reeky,true,false,true,rare,true
reels,true,false,true,rare,true
reens,true,false,true,rare,true
reest,true,false,true,rare,true
reeve,true,false,true,rare,true
refed,true,false,true,rare,true
refel,true,false,true,rare,true
refer,true,true,true,common,true
reffo,true,false,true,rare,true
refis,true,false,true,rare,true
refit,true,true,true,common,true
refix,true,false,true,rare,true
refly,true,false,true,rare,true
refry,true,false,true,rare,true
regal,true,true,true,common,true
regar,true,false,true,rare,true
reges,true,false,true,rare,true
reggo,true,false,true,rare,true
regie,true,false,true,rare,true
regma,true,false,true,rare,true
regna,true,false,true,rare,true
regos,true,false,true,rare,true
regur,true,false,true,rare,true
rehab,true,true,true,common,true
rehem,true,false,true,rare,true
reifs,true,false,true,rare,true
reify,true,false,true,rare,true
reign,true,true,true,common,true
reiki,true,false,true,rare,true
reiks,true,false,true,rare,true
reink,true,false,true,rare,true
reins,true,false,true,rare,true
reird,true,false,true,rare,true
reist,true,false,true,rare,true
reive,true,false,true,rare,true
rejig,true,false,true,rare,true
rejon,true,false,true,rare,true
reked,true,false,true,rare,true
rekes,true,false,true,rare,true
rekey,true,false,true,rare,true
relax,true,true,true,common,true
relay,true,true,true,common,true
relet,true,false,true,rare,true
relic,true,true,true,common,true
relie,true,false,true,rare,true
relit,true,false,true,rare,true
rello,true,false,true,rare,true
reman,true,false,true,rare,true
remap,true,false,true,rare,true
remen,true,false,true,rare,true
remet,true,false,true,rare,true
remex,true,false,true,rare,true
remit,true,true,true,common,true
remix,true,false,true,rare,true
renal,true,true,true,common,true
renay,true,false,true,rare,true
rends,true,false,true,rare,true
renew,true,true,true,common,true
reney,true,false,true,rare,true
renga,true,false,true,rare,true
renig,true,false,true,rare,true
renin,true,false,true,rare,true
renne,true,false,true,rare,true
renos,true,false,true,rare,true
rente,true,false,true,rare,true
rents,true,false,true,rare,true
reoil,true,false,true,rare,true
reorg,true,false,true,rare,true
repay,true,true,true,common,true
repeg,true,false,true,rare,true
repel,true,true,true,common,true
repin,true,false,true,rare,true
repla,true,false,true,rare,true
reply,true,true,true,common,true
repos,true,false,true,rare,true
repot,true,false,true,rare,true
repps,true,false,true,rare,true
repro,true,false,true,rare,true
reran,true,false,true,rare,true
rerig,true,false,true,rare,true
rerun,true,true,true,common,true
resat,true,false,true,rare,true
resaw,true,false,true,rare,true
resay,true,false,true,rare,true
resee,true,false,true,rare,true
reses,true,false,true,rare,true
reset,true,true,true,common,true
resew,true,false,true,rare,true
resid,true,false,true,rare,true
resin,true,true,true,common,true
resit,true,false,true,rare,true
resod,true,false,true,rare,true
resow,true,false,true,rare,true
resto,true,false,true,rare,true
rests,true,false,true,rare,true
resty,true,false,true,rare,true
resus,true,false,true,rare,true
retag,true,false,true,rare,true
retax,true,false,true,rare,true
retch,true,true,true,common,true
retem,true,false,true,rare,true
retia,true,false,true,rare,true
retie,true,false,true,rare,true
retox,true,false,true,rare,true
retro,true,true,true,common,true
retry,true,true,true,common,true
reuse,true,true,true,common,true
revel,true,true,true,common,true
revet,true,false,true,rare,true
revie,true,false,true,rare,true
revue,true,true,true,common,true
rewan,true,false,true,rare,true
rewax,true,false,true,rare,true
rewed,true,false,true,rare,true
rewet,true,false,true,rare,true
rewin,true,false,true,rare,true
rewon,true,false,true,rare,true
rewth,true,false,true,rare,true
rexes,true,false,true,rare,true
rezes,true,false,true,rare,true
rheas,true,false,true,rare,true
rheme,true,false,true,rare,true
rheum,true,false,true,rare,true
rhies,true,false,true,rare,true
rhime,true,false,true,rare,true
rhine,true,false,true,rare,true
rhino,true,true,true,common,true
rhody,true,false,true,rare,true
rhomb,true,false,true,rare,true
rhone,true,false,true,rare,true
rhumb,true,false,true,rare,true
rhyme,true,true,true,common,true
rhyne,true,false,true,rare,true
rhyta,true,false,true,rare,true
riads,true,false,true,rare,true
rials,true,false,true,rare,true
riant,true,false,true,rare,true
riata,true,false,true,rare,true
ribas,true,false,true,rare,true
ribby,true,false,true,rare,true
ribes,true,false,true,rare,true
riced,true,false,true,rare,true
ricer,true,false,true,rare,true
rices,true,false,true,rare,true
ricey,true,false,true,rare,true
richt,true,false,true,rare,true
ricin,true,false,true,rare,true
ricks,true,false,true,rare,true
rider,true,true,true,common,true
rides,true,false,true,rare,true
ridge,true,true,true,common,true
ridgy,true,false,true,rare,true
ridic,true,false,true,rare,true
riels,true,false,true,rare,true
riems,true,false,true,rare,true
rieve,true,false,true,rare,true
rifer,true,false,true,rare,true
riffs,true,false,true,rare,true
rifle,true,true,true,common,true
rifte,true,false,true,rare,true
rifts,true,false,true,rare,true
rifty,true,false,true,rare,true
riggs,true,false,true,rare,true
right,true,true,true,common,true
rigid,true,true,true,common,true
rigol,true,false,true,rare,true
rigor,true,true,true,common,true
riled,true,false,true,rare,true
riles,true,false,true,rare,true
riley,true,false,true,rare,true
rille,true,false,true,rare,true
rills,true,false,true,rare,true
rimae,true,false,true,rare,true
rimed,true,false,true,rare,true
rimer,true,false,true,rare,true
rimes,true,false,true,rare,true
rimus,true,false,true,rare,true
rinds,true,false,true,rare,true
rindy,true,false,true,rare,true
rines,true,false,true,rare,true
rings,true,false,true,rare,true
rinks,true,false,true,rare,true
rinse,true,true,true,common,true
rioja,true,false,true,rare,true
riots,true,false,true,rare,true
riped,true,false,true,rare,true
ripen,true,true,true,common,true
riper,true,true,true,common,true
ripes,true,false,true,rare,true
ripps,true,false,true,rare,true
risen,true,true,true,common,true
riser,true,true,true,common,true
rises,true,false,true,rare,true
rishi,true,false,true,rare,true
risks,true,false,true,rare,true
risky,true,true,true,common,true
risps,true,false,true,rare,true
risus,true,false,true,rare,true
rites,true,false,true,rare,true
ritts,true,false,true,rare,true
ritzy,true,false,true,rare,true
rival,true,true,true,common,true
rivas,true,false,true,rare,true
rived,true,false,true,rare,true
rivel,true,false,true,rare,true
riven,true,false,true,rare,true
river,true,true,true,common,true
rives,true,false,true,rare,true
rivet,true,true,true,common,true
riyal,true,false,true,rare,true
rizas,true,false,true,rare,true
roach,true,true,true,common,true
roads,true,false,true,rare,true
roams,true,false,true,rare,true
roans,true,false,true,rare,true
roars,true,false,true,rare,true
roary,true,false,true,rare,true
roast,true,true,true,common,true
roate,true,false,true,rare,true
robed,true,false,true,rare,true
robes,true,false,true,rare,true
robin,true,true,true,common,true
roble,true,false,true,rare,true
robot,true,true,true,common,true
rocks,true,false,true,rare,true
rocky,true,true,true,common,true
roded,true,false,true,rare,true
rodeo,true,true,true,common,true
rodes,true,false,true,rare,true
roger,true,true,true,common,true
rogue,true,true,true,common,true
roguy,true,false,true,rare,true
rohes,true,false,true,rare,true
roids,true,false,true,rare,true
roils,true,false,true,rare,true
roily,true,false,true,rare,true
roins,true,false,true,rare,true
roist,true,false,true,rare,true
rojak,true,false,true,rare,true
rojis,true,false,true,rare,true
roked,true,false,true,rare,true
roker,true,false,true,rare,true
rokes,true,false,true,rare,true
rolag,true,false,true,rare,true
roles,true,false,true,rare,true
rolfs,true,false,true,rare,true
rolls,true,false,true,rare,true
romal,true,false,true,rare,true
roman,true,false,true,rare,true
romeo,true,false,true,rare,true
romps,true,false,true,rare,true
ronde,true,false,true,rare,true
rondo,true,false,true,rare,true
roneo,true,false,true,rare,true
rones,true,false,true,rare,true
ronin,true,false,true,rare,true
ronne,true,false,true,rare,true
ronte,true,false,true,rare,true
ronts,true,false,true,rare,true
roods,true,false,true,rare,true
roofs,true,false,true,rare,true
roofy,true,false,true,rare,true
rooks,true,false,true,rare,true
rooky,true,false,true,rare,true
rooms,true,false,true,rare,true
roomy,true,true,true,common,true
roons,true,false,true,rare,true
roops,true,false,true,rare,true
roopy,true,false,true,rare,true
roosa,true,false,true,rare,true
roose,true,false,true,rare,true
roost,true,true,true,common,true
roots,true,false,true,rare,true
rooty,true,false,true,rare,true
roped,true,false,true,rare,true
roper,true,false,true,rare,true
ropes,true,false,true,rare,true
ropey,true,false,true,rare,true
roque,true,false,true,rare,true
roral,true,false,true,rare,true
rores,true,false,true,rare,true
roric,true,false,true,rare,true
rorid,true,false,true,rare,true
rorie,true,false,true,rare,true
rorts,true,false,true,rare,true
rorty,true,false,true,rare,true
rosed,true,false,true,rare,true
roses,true,false,true,rare,true
roset,true,false,true,rare,true
roshi,true,false,true,rare,true
rosin,true,false,true,rare,true
rosit,true,false,true,rare,true
rosti,true,false,true,rare,true
rosts,true,false,true,rare,true
rotal,true,false,true,rare,true
rotan,true,false,true,rare,true
rotas,true,false,true,rare,true
rotch,true,false,true,rare,true
roted,true,false,true,rare,true
rotes,true,false,true,rare,true
rotis,true,false,true,rare,true
rotls,true,false,true,rare,true
roton,true,false,true,rare,true
rotor,true,true,true,common,true
rotos,true,false,true,rare,true
rotte,true,false,true,rare,true
rouen,true,false,true,rare,true
roues,true,false,true,rare,true
rouge,true,true,true,common,true
rough,true,true,true,common,true
roule,true,false,true,rare,true
rouls,true,false,true,rare,true
roums,true,false,true,rare,true
round,true,true,true,common,true
roups,true,false,true,rare,true
roupy,true,false,true,rare,true
rouse,true,true,true,common,true
roust,true,false,true,rare,true
route,true,true,true,common,true
routh,true,false,true,rare,true
routs,true,false,true,rare,true
roved,true,false,true,rare,true
roven,true,false,true,rare,true
rover,true,true,true,common,true
roves,true,false,true,rare,true
rowan,true,false,true,rare,true
rowdy,true,true,true,common,true
rowed,true,false,true,rare,true
rowel,true,false,true,rare,true
rowen,true,false,true,rare,true
rower,true,true,true,common,true
rowie,true,false,true,rare,true
rowme,true,false,true,rare,true
rownd,true,false,true,rare,true
rowth,true,false,true,rare,true
rowts,true,false,true,rare,true
royal,true,true,true,common,true
royne,true,false,true,rare,true
royst,true,false,true,rare,true
rozet,true,false,true,rare,true
rozit,true,false,true,rare,true
ruana,true,false,true,rare,true
rubai,true,false,true,rare,true
rubby,true,false,true,rare,true
rubel,true,false,true,rare,true
rubes,true,false,true,rare,true
rubin,true,false,true,rare,true
ruble,true,false,true,rare,true
rubli,true,false,true,rare,true
rubus,true,false,true,rare,true
ruche,true,false,true,rare,true
rucks,true,false,true,rare,true
rudas,true,false,true,rare,true
rudds,true,false,true,rare,true
ruddy,true,true,true,common,true
ruder,true,true,true,common,true
rudes,true,false,true,rare,true
rudie,true,false,true,rare,true
rudis,true,false,true,rare,true
rueda,true,false,true,rare,true
ruers,true,false,true,rare,true
ruffe,true,false,true,rare,true
ruffs,true,false,true,rare,true
rugae,true,false,true,rare,true
rugal,true,false,true,rare,true
rugby,true,true,true,common,true
ruggy,true,false,true,rare,true
ruing,true,false,true,rare,true
ruins,true,false,true,rare,true
rukhs,true,false,true,rare,true
ruled,true,false,true,rare,true
ruler,true,true,true,common,true
rules,true,false,true,rare,true
rumal,true,false,true,rare,true
rumba,true,true,true,common,true
rumbo,true,false,true,rare,true
rumen,true,false,true,rare,true
rumes,true,false,true,rare,true
rumly,true,false,true,rare,true
rummy,true,false,true,rare,true
rumor,true,true,true,common,true
rumpo,true,false,true,rare,true
rumps,true,false,true,rare,true
rumpy,true,false,true,rare,true
runch,true,false,true,rare,true
runds,true,false,true,rare,true
runed,true,false,true,rare,true
runes,true,false,true,rare,true
rungs,true,false,true,rare,true
runic,true,false,true,rare,true
runny,true,false,true,rare,true
runts,true,false,true,rare,true
runty,true,false,true,rare,true
rupee,true,true,true,common,true
rupia,true,false,true,rare,true
rural,true,true,true,common,true
rurps,true,false,true,rare,true
rurus,true,false,true,rare,true
rusas,true,false,true,rare,true
ruses,true,false,true,rare,true
rushy,true,false,true,rare,true
rusks,true,false,true,rare,true
rusma,true,false,true,rare,true
russe,true,false,true,rare,true
rusts,true,false,true,rare,true
rusty,true,true,true,common,true
ruths,true,false,true,rare,true
rutin,true,false,true,rare,true
rutty,true,false,true,rare,true
ryals,true,false,true,rare,true
rybat,true,false,true,rare,true
ryked,true,false,true,rare,true
rykes,true,false,true,rare,true
rymme,true,false,true,rare,true
rynds,true,false,true,rare,true
ryots,true,false,true,rare,true
ryper,true,false,true,rare,true
saags,true,false,true,rare,true
sabal,true,false,true,rare,true
sabed,true,false,true,rare,true
saber,true,false,true,rare,true
sabes,true,false,true,rare,true
sabha,true,false,true,rare,true
sabin,true,false,true,rare,true
sabir,true,false,true,rare,true
sable,true,false,true,rare,true
sabot,true,false,true,rare,true
sabra,true,false,true,rare,true
sabre,true,false,true,rare,true
sacks,true,false,true,rare,true
sacra,true,false,true,rare,true
saddo,true,false,true,rare,true
sades,true,false,true,rare,true
sadhe,true,false,true,rare,true
sadhu,true,false,true,rare,true
sadis,true,false,true,rare,true
sadly,true,true,true,common,true
sados,true,false,true,rare,true
sadza,true,false,true,rare,true
safed,true,false,true,rare,true
safer,true,true,true,common,true
safes,true,false,true,rare,true
sagas,true,false,true,rare,true
sager,true,false,true,rare,true
sages,true,false,true,rare,true
saggy,true,false,true,rare,true
sagos,true,false,true,rare,true
sagum,true,false,true,rare,true
saheb,true,false,true,rare,true
sahib,true,false,true,rare,true
saice,true,false,true,rare,true
saick,true,false,true,rare,true
saics,true,false,true,rare,true
saids,true,false,true,rare,true
saiga,true,false,true,rare,true
sails,true,false,true,rare,true
saims,true,false,true,rare,true
saine,true,false,true,rare,true
sains,true,false,true,rare,true
saint,true,true,true,common,true
sairs,true,false,true,rare,true
saist,true,false,true,rare,true
saith,true,false,true,rare,true
sajou,true,false,true,rare,true
sakai,true,false,true,rare,true
saker,true,false,true,rare,true
sakes,true,false,true,rare,true
sakia,true,false,true,rare,true
sakis,true,false,true,rare,true
sakti,true,false,true,rare,true
salad,true,true,true,common,true
salal,true,false,true,rare,true
salat,true,false,true,rare,true
salep,true,false,true,rare,true
sales,true,false,true,rare,true
salet,true,false,true,rare,true
salic,true,false,true,rare,true
salix,true,false,true,rare,true
salle,true,false,true,rare,true
sally,true,true,true,common,true
salmi,true,false,true,rare,true
salol,true,false,true,rare,true
salon,true,true,true,common,true
salop,true,false,true,rare,true
salpa,true,false,true,rare,true
salps,true,false,true,rare,true
salsa,true,true,true,common,true
salse,true,false,true,rare,true
salto,true,false,true,rare,true
salts,true,false,true,rare,true
salty,true,true,true,common,true
salue,true,false,true,rare,true
salut,true,false,true,rare,true
salve,true,true,true,common,true
salvo,true,true,true,common,true
saman,true,false,true,rare,true
samas,true,false,true,rare,true
samba,true,false,true,rare,true
sambo,true,false,true,rare,true
samek,true,false,true,rare,true
samel,true,false,true,rare,true
samen,true,false,true,rare,true
sames,true,false,true,rare,true
samey,true,false,true,rare,true
samfu,true,false,true,rare,true
sammy,true,false,true,rare,true
sampi,true,false,true,rare,true
samps,true,false,true,rare,true
sands,true,false,true,rare,true
sandy,true,true,true,common,true
saned,true,false,true,rare,true
saner,true,true,true,common,true
sanes,true,false,true,rare,true
sanga,true,false,true,rare,true
sangh,true,false,true,rare,true
sango,true,false,true,rare,true
sangs,true,false,true,rare,true
sanko,true,false,true,rare,true
sansa,true,false,true,rare,true
santo,true,false,true,rare,true
sants,true,false,true,rare,true
saola,true,false,true,rare,true
sapan,true,false,true,rare,true
sapid,true,false,true,rare,true
sapor,true,false,true,rare,true
sappy,true,true,true,common,true
saran,true,false,true,rare,true
sards,true,false,true,rare,true
sared,true,false,true,rare,true
saree,true,false,true,rare,true
sarge,true,false,true,rare,true
sargo,true,false,true,rare,true
sarin,true,false,true,rare,true
saris,true,false,true,rare,true
sarks,true,false,true,rare,true
sarky,true,false,true,rare,true
sarod,true,false,true,rare,true
saros,true,false,true,rare,true
sarus,true,false,true,rare,true
saser,true,false,true,rare,true
sasin,true,false,true,rare,true
sasse,true,false,true,rare,true
sassy,true,true,true,common,true
satai,true,false,true,rare,true
satay,true,false,true,rare,true
sated,true,false,true,rare,true
satem,true,false,true,rare,true
sates,true,false,true,rare,true
satin,true,true,true,common,true
satis,true,false,true,rare,true
satyr,true,true,true,common,true
sauba,true,false,true,rare,true
sauce,true,true,true,common,true
sauch,true,false,true,rare,true
saucy,true,true,true,common,true
saugh,true,false,true,rare,true
sauls,true,false,true,rare,true
sault,true,false,true,rare,true
sauna,true,true,true,common,true
saunt,true,false,true,rare,true
saury,true,false,true,rare,true
saute,true,true,true,common,true
sauts,true,false,true,rare,true
saved,true,false,true,rare,true
saver,true,false,true,rare,true
saves,true,false,true,rare,true
savey,true,false,true,rare,true
savin,true,false,true,rare,true
savor,true,true,true,common,true
savoy,true,true,true,common,true
savvy,true,true,true,common,true
sawah,true,false,true,rare,true
sawed,true,false,true,rare,true
sawer,true,false,true,rare,true
saxes,true,false,true,rare,true
sayed,true,false,true,rare,true
sayer,true,false,true,rare,true
sayid,true,false,true,rare,true
sayne,true,false,true,rare,true
sayon,true,false,true,rare,true
sayst,true,false,true,rare,true
sazes,true,false,true,rare,true
scabs,true,false,true,rare,true
scads,true,false,true,rare,true
scaff,true,false,true,rare,true
scags,true,false,true,rare,true
scail,true,false,true,rare,true
scala,true,false,true,rare,true
scald,true,true,true,common,true
scale,true,true,true,common,true
scall,true,false,true,rare,true
scalp,true,true,true,common,true
scaly,true,true,true,common,true
scamp,true,true,true,common,true
scams,true,false,true,rare,true
scand,true,false,true,rare,true
scans,true,false,true,rare,true
scant,true,true,true,common,true
scapa,true,false,true,rare,true
scape,true,false,true,rare,true
scapi,true,false,true,rare,true
scare,true,true,true,common,true
scarf,true,true,true,common,true
scarp,true,false,true,rare,true
scars,true,false,true,rare,true
scart,true,false,true,rare,true
scary,true,true,true,common,true
scath,true,false,true,rare,true
scats,true,false,true,rare,true
scatt,true,false,true,rare,true
scaud,true,false,true,rare,true
scaup,true,false,true,rare,true
scaur,true,false,true,rare,true
scaws,true,false,true,rare,true
sceat,true,false,true,rare,true
scena,true,false,true,rare,true
scend,true,false,true,rare,true
scene,true,true,true,common,true
scent,true,true,true,common,true
schav,true,false,true,rare,true
schmo,true,false,true,rare,true
schul,true,false,true,rare,true
schwa,true,false,true,rare,true
scion,true,true,true,common,true
sclim,true,false,true,rare,true
scody,true,false,true,rare,true
scoff,true,true,true,common,true
scogs,true,false,true,rare,true
scold,true,true,true,common,true
scone,true,true,true,common,true
scoog,true,false,true,rare,true
scoop,true,true,true,common,true
scoot,true,false,true,rare,true
scopa,true,false,true,rare,true
scope,true,true,true,common,true
scops,true,false,true,rare,true
score,true,true,true,common,true
scorn,true,true,true,common,true
scots,true,false,true,rare,true
scoug,true,false,true,rare,true
scoup,true,false,true,rare,true
scour,true,true,true,common,true
scout,true,true,true,common,true
scowl,true,true,true,common,true
scowp,true,false,true,rare,true
scows,true,false,true,rare,true
scrab,true,false,true,rare,true
scrae,true,false,true,rare,true
scrag,true,false,true,rare,true
scram,true,true,true,common,true
scran,true,false,true,rare,true
scrap,true,true,true,common,true
scrat,true,false,true,rare,true
scraw,true,false,true,rare,true
scray,true,false,true,rare,true
scree,true,true,true,common,true
screw,true,true,true,common,true
scrim,true,false,true,rare,true
scrip,true,false,true,rare,true
scrob,true,false,true,rare,true
scrod,true,false,true,rare,true
scrog,true,false,true,rare,true
scrow,true,false,true,rare,true
scrub,true,true,true,common,true
scrum,true,true,true,common,true
scuba,true,true,true,common,true
scudi,true,false,true,rare,true
scudo,true,false,true,rare,true
scuds,true,false,true,rare,true
scuff,true,false,true,rare,true
scuft,true,false,true,rare,true
scugs,true,false,true,rare,true
sculk,true,false,true,rare,true
scull,true,false,true,rare,true
sculp,true,false,true,rare,true
sculs,true,false,true,rare,true
scums,true,false,true,rare,true
scups,true,false,true,rare,true
scurf,true,false,true,rare,true
scurs,true,false,true,rare,true
scuse,true,false,true,rare,true
scuta,true,false,true,rare,true
scute,true,false,true,rare,true
scuts,true,false,true,rare,true
scuzz,true,false,true,rare,true
scyes,true,false,true,rare,true
sdayn,true,false,true,rare,true
sdein,true,false,true,rare,true
seals,true,false,true,rare,true
seame,true,false,true,rare,true
seams,true,false,true,rare,true
seamy,true,false,true,rare,true
seans,true,false,true,rare,true
seare,true,false,true,rare,true
sears,true,false,true,rare,true
sease,true,false,true,rare,true
seats,true,false,true,rare,true
seaze,true,false,true,rare,true
sebum,true,false,true,rare,true
secco,true,false,true,rare,true
sechs,true,false,true,rare,true
sects,true,false,true,rare,true
sedan,true,true,true,common,true
seder,true,false,true,rare,true
sedes,true,false,true,rare,true
sedge,true,false,true,rare,true
sedgy,true,false,true,rare,true
sedum,true,false,true,rare,true
seeds,true,false,true,rare,true
seedy,true,true,true,common,true
seeks,true,false,true,rare,true
seeld,true,false,true,rare,true
seels,true,false,true,rare,true
seely,true,false,true,rare,true
seems,true,false,true,rare,true
seeps,true,false,true,rare,true
seepy,true,false,true,rare,true
seers,true,false,true,rare,true
sefer,true,false,true,rare,true
segar,true,false,true,rare,true
segni,true,false,true,rare,true
segno,true,false,true,rare,true
segol,true,false,true,rare,true
segos,true,false,true,rare,true
segue,true,true,true,common,true
sehri,true,false,true,rare,true
seifs,true,false,true,rare,true
seils,true,false,true,rare,true
seine,true,false,true,rare,true
seirs,true,false,true,rare,true
seise,true,false,true,rare,true
seism,true,false,true,rare,true
seity,true,false,true,rare,true
seiza,true,false,true,rare,true
seize,true,true,true,common,true
sekos,true,false,true,rare,true
sekts,true,false,true,rare,true
selah,true,false,true,rare,true
seles,true,false,true,rare,true
selfs,true,false,true,rare,true
sella,true,false,true,rare,true
selle,true,false,true,rare,true
sells,true,false,true,rare,true
selva,true,false,true,rare,true
semee,true,false,true,rare,true
semen,true,true,true,common,true
semes,true,false,true,rare,true
semie,true,false,true,rare,true
semis,true,false,true,rare,true
senas,true,false,true,rare,true
sends,true,false,true,rare,true
senes,true,false,true,rare,true
sengi,true,false,true,rare,true
senna,true,false,true,rare,true
senor,true,false,true,rare,true
sensa,true,false,true,rare,true
sense,true,true,true,common,true
sensi,true,false,true,rare,true
sente,true,false,true,rare,true
senti,true,false,true,rare,true
sents,true,false,true,rare,true
senvy,true,false,true,rare,true
senza,true,false,true,rare,true
sepad,true,false,true,rare,true
sepal,true,false,true,rare,true
sepia,true,true,true,common,true
sepic,true,false,true,rare,true
sepoy,true,false,true,rare,true
septa,true,false,true,rare,true
septs,true,false,true,rare,true
serac,true,false,true,rare,true
serai,true,false,true,rare,true
seral,true,false,true,rare,true
sered,true,false,true,rare,true
serer,true,false,true,rare,true
seres,true,false,true,rare,true
serfs,true,false,true,rare,true
serge,true,false,true,rare,true
seric,true,false,true,rare,true
serif,true,true,true,common,true
serin,true,false,true,rare,true
serks,true,false,true,rare,true
seron,true,false,true,rare,true
serow,true,false,true,rare,true
serra,true,false,true,rare,true
serre,true,false,true,rare,true
serrs,true,false,true,rare,true
serry,true,false,true,rare,true
serum,true,true,true,common,true
serve,true,true,true,common,true
servo,true,false,true,rare,true
sesey,true,false,true,rare,true
sessa,true,false,true,rare,true
setae,true,false,true,rare,true
setal,true,false,true,rare,true
seton,true,false,true,rare,true
setts,true,false,true,rare,true
setup,true,true,true,common,true
seven,true,true,true,common,true
sever,true,true,true,common,true
sewan,true,false,true,rare,true
sewar,true,false,true,rare,true
sewed,true,false,true,rare,true
sewel,true,false,true,rare,true
sewen,true,false,true,rare,true
sewer,true,true,true,common,true
sewin,true,false,true,rare,true
sexed,true,false,true,rare,true
sexer,true,false,true,rare,true
sexes,true,false,true,rare,true
sexto,true,false,true,rare,true
sexts,true,false,true,rare,true
seyen,true,false,true,rare,true
shack,true,true,true,common,true
shade,true,true,true,common,true
shads,true,false,true,rare,true
shady,true,true,true,common,true
shaft,true,true,true,common,true
shags,true,false,true,rare,true
shahs,true,false,true,rare,true
shake,true,true,true,common,true
shako,true,false,true,rare,true
shakt,true,false,true,rare,true
shaky,true,true,true,common,true
shale,true,true,true,common,true
shall,true,true,true,common,true
shalm,true,false,true,rare,true
shalt,true,true,true,common,true
shaly,true,false,true,rare,true
shama,true,false,true,rare,true
shame,true,true,true,common,true
shams,true,false,true,rare,true
shand,true,false,true,rare,true
shank,true,true,true,common,true
shans,true,false,true,rare,true
shape,true,true,true,common,true
shaps,true,false,true,rare,true
shard,true,true,true,common,true
share,true,true,true,common,true
shark,true,true,true,common,true
sharn,true,false,true,rare,true
sharp,true,true,true,common,true
shash,true,false,true,rare,true
shaul,true,false,true,rare,true
shave,true,true,true,common,true
shawl,true,true,true,common,true
shawm,true,false,true,rare,true
shawn,true,false,true,rare,true
shaws,true,false,true,rare,true
shaya,true,false,true,rare,true
shays,true,false,true,rare,true
shchi,true,false,true,rare,true
sheaf,true,false,true,rare,true
sheal,true,false,true,rare,true
shear,true,true,true,common,true
sheas,true,false,true,rare,true
sheds,true,false,true,rare,true
sheel,true,false,true,rare,true
sheen,true,true,true,common,true
sheep,true,true,true,common,true
sheer,true,true,true,common,true
sheet,true,true,true,common,true
sheik,true,true,true,common,true
shelf,true,true,true,common,true
shell,true,true,true,common,true
shend,true,false,true,rare,true
shent,true,false,true,rare,true
sheol,true,false,true,rare,true
sherd,true,false,true,rare,true
shere,true,false,true,rare,true
shero,true,false,true,rare,true
shets,true,false,true,rare,true
sheva,true,false,true,rare,true
shewn,true,false,true,rare,true
shews,true,false,true,rare,true
shiai,true,false,true,rare,true
shied,true,true,true,common,true
shiel,true,false,true,rare,true
shier,true,false,true,rare,true
shies,true,false,true,rare,true
shift,true,true,true,common,true
shill,true,false,true,rare,true
shily,true,false,true,rare,true
shims,true,false,true,rare,true
shine,true,true,true,common,true
shins,true,false,true,rare,true
shiny,true,true,true,common,true
ships,true,false,true,rare,true
shire,true,true,true,common,true
shirk,true,true,true,common,true
shirr,true,false,true,rare,true
shirs,true,false,true,rare,true
shirt,true,true,true,common,true
shish,true,false,true,rare,true
shiso,true,false,true,rare,true
shist,true,false,true,rare,true
shite,true,false,true,rare,true
shits,true,false,true,rare,true
shiur,true,false,true,rare,true
shiva,true,false,true,rare,true
shive,true,false,true,rare,true
shivs,true,false,true,rare,true
shlep,true,false,true,rare,true
shlub,true,false,true,rare,true
shmek,true,false,true,rare,true
shmoe,true,false,true,rare,true
shoal,true,true,true,common,true
shoat,true,false,true,rare,true
shock,true,true,true,common,true
shoed,true,false,true,rare,true
shoer,true,false,true,rare,true
shoes,true,false,true,rare,true
shogi,true,false,true,rare,true
shogs,true,false,true,rare,true
shoji,true,false,true,rare,true
shojo,true,false,true,rare,true
shola,true,false,true,rare,true
shone,true,true,true,common,true
shook,true,true,true,common,true
shool,true,false,true,rare,true
shoon,true,false,true,rare,true
shoos,true,false,true,rare,true
shoot,true,true,true,common,true
shope,true,false,true,rare,true
shops,true,false,true,rare,true
shore,true,true,true,common,true
shorl,true,false,true,rare,true
shorn,true,true,true,common,true
short,true,true,true,common,true
shote,true,false,true,rare,true
shots,true,false,true,rare,true
shott,true,false,true,rare,true
shout,true,true,true,common,true
shove,true,true,true,common,true
showd,true,false,true,rare,true
shown,true,true,true,common,true
shows,true,false,true,rare,true
showy,true,true,true,common,true
shoyu,true,false,true,rare,true
shred,true,false,true,rare,true
shrew,true,true,true,common,true
shris,true,false,true,rare,true
shrow,true,false,true,rare,true
shrub,true,true,true,common,true
shrug,true,true,true,common,true
shtik,true,false,true,rare,true
shtum,true,false,true,rare,true
shtup,true,false,true,rare,true
shuck,true,true,true,common,true
shule,true,false,true,rare,true
shuln,true,false,true,rare,true
shuls,true,false,true,rare,true
shuns,true,false,true,rare,true
shunt,true,true,true,common,true
shura,true,false,true,rare,true
shush,true,true,true,common,true
shute,true,false,true,rare,true
shuts,true,false,true,rare,true
shwas,true,false,true,rare,true
shyer,true,false,true,rare,true
shyly,true,true,true,common,true
sials,true,false,true,rare,true
sibbs,true,false,true,rare,true
sibyl,true,false,true,rare,true
sices,true,false,true,rare,true
sicht,true,false,true,rare,true
sicko,true,false,true,rare,true
sicks,true,false,true,rare,true
sicky,true,false,true,rare,true
sidas,true,false,true,rare,true
sided,true,false,true,rare,true
sider,true,false,true,rare,true
sides,true,false,true,rare,true
sidha,true,false,true,rare,true
sidhe,true,false,true,rare,true
sidle,true,false,true,rare,true
siege,true,true,true,common,true
sield,true,false,true,rare,true
siens,true,false,true,rare,true
sient,true,false,true,rare,true
sieth,true,false,true,rare,true
sieur,true,false,true,rare,true
sieve,true,true,true,common,true
sifts,true,false,true,rare,true
sighs,true,false,true,rare,true
sight,true,true,true,common,true
sigil,true,false,true,rare,true
sigla,true,false,true,rare,true
sigma,true,true,true,common,true
signa,true,false,true,rare,true
signs,true,false,true,rare,true
sijos,true,false,true,rare,true
sikas,true,false,true,rare,true
siker,true,false,true,rare,true
sikes,true,false,true,rare,true
silds,true,false,true,rare,true
siled,true,false,true,rare,true
silen,true,false,true,rare,true
siler,true,false,true,rare,true
siles,true,false,true,rare,true
silex,true,false,true,rare,true
silks,true,false,true,rare,true
silky,true,true,true,common,true
sills,true,false,true,rare,true
silly,true,true,true,common,true
silos,true,false,true,rare,true
silts,true,false,true,rare,true
silty,true,false,true,rare,true
silva,true,false,true,rare,true
simar,true,false,true,rare,true
simas,true,false,true,rare,true
simba,true,false,true,rare,true
simis,true,false,true,rare,true
simps,true,false,true,rare,true
simul,true,false,true,rare,true
since,true,true,true,common,true
sinds,true,false,true,rare,true
sined,true,false,true,rare,true
sines,true,false,true,rare,true
sinew,true,true,true,common,true
singe,true,true,true,common,true
sings,true,false,true,rare,true
sinhs,true,false,true,rare,true
sinks,true,false,true,rare,true
sinky,true,false,true,rare,true
sinus,true,false,true,rare,true
siped,true,false,true,rare,true
sipes,true,false,true,rare,true
sippy,true,false,true,rare,true
sired,true,false,true,rare,true
siree,true,false,true,rare,true
siren,true,true,true,common,true
sires,true,false,true,rare,true
sirih,true,false,true,rare,true
siris,true,false,true,rare,true
siroc,true,false,true,rare,true
sirra,true,false,true,rare,true
sirup,true,false,true,rare,true
sisal,true,false,true,rare,true
sises,true,false,true,rare,true
sissy,true,true,true,common,true
sista,true,false,true,rare,true
sists,true,false,true,rare,true
sitar,true,false,true,rare,true
sited,true,false,true,rare,true
sites,true,false,true,rare,true
sithe,true,false,true,rare,true
sitka,true,false,true,rare,true
situp,true,false,true,rare,true
situs,true,false,true,rare,true
siver,true,false,true,rare,true
sixer,true,false,true,rare,true
sixes,true,false,true,rare,true
sixmo,true,false,true,rare,true
sixte,true,false,true,rare,true
sixth,true,true,true,common,true
sixty,true,true,true,common,true
sizar,true,false,true,rare,true
sized,true,false,true,rare,true
sizel,true,false,true,rare,true
sizer,true,false,true,rare,true
sizes,true,false,true,rare,true
skags,true,false,true,rare,true
skail,true,false,true,rare,true
skald,true,false,true,rare,true
skank,true,false,true,rare,true
skart,true,false,true,rare,true
skate,true,true,true,common,true
skats,true,false,true,rare,true
skatt,true,false,true,rare,true
skaws,true,false,true,rare,true
skean,true,false,true,rare,true
skear,true,false,true,rare,true
skeds,true,false,true,rare,true
skeed,true,false,true,rare,true
skeef,true,false,true,rare,true
skeen,true,false,true,rare,true
skeer,true,false,true,rare,true
skees,true,false,true,rare,true
skeet,true,false,true,rare,true
skegg,true,false,true,rare,true
skegs,true,false,true,rare,true
skein,true,false,true,rare,true
skelf,true,false,true,rare,true
skell,true,false,true,rare,true
skelm,true,false,true,rare,true
skelp,true,false,true,rare,true
skene,true,false,true,rare,true
skens,true,false,true,rare,true
skeos,true,false,true,rare,true
skeps,true,false,true,rare,true
skers,true,false,true,rare,true
skets,true,false,true,rare,true
skews,true,false,true,rare,true
skids,true,false,true,rare,true
skied,true,false,true,rare,true
skier,true,true,true,common,true
skies,true,false,true,rare,true
skiey,true,false,true,rare,true
skiff,true,true,true,common,true
skill,true,true,true,common,true
skimo,true,false,true,rare,true
skimp,true,true,true,common,true
skims,true,false,true,rare,true
skink,true,false,true,rare,true
skins,true,false,true,rare,true
skint,true,false,true,rare,true
skios,true,false,true,rare,true
skips,true,false,true,rare,true
skirl,true,false,true,rare,true
skirr,true,false,true,rare,true
skirt,true,true,true,common,true
skite,true,false,true,rare,true
skits,true,false,true,rare,true
skive,true,false,true,rare,true
skivy,true,false,true,rare,true
sklim,true,false,true,rare,true
skoal,true,false,true,rare,true
skody,true,false,true,rare,true
skoff,true,false,true,rare,true
skogs,true,false,true,rare,true
skols,true,false,true,rare,true
skool,true,false,true,rare,true
skort,true,false,true,rare,true
skosh,true,false,true,rare,true
skran,true,false,true,rare,true
skrik,true,false,true,rare,true
skuas,true,false,true,rare,true
skugs,true,false,true,rare,true
skulk,true,true,true,common,true
skull,true,true,true,common,true
skunk,true,true,true,common,true
skyed,true,false,true,rare,true
skyer,true,false,true,rare,true
skyey,true,false,true,rare,true
skyfs,true,false,true,rare,true
skyre,true,false,true,rare,true
skyrs,true,false,true,rare,true
skyte,true,false,true,rare,true
slabs,true,false,true,rare,true
slack,true,true,true,common,true
slade,true,false,true,rare,true
slaes,true,false,true,rare,true
slags,true,false,true,rare,true
slaid,true,false,true,rare,true
slain,true,true,true,common,true
slake,true,false,true,rare,true
slams,true,false,true,rare,true
slane,true,false,true,rare,true
slang,true,true,true,common,true
slank,true,false,true,rare,true
slant,true,true,true,common,true
slaps,true,false,true,rare,true
slart,true,false,true,rare,true
slash,true,true,true,common,true
slate,true,true,true,common,true
slats,true,false,true,rare,true
slaty,true,false,true,rare,true
slaws,true,false,true,rare,true
slays,true,false,true,rare,true
slebs,true,false,true,rare,true
sleds,true,false,true,rare,true
sleek,true,true,true,common,true
sleep,true,true,true,common,true
sleer,true,false,true,rare,true
sleet,true,true,true,common,true
slept,true,true,true,common,true
slews,true,false,true,rare,true
sleys,true,false,true,rare,true
slice,true,true,true,common,true
slick,true,true,true,common,true
slide,true,true,true,common,true
slier,true,false,true,rare,true
slily,true,false,true,rare,true
slime,true,true,true,common,true
slims,true,false,true,rare,true
slimy,true,true,true,common,true
sling,true,true,true,common,true
slink,true,true,true,common,true
slipe,true,false,true,rare,true
slips,true,false,true,rare,true
slipt,true,false,true,rare,true
slish,true,false,true,rare,true
slits,true,false,true,rare,true
slive,true,false,true,rare,true
sloan,true,false,true,rare,true
slobs,true,false,true,rare,true
sloes,true,false,true,rare,true
slogs,true,false,true,rare,true
sloid,true,false,true,rare,true
slojd,true,false,true,rare,true
slomo,true,false,true,rare,true
sloom,true,false,true,rare,true
sloop,true,true,true,common,true
sloot,true,false,true,rare,true
slope,true,true,true,common,true
slops,true,false,true,rare,true
slopy,true,false,true,rare,true
slorm,true,false,true,rare,true
slosh,true,true,true,common,true
sloth,true,true,true,common,true
slots,true,false,true,rare,true
slove,true,false,true,rare,true
slows,true,false,true,rare,true
sloyd,true,false,true,rare,true
slubb,true,false,true,rare,true
slubs,true,false,true,rare,true
slued,true,false,true,rare,true
slues,true,false,true,rare,true
sluff,true,false,true,rare,true
slugs,true,false,true,rare,true
sluit,true,false,true,rare,true
slump,true,true,true,common,true
slums,true,false,true,rare,true
slung,true,true,true,common,true
slunk,true,true,true,common,true
slurb,true,false,true,rare,true
slurp,true,true,true,common,true
slurs,true,false,true,rare,true
sluse,true,false,true,rare,true
slush,true,true,true,common,true
sluts,true,false,true,rare,true
slyer,true,false,true,rare,true
slyly,true,true,true,common,true
slype,true,false,true,rare,true
smaak,true,false,true,rare,true
smack,true,true,true,common,true
smaik,true,false,true,rare,true
small,true,true,true,common,true
smalm,true,false,true,rare,true
smalt,true,false,true,rare,true
smarm,true,false,true,rare,true
smart,true,true,true,common,true
smash,true,true,true,common,true
smaze,true,false,true,rare,true
smear,true,true,true,common,true
smeek,true,false,true,rare,true
smees,true,false,true,rare,true
smeik,true,false,true,rare,true
smeke,true,false,true,rare,true
smell,true,true,true,common,true
smelt,true,true,true,common,true
smerk,true,false,true,rare,true
smews,true,false,true,rare,true
smile,true,true,true,common,true
smirk,true,true,true,common,true
smirr,true,false,true,rare,true
smirs,true,false,true,rare,true
smite,true,true,true,common,true
smith,true,true,true,common,true
smits,true,false,true,rare,true
smock,true,true,true,common,true
smogs,true,false,true,rare,true
smoke,true,true,true,common,true
smoko,true,false,true,rare,true
smoky,true,true,true,common,true
smolt,true,false,true,rare,true
smoor,true,false,true,rare,true
smoot,true,false,true,rare,true
smore,true,false,true,rare,true
smorg,true,false,true,rare,true
smote,true,true,true,common,true
smout,true,false,true,rare,true
smowt,true,false,true,rare,true
smugs,true,false,true,rare,true
smurs,true,false,true,rare,true
smush,true,false,true,rare,true
smuts,true,false,true,rare,true
snabs,true,false,true,rare,true
snack,true,true,true,common,true
snafu,true,false,true,rare,true
snags,true,false,true,rare,true
snail,true,true,true,common,true
snake,true,true,true,common,true
snaky,true,true,true,common,true
snaps,true,false,true,rare,true
snare,true,true,true,common,true
snarf,true,false,true,rare,true
snark,true,false,true,rare,true
snarl,true,true,true,common,true
snars,true,false,true,rare,true
snary,true,false,true,rare,true
snash,true,false,true,rare,true
snath,true,false,true,rare,true
snaws,true,false,true,rare,true
snead,true,false,true,rare,true
sneak,true,true,true,common,true
sneap,true,false,true,rare,true
snebs,true,false,true,rare,true
sneck,true,false,true,rare,true
sneds,true,false,true,rare,true
sneed,true,false,true,rare,true
sneer,true,true,true,common,true
snees,true,false,true,rare,true
snell,true,false,true,rare,true
snibs,true,false,true,rare,true
snick,true,false,true,rare,true
snide,true,true,true,common,true
snies,true,false,true,rare,true
sniff,true,true,true,common,true
snift,true,false,true,rare,true
snigs,true,false,true,rare,true
snipe,true,true,true,common,true
snips,true,false,true,rare,true
snipy,true,false,true,rare,true
snirt,true,false,true,rare,true
snits,true,false,true,rare,true
snobs,true,false,true,rare,true
snods,true,false,true,rare,true
snoek,true,false,true,rare,true
snoep,true,false,true,rare,true
snogs,true,false,true,rare,true
snoke,true,false,true,rare,true
snood,true,false,true,rare,true
snook,true,false,true,rare,true
snool,true,false,true,rare,true
snoop,true,true,true,common,true
snoot,true,false,true,rare,true
snore,true,true,true,common,true
snort,true,true,true,common,true
snots,true,false,true,rare,true
snout,true,true,true,common,true
snowk,true,false,true,rare,true
snows,true,false,true,rare,true
snowy,true,true,true,common,true
snubs,true,false,true,rare,true
snuck,true,true,true,common,true
snuff,true,true,true,common,true
snugs,true,false,true,rare,true
snush,true,false,true,rare,true
snyes,true,false,true,rare,true
soaks,true,false,true,rare,true
soaps,true,false,true,rare,true
soapy,true,true,true,common,true
soare,true,false,true,rare,true
soars,true,false,true,rare,true
soave,true,false,true,rare,true
sobas,true,false,true,rare,true
sober,true,true,true,common,true
socas,true,false,true,rare,true
soces,true,false,true,rare,true
socko,true,false,true,rare,true
socks,true,false,true,rare,true
socle,true,false,true,rare,true
sodas,true,false,true,rare,true
soddy,true,false,true,rare,true
sodic,true,false,true,rare,true
sodom,true,false,true,rare,true
sofar,true,false,true,rare,true
sofas,true,false,true,rare,true
softa,true,false,true,rare,true
softs,true,false,true,rare,true
softy,true,false,true,rare,true
soger,true,false,true,rare,true
soggy,true,true,true,common,true
sohur,true,false,true,rare,true
soils,true,false,true,rare,true
soily,true,false,true,rare,true
sojas,true,false,true,rare,true
sojus,true,false,true,rare,true
sokah,true,false,true,rare,true
soken,true,false,true,rare,true
sokes,true,false,true,rare,true
sokol,true,false,true,rare,true
solah,true,false,true,rare,true
solan,true,false,true,rare,true
solar,true,true,true,common,true
solas,true,false,true,rare,true
solde,true,false,true,rare,true
soldi,true,false,true,rare,true
soldo,true,false,true,rare,true
solds,true,false,true,rare,true
soled,true,false,true,rare,true
solei,true,false,true,rare,true
soler,true,false,true,rare,true
soles,true,false,true,rare,true
solid,true,true,true,common,true
solon,true,false,true,rare,true
solos,true,false,true,rare,true
solum,true,false,true,rare,true
solus,true,false,true,rare,true
solve,true,true,true,common,true
soman,true,false,true,rare,true
somas,true,false,true,rare,true
sonar,true,true,true,common,true
sonce,true,false,true,rare,true
sonde,true,false,true,rare,true
sones,true,false,true,rare,true
songs,true,false,true,rare,true
sonic,true,true,true,common,true
sonly,true,false,true,rare,true
sonne,true,false,true,rare,true
sonny,true,false,true,rare,true
sonse,true,false,true,rare,true
sonsy,true,false,true,rare,true
sooey,true,false,true,rare,true
sooks,true,false,true,rare,true
sooky,true,false,true,rare,true
soole,true,false,true,rare,true
sools,true,false,true,rare,true
sooms,true,false,true,rare,true
soops,true,false,true,rare,true
soote,true,false,true,rare,true
sooth,true,true,true,common,true
soots,true,false,true,rare,true
sooty,true,true,true,common,true
sophs,true,false,true,rare,true
sophy,true,false,true,rare,true
sopor,true,false,true,rare,true
soppy,true,false,true,rare,true
sopra,true,false,true,rare,true
soral,true,false,true,rare,true
soras,true,false,true,rare,true
sorbo,true,false,true,rare,true
sorbs,true,false,true,rare,true
sorda,true,false,true,rare,true
sordo,true,false,true,rare,true
sords,true,false,true,rare,true
sored,true,false,true,rare,true
soree,true,false,true,rare,true
sorel,true,false,true,rare,true
sorer,true,false,true,rare,true
sores,true,false,true,rare,true
sorex,true,false,true,rare,true
sorgo,true,false,true,rare,true
sorns,true,false,true,rare,true
sorra,true,false,true,rare,true
sorry,true,true,true,common,true
sorta,true,false,true,rare,true
sorts,true,false,true,rare,true
sorus,true,false,true,rare,true
soths,true,false,true,rare,true
sotol,true,false,true,rare,true
souce,true,false,true,rare,true
souct,true,false,true,rare,true
sough,true,false,true,rare,true
souks,true,false,true,rare,true
souls,true,false,true,rare,true
soums,true,false,true,rare,true
sound,true,true,true,common,true
soups,true,false,true,rare,true
soupy,true,false,true,rare,true
sours,true,false,true,rare,true
souse,true,false,true,rare,true
south,true,true,true,common,true
souts,true,false,true,rare,true
sowar,true,false,true,rare,true
sowce,true,false,true,rare,true
sowed,true,false,true,rare,true
sower,true,true,true,common,true
sowff,true,false,true,rare,true
sowfs,true,false,true,rare,true
sowle,true,false,true,rare,true
sowls,true,false,true,rare,true
sowms,true,false,true,rare,true
sownd,true,false,true,rare,true
sowne,true,false,true,rare,true
sowps,true,false,true,rare,true
sowse,true,false,true,rare,true
sowth,true,false,true,rare,true
soyas,true,false,true,rare,true
soyle,true,false,true,rare,true
soyuz,true,false,true,rare,true
sozin,true,false,true,rare,true
space,true,true,true,common,true
spacy,true,false,true,rare,true
spade,true,true,true,common,true
spado,true,false,true,rare,true
spaed,true,false,true,rare,true
spaer,true,false,true,rare,true
spaes,true,false,true,rare,true
spags,true,false,true,rare,true
spahi,true,false,true,rare,true
spail,true,false,true,rare,true
spain,true,false,true,rare,true
spait,true,false,true,rare,true
spake,true,false,true,rare,true
spald,true,false,true,rare,true
spale,true,false,true,rare,true
spall,true,false,true,rare,true
spalt,true,false,true,rare,true
spams,true,false,true,rare,true
spane,true,false,true,rare,true
spang,true,false,true,rare,true
spank,true,true,true,common,true
spans,true,false,true,rare,true
spard,true,false,true,rare,true
spare,true,true,true,common,true
spark,true,true,true,common,true
spars,true,false,true,rare,true
spart,true,false,true,rare,true
spasm,true,true,true,common,true
spate,true,false,true,rare,true
spats,true,false,true,rare,true
spaul,true,false,true,rare,true
spawl,true,false,true,rare,true
spawn,true,true,true,common,true
spaws,true,false,true,rare,true
spayd,true,false,true,rare,true
spays,true,false,true,rare,true
spaza,true,false,true,rare,true
spazz,true,false,true,rare,true
speak,true,true,true,common,true
speal,true,false,true,rare,true
spean,true,false,true,rare,true
spear,true,true,true,common,true
speat,true,false,true,rare,true
speck,true,true,true,common,true
specs,true,false,true,rare,true
spect,true,false,true,rare,true
speed,true,true,true,common,true
speel,true,false,true,rare,true
speer,true,false,true,rare,true
speil,true,false,true,rare,true
speir,true,false,true,rare,true
speks,true,false,true,rare,true
speld,true,false,true,rare,true
spelk,true,false,true,rare,true
spell,true,true,true,common,true
spelt,true,true,true,common,true
spend,true,true,true,common,true
spent,true,true,true,common,true
speos,true,false,true,rare,true
sperm,true,true,true,common,true
spets,true,false,true,rare,true
speug,true,false,true,rare,true
spews,true,false,true,rare,true
spewy,true,false,true,rare,true
spial,true,false,true,rare,true
spica,true,false,true,rare,true
spice,true,true,true,common,true
spick,true,false,true,rare,true
spics,true,false,true,rare,true
spicy,true,true,true,common,true
spide,true,false,true,rare,true
spied,true,true,true,common,true
spiel,true,true,true,common,true
spier,true,false,true,rare,true
spies,true,false,true,rare,true
spiff,true,false,true,rare,true
spifs,true,false,true,rare,true
spike,true,true,true,common,true
spiks,true,false,true,rare,true
spiky,true,true,true,common,true
spile,true,false,true,rare,true
spill,true,true,true,common,true
spilt,true,true,true,common,true
spims,true,false,true,rare,true
spina,true,false,true,rare,true
spine,true,true,true,common,true
spink,true,false,true,rare,true
spins,true,false,true,rare,true
spiny,true,true,true,common,true
spire,true,true,true,common,true
spirt,true,false,true,rare,true
spiry,true,false,true,rare,true
spite,true,true,true,common,true
spits,true,false,true,rare,true
spitz,true,false,true,rare,true
spivs,true,false,true,rare,true
splat,true,true,true,common,true
splay,true,false,true,rare,true
split,true,true,true,common,true
splog,true,false,true,rare,true
spode,true,false,true,rare,true
spods,true,false,true,rare,true
spoil,true,true,true,common,true
spoke,true,true,true,common,true
spoof,true,true,true,common,true
spook,true,true,true,common,true
spool,true,true,true,common,true
spoom,true,false,true,rare,true
spoon,true,true,true,common,true
spoor,true,false,true,rare,true
spoot,true,false,true,rare,true
spore,true,true,true,common,true
spork,true,false,true,rare,true
sport,true,true,true,common,true
sposh,true,false,true,rare,true
spots,true,false,true,rare,true
spout,true,true,true,common,true
sprad,true,false,true,rare,true
sprag,true,false,true,rare,true
sprat,true,false,true,rare,true
spray,true,true,true,common,true
spred,true,false,true,rare,true
spree,true,true,true,common,true
sprew,true,false,true,rare,true
sprig,true,true,true,common,true
sprit,true,false,true,rare,true
sprod,true,false,true,rare,true
sprog,true,false,true,rare,true
sprue,true,false,true,rare,true
sprug,true,false,true,rare,true
spuds,true,false,true,rare,true
spued,true,false,true,rare,true
spuer,true,false,true,rare,true
spues,true,false,true,rare,true
spugs,true,false,true,rare,true
spule,true,false,true,rare,true
spume,true,false,true,rare,true
spumy,true,false,true,rare,true
spunk,true,true,true,common,true
spurn,true,true,true,common,true
spurs,true,false,true,rare,true
spurt,true,true,true,common,true
sputa,true,false,true,rare,true
spyal,true,false,true,rare,true
spyre,true,false,true,rare,true
squab,true,false,true,rare,true
squad,true,true,true,common,true
squat,true,true,true,common,true
squaw,true,false,true,rare,true
squeg,true,false,true,rare,true
squib,true,true,true,common,true
squid,true,false,true,rare,true
squit,true,false,true,rare,true
squiz,true,false,true,rare,true
stabs,true,false,true,rare,true
stack,true,true,true,common,true
stade,true,false,true,rare,true
staff,true,true,true,common,true
stage,true,true,true,common,true
stags,true,false,true,rare,true
stagy,true,false,true,rare,true
staid,true,true,true,common,true
staig,true,false,true,rare,true
stain,true,true,true,common,true
stair,true,true,true,common,true
stake,true,true,true,common,true
stale,true,true,true,common,true
stalk,true,true,true,common,true
stall,true,true,true,common,true
stamp,true,true,true,common,true
stand,true,true,true,common,true
stane,true,false,true,rare,true
stang,true,false,true,rare,true
stank,true,true,true,common,true
staph,true,false,true,rare,true
staps,true,false,true,rare,true
stare,true,true,true,common,true
stark,true,true,true,common,true
starn,true,false,true,rare,true
starr,true,false,true,rare,true
stars,true,false,true,rare,true
start,true,true,true,common,true
stash,true,true,true,common,true
state,true,true,true,common,true
stats,true,false,true,rare,true
staun,true,false,true,rare,true
stave,true,true,true,common,true
staws,true,false,true,rare,true
stays,true,false,true,rare,true
stead,true,true,true,common,true
steak,true,true,true,common,true
steal,true,true,true,common,true
steam,true,true,true,common,true
stean,true,false,true,rare,true
stear,true,false,true,rare,true
stedd,true,false,true,rare,true
stede,true,false,true,rare,true
steds,true,false,true,rare,true
steed,true,true,true,common,true
steek,true,false,true,rare,true
steel,true,true,true,common,true
steem,true,false,true,rare,true
steen,true,false,true,rare,true
steep,true,true,true,common,true
steer,true,true,true,common,true
steil,true,false,true,rare,true
stein,true,true,true,common,true
stela,true,false,true,rare,true
stele,true,false,true,rare,true
stell,true,false,true,rare,true
steme,true,false,true,rare,true
stems,true,false,true,rare,true
stend,true,false,true,rare,true
steno,true,false,true,rare,true
stens,true,false,true,rare,true
stent,true,false,true,rare,true
steps,true,false,true,rare,true
stept,true,false,true,rare,true
stere,true,false,true,rare,true
stern,true,true,true,common,true
stets,true,false,true,rare,true
stews,true,false,true,rare,true
stewy,true,false,true,rare,true
steys,true,false,true,rare,true
stich,true,false,true,rare,true
stick,true,true,true,common,true
stied,true,false,true,rare,true
sties,true,false,true,rare,true
stiff,true,true,true,common,true
stilb,true,false,true,rare,true
stile,true,false,true,rare,true
still,true,true,true,common,true
stilt,true,true,true,common,true
stime,true,false,true,rare,true
stims,true,false,true,rare,true
stimy,true,false,true,rare,true
sting,true,true,true,common,true
stink,true,true,true,common,true
stint,true,true,true,common,true
stipa,true,false,true,rare,true
stipe,true,false,true,rare,true
stire,true,false,true,rare,true
stirk,true,false,true,rare,true
stirp,true,false,true,rare,true
stirs,true,false,true,rare,true
stive,true,false,true,rare,true
stivy,true,false,true,rare,true
stoae,true,false,true,rare,true
stoai,true,false,true,rare,true
stoas,true,false,true,rare,true
stoat,true,false,true,rare,true
stobs,true,false,true,rare,true
stock,true,true,true,common,true
stoep,true,false,true,rare,true
stogy,true,false,true,rare,true
stoic,true,true,true,common,true
stoit,true,false,true,rare,true
stoke,true,true,true,common,true
stole,true,true,true,common,true
stoln,true,false,true,rare,true
stoma,true,false,true,rare,true
stomp,true,true,true,common,true
stond,true,false,true,rare,true
stone,true,true,true,common,true
stong,true,false,true,rare,true
stonk,true,false,true,rare,true
stonn,true,false,true,rare,true
stony,true,true,true,common,true
stood,true,true,true,common,true
stook,true,false,true,rare,true
stool,true,true,true,common,true
stoop,true,true,true,common,true
stoor,true,false,true,rare,true
stope,true,false,true,rare,true
stops,true,false,true,rare,true
stopt,true,false,true,rare,true
store,true,true,true,common,true
stork,true,true,true,common,true
storm,true,true,true,common,true
story,true,true,true,common,true
stoss,true,false,true,rare,true
stots,true,false,true,rare,true
stott,true,false,true,rare,true
stoun,true,false,true,rare,true
stoup,true,false,true,rare,true
stour,true,false,true,rare,true
stout,true,true,true,common,true
stove,true,true,true,common,true
stown,true,false,true,rare,true
stowp,true,false,true,rare,true
stows,true,false,true,rare,true
strad,true,false,true,rare,true
strae,true,false,true,rare,true
strag,true,false,true,rare,true
strak,true,false,true,rare,true
strap,true,true,true,common,true
straw,true,true,true,common,true
stray,true,true,true,common,true
strep,true,false,true,rare,true
strew,true,false,true,rare,true
stria,true,false,true,rare,true
strig,true,false,true,rare,true
strim,true,false,true,rare,true
strip,true,true,true,common,true
strop,true,false,true,rare,true
strow,true,false,true,rare,true
stroy,true,false,true,rare,true
strum,true,false,true,rare,true
strut,true,true,true,common,true
stubs,true,false,true,rare,true
stuck,true,true,true,common,true
stude,true,false,true,rare,true
studs,true,false,true,rare,true
study,true,true,true,common,true
stuff,true,true,true,common,true
stull,true,false,true,rare,true
stulm,true,false,true,rare,true
stumm,true,false,true,rare,true
stump,true,true,true,common,true
stums,true,false,true,rare,true
stung,true,true,true,common,true
stunk,true,true,true,common,true
stuns,true,false,true,rare,true
stunt,true,true,true,common,true
stupa,true,false,true,rare,true
stupe,true,false,true,rare,true
sture,true,false,true,rare,true
sturt,true,false,true,rare,true
styed,true,false,true,rare,true
styes,true,false,true,rare,true
style,true,true,true,common,true
styli,true,false,true,rare,true
stylo,true,false,true,rare,true
styme,true,false,true,rare,true
stymy,true,false,true,rare,true
styre,true,false,true,rare,true
styte,true,false,true,rare,true
suave,true,true,true,common,true
subah,true,false,true,rare,true
subas,true,false,true,rare,true
subby,true,false,true,rare,true
suber,true,false,true,rare,true
subha,true,false,true,rare,true
succi,true,false,true,rare,true
sucks,true,false,true,rare,true
sucky,true,false,true,rare,true
sucre,true,false,true,rare,true
sudds,true,false,true,rare,true
sudor,true,false,true,rare,true
sudsy,true,false,true,rare,true
suede,true,false,true,rare,true
suent,true,false,true,rare,true
suers,true,false,true,rare,true
suete,true,false,true,rare,true
suets,true,false,true,rare,true
suety,true,false,true,rare,true
sugan,true,false,true,rare,true
sugar,true,true,true,common,true
sughs,true,false,true,rare,true
sugos,true,false,true,rare,true
suhur,true,false,true,rare,true
suids,true,false,true,rare,true
suing,true,true,true,common,true
suint,true,false,true,rare,true
suite,true,true,true,common,true
suits,true,false,true,rare,true
sujee,true,false,true,rare,true
sukhs,true,false,true,rare,true
sukuk,true,false,true,rare,true
sulci,true,false,true,rare,true
sulfa,true,false,true,rare,true
sulfo,true,false,true,rare,true
sulks,true,false,true,rare,true
sulky,true,true,true,common,true
sully,true,true,true,common,true
sulph,true,false,true,rare,true
sulus,true,false,true,rare,true
sumac,true,true,true,common,true
sumis,true,false,true,rare,true
summa,true,false,true,rare,true
sumos,true,false,true,rare,true
sumph,true,false,true,rare,true
sumps,true,false,true,rare,true
sunis,true,false,true,rare,true
sunks,true,false,true,rare,true
sunna,true,false,true,rare,true
sunns,true,false,true,rare,true
sunny,true,true,true,common,true
sunup,true,false,true,rare,true
super,true,true,true,common,true
supes,true,false,true,rare,true
supra,true,false,true,rare,true
surah,true,false,true,rare,true
sural,true,false,true,rare,true
suras,true,false,true,rare,true
surat,true,false,true,rare,true
surds,true,false,true,rare,true
sured,true,false,true,rare,true
surer,true,true,true,common,true
sures,true,false,true,rare,true
surfs,true,false,true,rare,true
surfy,true,false,true,rare,true
surge,true,true,true,common,true
surgy,true,false,true,rare,true
surly,true,true,true,common,true
surra,true,false,true,rare,true
sused,true,false,true,rare,true
suses,true,false,true,rare,true
sushi,true,true,true,common,true
susus,true,false,true,rare,true
sutor,true,false,true,rare,true
sutra,true,false,true,rare,true
sutta,true,false,true,rare,true
swabs,true,false,true,rare,true
swack,true,false,true,rare,true
swads,true,false,true,rare,true
swage,true,false,true,rare,true
swags,true,false,true,rare,true
swail,true,false,true,rare,true
swain,true,false,true,rare,true
swale,true,false,true,rare,true
swaly,true,false,true,rare,true
swami,true,true,true,common,true
swamp,true,true,true,common,true
swamy,true,false,true,rare,true
swang,true,false,true,rare,true
swank,true,false,true,rare,true
swans,true,false,true,rare,true
swaps,true,false,true,rare,true
swapt,true,false,true,rare,true
sward,true,false,true,rare,true
sware,true,false,true,rare,true
swarf,true,false,true,rare,true
swarm,true,true,true,common,true
swart,true,false,true,rare,true
swash,true,true,true,common,true
swath,true,true,true,common,true
swats,true,false,true,rare,true
swayl,true,false,true,rare,true
sways,true,false,true,rare,true
sweal,true,false,true,rare,true
swear,true,true,true,common,true
sweat,true,true,true,common,true
swede,true,false,true,rare,true
sweed,true,false,true,rare,true
sweel,true,false,true,rare,true
sweep,true,true,true,common,true
sweer,true,false,true,rare,true
swees,true,false,true,rare,true
sweet,true,true,true,common,true
sweir,true,false,true,rare,true
swell,true,true,true,common,true
swelt,true,false,true,rare,true
swept,true,true,true,common,true
swerf,true,false,true,rare,true
sweys,true,false,true,rare,true
swies,true,false,true,rare,true
swift,true,true,true,common,true
swigs,true,false,true,rare,true
swile,true,false,true,rare,true
swill,true,true,true,common,true
swims,true,false,true,rare,true
swine,true,true,true,common,true
swing,true,true,true,common,true
swink,true,false,true,rare,true
swipe,true,false,true,rare,true
swire,true,false,true,rare,true
swirl,true,true,true,common,true
swish,true,true,true,common,true
swiss,true,false,true,rare,true
swith,true,false,true,rare,true
swits,true,false,true,rare,true
swive,true,false,true,rare,true
swizz,true,false,true,rare,true
swobs,true,false,true,rare,true
swole,true,false,true,rare,true
swoln,true,false,true,rare,true
swoon,true,true,true,common,true
swoop,true,true,true,common,true
swops,true,false,true,rare,true
swopt,true,false,true,rare,true
sword,true,true,true,common,true
swore,true,true,true,common,true
sworn,true,true,true,common,true
swots,true,false,true,rare,true
swoun,true,false,true,rare,true
swung,true,true,true,common,true
sybbe,true,false,true,rare,true
sybil,true,false,true,rare,true
syboe,true,false,true,rare,true
sybow,true,false,true,rare,true
sycee,true,false,true,rare,true
syces,true,false,true,rare,true
sycon,true,false,true,rare,true
syens,true,false,true,rare,true
syker,true,false,true,rare,true
sykes,true,false,true,rare,true
sylis,true,false,true,rare,true
sylph,true,false,true,rare,true
sylva,true,false,true,rare,true
symar,true,false,true,rare,true
synch,true,false,true,rare,true
syncs,true,false,true,rare,true
synds,true,false,true,rare,true
syned,true,false,true,rare,true
synes,true,false,true,rare,true
synod,true,true,true,common,true
synth,true,false,true,rare,true
syped,true,false,true,rare,true
sypes,true,false,true,rare,true
syphs,true,false,true,rare,true
syrah,true,false,true,rare,true
syren,true,false,true,rare,true
syrup,true,true,true,common,true
sysop,true,false,true,rare,true
sythe,true,false,true,rare,true
syver,true,false,true,rare,true
taals,true,false,true,rare,true
taata,true,false,true,rare,true
tabby,true,true,true,common,true
taber,true,false,true,rare,true
tabes,true,false,true,rare,true
tabid,true,false,true,rare,true
tabis,true,false,true,rare,true
tabla,true,false,true,rare,true
table,true,true,true,common,true
taboo,true,true,true,common,true
tabor,true,false,true,rare,true
tabun,true,false,true,rare,true
tabus,true,false,true,rare,true
tacan,true,false,true,rare,true
taces,true,false,true,rare,true
tacet,true,false,true,rare,true
tache,true,false,true,rare,true
tacho,true,false,true,rare,true
tachs,true,false,true,rare,true
tacit,true,true,true,common,true
tacks,true,false,true,rare,true
tacky,true,true,true,common,true
tacos,true,false,true,rare,true
tacts,true,false,true,rare,true
taels,true,false,true,rare,true
taffy,true,true,true,common,true
tafia,true,false,true,rare,true
taggy,true,false,true,rare,true
tagma,true,false,true,rare,true
tahas,true,false,true,rare,true
tahrs,true,false,true,rare,true
taiga,true,false,true,rare,true
taigs,true,false,true,rare,true
taiko,true,false,true,rare,true
tails,true,false,true,rare,true
tains,true,false,true,rare,true
taint,true,true,true,common,true
taira,true,false,true,rare,true
taish,true,false,true,rare,true
taits,true,false,true,rare,true
tajes,true,false,true,rare,true
takas,true,false,true,rare,true
taken,true,true,true,common,true
taker,true,true,true,common,true
takes,true,false,true,rare,true
takhi,true,false,true,rare,true
takin,true,false,true,rare,true
takis,true,false,true,rare,true
takky,true,false,true,rare,true
talak,true,false,true,rare,true
talaq,true,false,true,rare,true
talar,true,false,true,rare,true
talas,true,false,true,rare,true
talcs,true,false,true,rare,true
talcy,true,false,true,rare,true
talea,true,false,true,rare,true
taler,true,false,true,rare,true
tales,true,false,true,rare,true
talks,true,false,true,rare,true
talky,true,false,true,rare,true
talls,true,false,true,rare,true
tally,true,true,true,common,true
talma,true,false,true,rare,true
talon,true,true,true,common,true
talpa,true,false,true,rare,true
taluk,true,false,true,rare,true
talus,true,false,true,rare,true
tamal,true,false,true,rare,true
tamed,true,false,true,rare,true
tamer,true,true,true,common,true
tames,true,false,true,rare,true
tamin,true,false,true,rare,true
tamis,true,false,true,rare,true
tammy,true,false,true,rare,true
tamps,true,false,true,rare,true
tanas,true,false,true,rare,true
tanga,true,false,true,rare,true
tangi,true,false,true,rare,true
tango,true,true,true,common,true
tangs,true,false,true,rare,true
tangy,true,true,true,common,true
tanhs,true,false,true,rare,true
tanka,true,false,true,rare,true
tanks,true,false,true,rare,true
tanky,true,false,true,rare,true
tanna,true,false,true,rare,true
tansy,true,false,true,rare,true
tanti,true,false,true,rare,true
tanto,true,false,true,rare,true
tanty,true,false,true,rare,true
tapas,true,false,true,rare,true
taped,true,false,true,rare,true
tapen,true,false,true,rare,true
taper,true,true,true,common,true
tapes,true,false,true,rare,true
tapet,true,false,true,rare,true
tapir,true,true,true,common,true
tapis,true,false,true,rare,true
tappa,true,false,true,rare,true
tapus,true,false,true,rare,true
taras,true,false,true,rare,true
tardo,true,false,true,rare,true
tardy,true,true,true,common,true
tared,true,false,true,rare,true
tares,true,false,true,rare,true
targa,true,false,true,rare,true
targe,true,false,true,rare,true
tarns,true,false,true,rare,true
taroc,true,false,true,rare,true
tarok,true,false,true,rare,true
taros,true,false,true,rare,true
tarot,true,true,true,common,true
tarps,true,false,true,rare,true
tarre,true,false,true,rare,true
tarry,true,false,true,rare,true
tarsi,true,false,true,rare,true
tarts,true,false,true,rare,true
tarty,true,false,true,rare,true
tasar,true,false,true,rare,true
tased,true,false,true,rare,true
taser,true,false,true,rare,true
tases,true,false,true,rare,true
tasks,true,false,true,rare,true
tassa,true,false,true,rare,true
tasse,true,false,true,rare,true
tasso,true,false,true,rare,true
taste,true,true,true,common,true
tasty,true,true,true,common,true
tatar,true,false,true,rare,true
tater,true,false,true,rare,true
tates,true,false,true,rare,true
taths,true,false,true,rare,true
tatie,true,false,true,rare,true
tatou,true,false,true,rare,true
tatts,true,false,true,rare,true
tatty,true,true,true,common,true
tatus,true,false,true,rare,true
taube,true,false,true,rare,true
tauld,true,false,true,rare,true
taunt,true,true,true,common,true
tauon,true,false,true,rare,true
taupe,true,false,true,rare,true
tauts,true,false,true,rare,true
tavah,true,false,true,rare,true
tavas,true,false,true,rare,true
taver,true,false,true,rare,true
tawai,true,false,true,rare,true
tawas,true,false,true,rare,true
tawed,true,false,true,rare,true
tawer,true,false,true,rare,true
tawie,true,false,true,rare,true
tawny,true,true,true,common,true
tawse,true,false,true,rare,true
tawts,true,false,true,rare,true
taxed,true,false,true,rare,true
taxer,true,false,true,rare,true
taxes,true,false,true,rare,true
taxis,true,false,true,rare,true
taxol,true,false,true,rare,true
taxon,true,false,true,rare,true
taxor,true,false,true,rare,true
taxus,true,false,true,rare,true
tayra,true,false,true,rare,true
tazza,true,false,true,rare,true
tazze,true,false,true,rare,true
teach,true,true,true,common,true
teade,true,false,true,rare,true
teads,true,false,true,rare,true
teaed,true,false,true,rare,true
teaks,true,false,true,rare,true
teals,true,false,true,rare,true
teams,true,false,true,rare,true
tears,true,false,true,rare,true
teary,true,true,true,common,true
tease,true,true,true,common,true
teats,true,false,true,rare,true
teaze,true,false,true,rare,true
techs,true,false,true,rare,true
techy,true,false,true,rare,true
tecta,true,false,true,rare,true
teddy,true,true,true,common,true
teels,true,false,true,rare,true
teems,true,false,true,rare,true
teend,true,false,true,rare,true
teene,true,false,true,rare,true
teens,true,false,true,rare,true
teeny,true,false,true,rare,true
teers,true,false,true,rare,true
teeth,true,true,true,common,true
teffs,true,false,true,rare,true
teggs,true,false,true,rare,true
tegua,true,false,true,rare,true
tegus,true,false,true,rare,true
tehrs,true,false,true,rare,true
teiid,true,false,true,rare,true
teils,true,false,true,rare,true
teind,true,false,true,rare,true
teins,true,false,true,rare,true
telae,true,false,true,rare,true
telco,true,false,true,rare,true
teles,true,false,true,rare,true
telex,true,false,true,rare,true
telia,true,false,true,rare,true
telic,true,false,true,rare,true
tells,true,false,true,rare,true
telly,true,false,true,rare,true
teloi,true,false,true,rare,true
telos,true,false,true,rare,true
temed,true,false,true,rare,true
temes,true,false,true,rare,true
tempi,true,false,true,rare,true
tempo,true,true,true,common,true
temps,true,false,true,rare,true
tempt,true,false,true,rare,true
temse,true,false,true,rare,true
tench,true,false,true,rare,true
tends,true,false,true,rare,true
tendu,true,false,true,rare,true
tenes,true,false,true,rare,true
tenet,true,true,true,common,true
tenge,true,false,true,rare,true
tenia,true,false,true,rare,true
tenne,true,false,true,rare,true
tenno,true,false,true,rare,true
tenny,true,false,true,rare,true
tenon,true,false,true,rare,true
tenor,true,true,true,common,true
tense,true,true,true,common,true
tenth,true,true,true,common,true
tents,true,false,true,rare,true
tenty,true,false,true,rare,true
tenue,true,false,true,rare,true
tepal,true,false,true,rare,true
tepas,true,false,true,rare,true
tepee,true,true,true,common,true
tepid,true,true,true,common,true
tepoy,true,false,true,rare,true
terai,true,false,true,rare,true
teras,true,false,true,rare,true
terce,true,false,true,rare,true
terek,true,false,true,rare,true
teres,true,false,true,rare,true
terfe,true,false,true,rare,true
terfs,true,false,true,rare,true
terga,true,false,true,rare,true
terms,true,false,true,rare,true
terne,true,false,true,rare,true
terns,true,false,true,rare,true
terra,true,true,true,common,true
terry,true,false,true,rare,true
terse,true,true,true,common,true
terts,true,false,true,rare,true
tesla,true,false,true,rare,true
testa,true,false,true,rare,true
teste,true,false,true,rare,true
tests,true,false,true,rare,true
testy,true,true,true,common,true
tetes,true,false,true,rare,true
teths,true,false,true,rare,true
tetra,true,false,true,rare,true
tetri,true,false,true,rare,true
teuch,true,false,true,rare,true
teugh,true,false,true,rare,true
tewed,true,false,true,rare,true
tewel,true,false,true,rare,true
tewit,true,false,true,rare,true
texas,true,false,true,rare,true
texes,true,false,true,rare,true
texts,true,false,true,rare,true
thack,true,false,true,rare,true
thagi,true,false,true,rare,true
thaim,true,false,true,rare,true
thale,true,false,true,rare,true
thali,true,false,true,rare,true
thana,true,false,true,rare,true
thane,true,false,true,rare,true
thang,true,false,true,rare,true
thank,true,true,true,common,true
thans,true,false,true,rare,true
thanx,true,false,true,rare,true
tharm,true,false,true,rare,true
thars,true,false,true,rare,true
thaws,true,false,true,rare,true
thawy,true,false,true,rare,true
thebe,true,false,true,rare,true
theca,true,false,true,rare,true
theed,true,false,true,rare,true
theek,true,false,true,rare,true
thees,true,false,true,rare,true
theft,true,true,true,common,true
thegn,true,false,true,rare,true
theic,true,false,true,rare,true
thein,true,false,true,rare,true
their,true,true,true,common,true
thelf,true,false,true,rare,true
thema,true,false,true,rare,true
theme,true,true,true,common,true
thens,true,false,true,rare,true
theow,true,false,true,rare,true
there,true,true,true,common,true
therm,true,false,true,rare,true
these,true,true,true,common,true
thesp,true,false,true,rare,true
theta,true,true,true,common,true
thete,true,false,true,rare,true
thews,true,false,true,rare,true
thewy,true,false,true,rare,true
thick,true,true,true,common,true
thief,true,true,true,common,true
thigh,true,true,true,common,true
thigs,true,false,true,rare,true
thilk,true,false,true,rare,true
thill,true,false,true,rare,true
thine,true,false,true,rare,true
thing,true,true,true,common,true
think,true,true,true,common,true
thins,true,false,true,rare,true
thiol,true,false,true,rare,true
third,true,true,true,common,true
thirl,true,false,true,rare,true
thoft,true,false,true,rare,true
thole,true,false,true,rare,true
tholi,true,false,true,rare,true
thong,true,true,true,common,true
thorn,true,true,true,common,true
thoro,true,false,true,rare,true
thorp,true,false,true,rare,true
those,true,true,true,common,true
thous,true,false,true,rare,true
thowl,true,false,true,rare,true
thrae,true,false,true,rare,true
thraw,true,false,true,rare,true
three,true,true,true,common,true
threw,true,true,true,common,true
thrid,true,false,true,rare,true
thrip,true,false,true,rare,true
throb,true,true,true,common,true
throe,true,false,true,rare,true
throw,true,true,true,common,true
thrum,true,true,true,common,true
thuds,true,false,true,rare,true
thugs,true,false,true,rare,true
thuja,true,false,true,rare,true
thumb,true,true,true,common,true
thump,true,true,true,common,true
thunk,true,false,true,rare,true
thurl,true,false,true,rare,true
thuya,true,false,true,rare,true
thyme,true,true,true,common,true
thymi,true,false,true,rare,true
thymy,true,false,true,rare,true
tians,true,false,true,rare,true
tiara,true,true,true,common,true
tiars,true,false,true,rare,true
tibia,true,true,true,common,true
tical,true,false,true,rare,true
ticca,true,false,true,rare,true
ticed,true,false,true,rare,true
tices,true,false,true,rare,true
tichy,true,false,true,rare,true
ticks,true,false,true,rare,true
ticky,true,false,true,rare,true
tidal,true,true,true,common,true
tiddy,true,false,true,rare,true
tided,true,false,true,rare,true
tides,true,false,true,rare,true
tiers,true,false,true,rare,true
tiffs,true,false,true,rare,true
tifos,true,false,true,rare,true
tifts,true,false,true,rare,true
tiger,true,true,true,common,true
tiges,true,false,true,rare,true
tight,true,true,true,common,true
tigon,true,false,true,rare,true
tikas,true,false,true,rare,true
tikes,true,false,true,rare,true
tikis,true,false,true,rare,true
tikka,true,false,true,rare,true
tilak,true,false,true,rare,true
tilde,true,true,true,common,true
tiled,true,false,true,rare,true
tiler,true,false,true,rare,true
tiles,true,false,true,rare,true
tills,true,false,true,rare,true
tilly,true,false,true,rare,true
tilth,true,false,true,rare,true
tilts,true,false,true,rare,true
timbo,true,false,true,rare,true
timed,true,false,true,rare,true
timer,true,true,true,common,true
times,true,false,true,rare,true
timid,true,true,true,common,true
timon,true,false,true,rare,true
timps,true,false,true,rare,true
tinas,true,false,true,rare,true
tinct,true,false,true,rare,true
tinds,true,false,true,rare,true
tinea,true,false,true,rare,true
tined,true,false,true,rare,true
tines,true,false,true,rare,true
tinge,true,false,true,rare,true
tings,true,false,true,rare,true
tinks,true,false,true,rare,true
tinny,true,false,true,rare,true
tints,true,false,true,rare,true
tinty,true,false,true,rare,true
tipis,true,false,true,rare,true
tippy,true,false,true,rare,true
tipsy,true,true,true,common,true
tired,true,false,true,rare,true
tires,true,false,true,rare,true
tirls,true,false,true,rare,true
tiros,true,false,true,rare,true
tirrs,true,false,true,rare,true
titan,true,true,true,common,true
titch,true,false,true,rare,true
titer,true,false,true,rare,true
tithe,true,true,true,common,true
titis,true,false,true,rare,true
title,true,true,true,common,true
titre,true,false,true,rare,true
titty,true,false,true,rare,true
titup,true,false,true,rare,true
tiyin,true,false,true,rare,true
tiyns,true,false,true,rare,true
tizes,true,false,true,rare,true
tizzy,true,false,true,rare,true
toads,true,false,true,rare,true
toady,true,false,true,rare,true
toast,true,true,true,common,true
toaze,true,false,true,rare,true
tocks,true,false,true,rare,true
tocky,true,false,true,rare,true
tocos,true,false,true,rare,true
today,true,true,true,common,true
todde,true,false,true,rare,true
toddy,true,true,true,common,true
toeas,true,false,true,rare,true
toffs,true,false,true,rare,true
toffy,true,false,true,rare,true
tofts,true,false,true,rare,true
tofus,true,false,true,rare,true
togae,true,false,true,rare,true
togas,true,false,true,rare,true
toged,true,false,true,rare,true
toges,true,false,true,rare,true
togue,true,false,true,rare,true
tohos,true,false,true,rare,true
toile,true,false,true,rare,true
toils,true,false,true,rare,true
toing,true,false,true,rare,true
toise,true,false,true,rare,true
toits,true,false,true,rare,true
tokay,true,false,true,rare,true
toked,true,false,true,rare,true
token,true,true,true,common,true
toker,true,false,true,rare,true
tokes,true,false,true,rare,true
tokos,true,false,true,rare,true
tolan,true,false,true,rare,true
tolar,true,false,true,rare,true
tolas,true,false,true,rare,true
toled,true,false,true,rare,true
toles,true,false,true,rare,true
tolls,true,false,true,rare,true
tolly,true,false,true,rare,true
tolts,true,false,true,rare,true
tolus,true,false,true,rare,true
tolyl,true,false,true,rare,true
toman,true,false,true,rare,true
tombs,true,false,true,rare,true
tomes,true,false,true,rare,true
tomia,true,false,true,rare,true
tommy,true,false,true,rare,true
tomos,true,false,true,rare,true
tonal,true,true,true,common,true
tondi,true,false,true,rare,true
tondo,true,false,true,rare,true
toned,true,false,true,rare,true
toner,true,false,true,rare,true
tones,true,false,true,rare,true
toney,true,false,true,rare,true
tonga,true,true,true,common,true
tongs,true,false,true,rare,true
tonic,true,true,true,common,true
tonka,true,false,true,rare,true
tonks,true,false,true,rare,true
tonne,true,false,true,rare,true
tonus,true,false,true,rare,true
tools,true,false,true,rare,true
tooms,true,false,true,rare,true
toons,true,false,true,rare,true
tooth,true,true,true,common,true
toots,true,false,true,rare,true
topaz,true,true,true,common,true
toped,true,false,true,rare,true
topee,true,false,true,rare,true
topek,true,false,true,rare,true
toper,true,false,true,rare,true
topes,true,false,true,rare,true
tophe,true,false,true,rare,true
tophi,true,false,true,rare,true
tophs,true,false,true,rare,true
topic,true,true,true,common,true
topis,true,false,true,rare,true
topoi,true,false,true,rare,true
topos,true,false,true,rare,true
toppy,true,false,true,rare,true
toque,true,false,true,rare,true
torah,true,false,true,rare,true
toran,true,false,true,rare,true
toras,true,false,true,rare,true
torch,true,true,true,common,true
torcs,true,false,true,rare,true
tores,true,false,true,rare,true
toric,true,false,true,rare,true
torii,true,false,true,rare,true
toros,true,false,true,rare,true
torot,true,false,true,rare,true
torrs,true,false,true,rare,true
torse,true,false,true,rare,true
torsi,true,false,true,rare,true
torsk,true,false,true,rare,true
torso,true,true,true,common,true
torta,true,false,true,rare,true
torte,true,false,true,rare,true
torts,true,false,true,rare,true
torus,true,true,true,common,true
tosas,true,false,true,rare,true
tosed,true,false,true,rare,true
toses,true,false,true,rare,true
toshy,true,false,true,rare,true
tossy,true,false,true,rare,true
total,true,true,true,common,true
toted,true,false,true,rare,true
totem,true,true,true,common,true
toter,true,false,true,rare,true
totes,true,false,true,rare,true
totty,true,false,true,rare,true
touch,true,true,true,common,true
tough,true,true,true,common,true
touks,true,false,true,rare,true
touns,true,false,true,rare,true
tours,true,false,true,rare,true
touse,true,false,true,rare,true
tousy,true,false,true,rare,true
touts,true,false,true,rare,true
touze,true,false,true,rare,true
touzy,true,false,true,rare,true
towed,true,false,true,rare,true
towel,true,true,true,common,true
tower,true,true,true,common,true
towie,true,false,true,rare,true
towns,true,false,true,rare,true
towny,true,false,true,rare,true
towse,true,false,true,rare,true
towsy,true,false,true,rare,true
towts,true,false,true,rare,true
towze,true,false,true,rare,true
towzy,true,false,true,rare,true
toxic,true,true,true,common,true
toxin,true,true,true,common,true
toyed,true,false,true,rare,true
toyer,true,false,true,rare,true
toyon,true,false,true,rare,true
toyos,true,false,true,rare,true
tozed,true,false,true,rare,true
tozes,true,false,true,rare,true
tozie,true,false,true,rare,true
trabs,true,false,true,rare,true
trace,true,true,true,common,true
track,true,true,true,common,true
tract,true,true,true,common,true
trade,true,true,true,common,true
trads,true,false,true,rare,true
tragi,true,false,true,rare,true
traik,true,false,true,rare,true
trail,true,true,true,common,true
train,true,true,true,common,true
trait,true,true,true,common,true
tramp,true,true,true,common,true
trams,true,false,true,rare,true
trank,true,false,true,rare,true
tranq,true,false,true,rare,true
trans,true,false,true,rare,true
trant,true,false,true,rare,true
trape,true,false,true,rare,true
traps,true,false,true,rare,true
trapt,true,false,true,rare,true
trash,true,true,true,common,true
trass,true,false,true,rare,true
trats,true,false,true,rare,true
tratt,true,false,true,rare,true
trave,true,false,true,rare,true
trawl,true,true,true,common,true
trayf,true,false,true,rare,true
trays,true,false,true,rare,true
tread,true,true,true,common,true
treat,true,true,true,common,true
treck,true,false,true,rare,true
treed,true,false,true,rare,true
treen,true,false,true,rare,true
trees,true,false,true,rare,true
trefa,true,false,true,rare,true
treif,true,false,true,rare,true
treks,true,false,true,rare,true
trema,true,false,true,rare,true
trems,true,false,true,rare,true
trend,true,true,true,common,true
tress,true,false,true,rare,true
trest,true,false,true,rare,true
trets,true,false,true,rare,true
trews,true,false,true,rare,true
treyf,true,false,true,rare,true
treys,true,false,true,rare,true
triac,true,false,true,rare,true
triad,true,true,true,common,true
trial,true,true,true,common,true
tribe,true,true,true,common,true
trice,true,true,true,common,true
trick,true,true,true,common,true
tride,true,false,true,rare,true
tried,true,true,true,common,true
trier,true,false,true,rare,true
tries,true,false,true,rare,true
triff,true,false,true,rare,true
trigo,true,false,true,rare,true
trigs,true,false,true,rare,true
trike,true,false,true,rare,true
trild,true,false,true,rare,true
trill,true,false,true,rare,true
trims,true,false,true,rare,true
trine,true,false,true,rare,true
trins,true,false,true,rare,true
triol,true,false,true,rare,true
trior,true,false,true,rare,true
trios,true,false,true,rare,true
tripe,true,true,true,common,true
trips,true,false,true,rare,true
tripy,true,false,true,rare,true
trist,true,false,true,rare,true
trite,true,true,true,common,true
troad,true,false,true,rare,true
troak,true,false,true,rare,true
troat,true,false,true,rare,true
trock,true,false,true,rare,true
trode,true,false,true,rare,true
trods,true,false,true,rare,true
trogs,true,false,true,rare,true
trois,true,false,true,rare,true
troke,true,false,true,rare,true
troll,true,true,true,common,true
tromp,true,false,true,rare,true
trona,true,false,true,rare,true
tronc,true,false,true,rare,true
trone,true,false,true,rare,true
tronk,true,false,true,rare,true
trons,true,false,true,rare,true
troop,true,true,true,common,true
trooz,true,false,true,rare,true
trope,true,true,true,common,true
troth,true,false,true,rare,true
trots,true,false,true,rare,true
trout,true,true,true,common,true
trove,true,true,true,common,true
trows,true,false,true,rare,true
troys,true,false,true,rare,true
truce,true,true,true,common,true
truck,true,true,true,common,true
trued,true,false,true,rare,true
truer,true,true,true,common,true
trues,true,false,true,rare,true
trugo,true,false,true,rare,true
trugs,true,false,true,rare,true
trull,true,false,true,rare,true
truly,true,true,true,common,true
trump,true,true,true,common,true
trunk,true,true,true,common,true
truss,true,true,true,common,true
trust,true,true,true,common,true
truth,true,true,true,common,true
tryer,true,false,true,rare,true
tryke,true,false,true,rare,true
tryma,true,false,true,rare,true
tryps,true,false,true,rare,true
tryst,true,true,true,common,true
tsade,true,false,true,rare,true
tsadi,true,false,true,rare,true
tsars,true,false,true,rare,true
tsked,true,false,true,rare,true
tsuba,true,false,true,rare,true
tsubo,true,false,true,rare,true
tuans,true,false,true,rare,true
tuart,true,false,true,rare,true
tuath,true,false,true,rare,true
tubae,true,false,true,rare,true
tubal,true,true,true,common,true
tubar,true,false,true,rare,true
tubas,true,false,true,rare,true
tubby,true,false,true,rare,true
tubed,true,false,true,rare,true
tuber,true,true,true,common,true
tubes,true,false,true,rare,true
tucks,true,false,true,rare,true
tufas,true,false,true,rare,true
tuffe,true,false,true,rare,true
tuffs,true,false,true,rare,true
tufts,true,false,true,rare,true
tufty,true,false,true,rare,true
tugra,true,false,true,rare,true
tuile,true,false,true,rare,true
tuina,true,false,true,rare,true
tuism,true,false,true,rare,true
tuktu,true,false,true,rare,true
tules,true,false,true,rare,true
tulip,true,true,true,common,true
tulle,true,true,true,common,true
tulpa,true,false,true,rare,true
tulsi,true,false,true,rare,true
tumid,true,false,true,rare,true
tummy,true,false,true,rare,true
tumor,true,true,true,common,true
tumps,true,false,true,rare,true
tumpy,true,false,true,rare,true
tunas,true,false,true,rare,true
tunds,true,false,true,rare,true
tuned,true,false,true,rare,true
tuner,true,false,true,rare,true
tunes,true,false,true,rare,true
tungs,true,false,true,rare,true
tunic,true,true,true,common,true
tunny,true,false,true,rare,true
tupek,true,false,true,rare,true
tupik,true,false,true,rare,true
tuple,true,false,true,rare,true
tuque,true,false,true,rare,true
turbo,true,true,true,common,true
turds,true,false,true,rare,true
turfs,true,false,true,rare,true
turfy,true,false,true,rare,true
turks,true,false,true,rare,true
turme,true,false,true,rare,true
turms,true,false,true,rare,true
turns,true,false,true,rare,true
turnt,true,false,true,rare,true
turps,true,false,true,rare,true
turrs,true,false,true,rare,true
tushy,true,false,true,rare,true
tusks,true,false,true,rare,true
tusky,true,false,true,rare,true
tutee,true,false,true,rare,true
tutor,true,true,true,common,true
tutti,true,false,true,rare,true
tutty,true,false,true,rare,true
tutus,true,false,true,rare,true
tuxes,true,false,true,rare,true
tuyer,true,false,true,rare,true
twaes,true,false,true,rare,true
twain,true,false,true,rare,true
twals,true,false,true,rare,true
twang,true,true,true,common,true
twank,true,false,true,rare,true
twats,true,false,true,rare,true
tways,true,false,true,rare,true
tweak,true,true,true,common,true
tweed,true,true,true,common,true
tweel,true,false,true,rare,true
tween,true,false,true,rare,true
tweep,true,false,true,rare,true
tweer,true,false,true,rare,true
tweet,true,true,true,common,true
twerk,true,false,true,rare,true
twerp,true,false,true,rare,true
twice,true,true,true,common,true
twier,true,false,true,rare,true
twigs,true,false,true,rare,true
twill,true,false,true,rare,true
twilt,true,false,true,rare,true
twine,true,true,true,common,true
twink,true,false,true,rare,true
twins,true,false,true,rare,true
twiny,true,false,true,rare,true
twire,true,false,true,rare,true
twirl,true,true,true,common,true
twirp,true,false,true,rare,true
twist,true,true,true,common,true
twite,true,false,true,rare,true
twits,true,false,true,rare,true
twixt,true,true,true,common,true
twoer,true,false,true,rare,true
twyer,true,false,true,rare,true
tyees,true,false,true,rare,true
tyers,true,false,true,rare,true
tying,true,true,true,common,true
tyiyn,true,false,true,rare,true
tykes,true,false,true,rare,true
tyler,true,false,true,rare,true
tymps,true,false,true,rare,true
tynde,true,false,true,rare,true
tyned,true,false,true,rare,true
tynes,true,false,true,rare,true
typal,true,false,true,rare,true
typed,true,false,true,rare,true
types,true,false,true,rare,true
typey,true,false,true,rare,true
typic,true,false,true,rare,true
typos,true,false,true,rare,true
typps,true,false,true,rare,true
typto,true,false,true,rare,true
tyran,true,false,true,rare,true
tyred,true,false,true,rare,true
tyres,true,false,true,rare,true
tyros,true,false,true,rare,true
tythe,true,false,true,rare,true
tzars,true,false,true,rare,true
udals,true,false,true,rare,true
udder,true,true,true,common,true
udons,true,false,true,rare,true
ugali,true,false,true,rare,true
ugged,true,false,true,rare,true
uhlan,true,false,true,rare,true
uhuru,true,false,true,rare,true
ukase,true,false,true,rare,true
ulama,true,false,true,rare,true
ulans,true,false,true,rare,true
ulcer,true,true,true,common,true
ulema,true,false,true,rare,true
ulmin,true,false,true,rare,true
ulnad,true,false,true,rare,true
ulnae,true,false,true,rare,true
ulnar,true,false,true,rare,true
ulnas,true,false,true,rare,true
ulpan,true,false,true,rare,true
ultra,true,true,true,common,true
ulvas,true,false,true,rare,true
ulyie,true,false,true,rare,true
ulzie,true,false,true,rare,true
umami,true,false,true,rare,true
umbel,true,false,true,rare,true
umber,true,false,true,rare,true
umble,true,false,true,rare,true
umbos,true,false,true,rare,true
umbra,true,true,true,common,true
umbre,true,false,true,rare,true
umiac,true,false,true,rare,true
umiak,true,false,true,rare,true
umiaq,true,false,true,rare,true
ummah,true,false,true,rare,true
ummas,true,false,true,rare,true
ummed,true,false,true,rare,true
umped,true,false,true,rare,true
umphs,true,false,true,rare,true
umpie,true,false,true,rare,true
umpty,true,false,true,rare,true
umrah,true,false,true,rare,true
umras,true,false,true,rare,true
unais,true,false,true,rare,true
unapt,true,false,true,rare,true
unarm,true,false,true,rare,true
unary,true,false,true,rare,true
unaus,true,false,true,rare,true
unbag,true,false,true,rare,true
unban,true,false,true,rare,true
unbar,true,false,true,rare,true
unbed,true,false,true,rare,true
unbid,true,false,true,rare,true
unbox,true,false,true,rare,true
uncap,true,false,true,rare,true
unces,true,false,true,rare,true
uncia,true,false,true,rare,true
uncle,true,true,true,common,true
uncos,true,false,true,rare,true
uncoy,true,false,true,rare,true
uncus,true,false,true,rare,true
uncut,true,true,true,common,true
undam,true,false,true,rare,true
undee,true,false,true,rare,true
under,true,true,true,common,true
undid,true,true,true,common,true
undos,true,false,true,rare,true
undue,true,true,true,common,true
undug,true,false,true,rare,true
uneth,true,false,true,rare,true
unfed,true,true,true,common,true
unfit,true,true,true,common,true
unfix,true,false,true,rare,true
ungag,true,false,true,rare,true
unget,true,false,true,rare,true
ungod,true,false,true,rare,true
ungot,true,false,true,rare,true
ungum,true,false,true,rare,true
unhat,true,false,true,rare,true
unhip,true,false,true,rare,true
unica,true,false,true,rare,true
unify,true,true,true,common,true
union,true,true,true,common,true
unite,true,true,true,common,true
units,true,false,true,rare,true
unity,true,true,true,common,true
unjam,true,false,true,rare,true
unked,true,false,true,rare,true
unket,true,false,true,rare,true
unkid,true,false,true,rare,true
unlaw,true,false,true,rare,true
unlay,true,false,true,rare,true
unled,true,false,true,rare,true
unlet,true,false,true,rare,true
unlid,true,false,true,rare,true
unlit,true,true,true,common,true
unman,true,false,true,rare,true
unmet,true,true,true,common,true
unmew,true,false,true,rare,true
unmix,true,false,true,rare,true
unpay,true,false,true,rare,true
unpeg,true,false,true,rare,true
unpen,true,false,true,rare,true
unpin,true,false,true,rare,true
unred,true,false,true,rare,true
unrid,true,false,true,rare,true
unrig,true,false,true,rare,true
unrip,true,false,true,rare,true
unsaw,true,false,true,rare,true
unsay,true,false,true,rare,true
unsee,true,false,true,rare,true
unset,true,true,true,common,true
unsew,true,false,true,rare,true
unsex,true,false,true,rare,true
unsod,true,false,true,rare,true
untax,true,false,true,rare,true
untie,true,true,true,common,true
until,true,true,true,common,true
untin,true,false,true,rare,true
unwed,true,true,true,common,true
unwet,true,false,true,rare,true
unwit,true,false,true,rare,true
unwon,true,false,true,rare,true
unzip,true,true,true,common,true
upbow,true,false,true,rare,true
upbye,true,false,true,rare,true
updos,true,false,true,rare,true
updry,true,false,true,rare,true
upend,true,false,true,rare,true
upjet,true,false,true,rare,true
uplay,true,false,true,rare,true
upled,true,false,true,rare,true
uplit,true,false,true,rare,true
upped,true,false,true,rare,true
upper,true,true,true,common,true
upran,true,false,true,rare,true
uprun,true,false,true,rare,true
upsee,true,false,true,rare,true
upset,true,true,true,common,true
upsey,true,false,true,rare,true
uptak,true,false,true,rare,true
upter,true,false,true,rare,true
uptie,true,false,true,rare,true
uraei,true,false,true,rare,true
urali,true,false,true,rare,true
uraos,true,false,true,rare,true
urare,true,false,true,rare,true
urari,true,false,true,rare,true
urase,true,false,true,rare,true
urate,true,false,true,rare,true
urban,true,true,true,common,true
urbex,true,false,true,rare,true
urbia,true,false,true,rare,true
urdee,true,false,true,rare,true
ureal,true,false,true,rare,true
ureas,true,false,true,rare,true
uredo,true,false,true,rare,true
ureic,true,false,true,rare,true
urena,true,false,true,rare,true
urent,true,false,true,rare,true
urged,true,false,true,rare,true
urger,true,false,true,rare,true
urges,true,false,true,rare,true
urial,true,false,true,rare,true
urine,true,true,true,common,true
urite,true,false,true,rare,true
urman,true,false,true,rare,true
urnal,true,false,true,rare,true
urned,true,false,true,rare,true
urped,true,false,true,rare,true
ursae,true,false,true,rare,true
ursid,true,false,true,rare,true
urson,true,false,true,rare,true
urubu,true,false,true,rare,true
urvas,true,false,true,rare,true
usage,true,true,true,common,true
users,true,false,true,rare,true
usher,true,true,true,common,true
using,true,true,true,common,true
usnea,true,false,true,rare,true
usque,true,false,true,rare,true
usual,true,true,true,common,true
usure,true,false,true,rare,true
usurp,true,true,true,common,true
usury,true,false,true,rare,true
uteri,true,false,true,rare,true
utile,true,true,true,common,true
utter,true,true,true,common,true
uveal,true,false,true,rare,true
uveas,true,false,true,rare,true
uvula,true,false,true,rare,true
vacua,true,false,true,rare,true
vaded,true,false,true,rare,true
vades,true,false,true,rare,true
vagal,true,false,true,rare,true
vague,true,true,true,common,true
vagus,true,false,true,rare,true
vails,true,false,true,rare,true
vaire,true,false,true,rare,true
vairs,true,false,true,rare,true
vairy,true,false,true,rare,true
vakas,true,false,true,rare,true
vakil,true,false,true,rare,true
vales,true,false,true,rare,true
valet,true,true,true,common,true
valid,true,true,true,common,true
valis,true,false,true,rare,true
valor,true,true,true,common,true
valse,true,false,true,rare,true
value,true,true,true,common,true
valve,true,true,true,common,true
vamps,true,false,true,rare,true
vampy,true,false,true,rare,true
vanda,true,false,true,rare,true
vaned,true,false,true,rare,true
vanes,true,false,true,rare,true
vangs,true,false,true,rare,true
vants,true,false,true,rare,true
vaped,true,false,true,rare,true
vaper,true,false,true,rare,true
vapes,true,false,true,rare,true
vapid,true,true,true,common,true
vapor,true,true,true,common,true
varan,true,false,true,rare,true
varas,true,false,true,rare,true
vardy,true,false,true,rare,true
varec,true,false,true,rare,true
vares,true,false,true,rare,true
varia,true,false,true,rare,true
varix,true,false,true,rare,true
varna,true,false,true,rare,true
varus,true,false,true,rare,true
varve,true,false,true,rare,true
vasal,true,false,true,rare,true
vases,true,false,true,rare,true
vasts,true,false,true,rare,true
vasty,true,false,true,rare,true
vatic,true,false,true,rare,true
vatus,true,false,true,rare,true
vauch,true,false,true,rare,true
vault,true,true,true,common,true
vaunt,true,true,true,common,true
vaute,true,false,true,rare,true
vauts,true,false,true,rare,true
vawte,true,false,true,rare,true
vaxes,true,false,true,rare,true
veale,true,false,true,rare,true
veals,true,false,true,rare,true
vealy,true,false,true,rare,true
veena,true,false,true,rare,true
veeps,true,false,true,rare,true
veers,true,false,true,rare,true
veery,true,false,true,rare,true
vegan,true,true,true,common,true
vegas,true,false,true,rare,true
veges,true,false,true,rare,true
vegie,true,false,true,rare,true
vegos,true,false,true,rare,true
vehme,true,false,true,rare,true
veils,true,false,true,rare,true
veily,true,false,true,rare,true
veins,true,false,true,rare,true
veiny,true,false,true,rare,true
velar,true,false,true,rare,true
velds,true,false,true,rare,true
veldt,true,false,true,rare,true
veles,true,false,true,rare,true
vells,true,false,true,rare,true
velum,true,false,true,rare,true
venae,true,false,true,rare,true
venal,true,false,true,rare,true
vends,true,false,true,rare,true
vendu,true,false,true,rare,true
veney,true,false,true,rare,true
venge,true,false,true,rare,true
venin,true,false,true,rare,true
venom,true,true,true,common,true
vents,true,false,true,rare,true
venue,true,true,true,common,true
venus,true,false,true,rare,true
verbs,true,false,true,rare,true
verge,true,true,true,common,true
verra,true,false,true,rare,true
verry,true,false,true,rare,true
verse,true,true,true,common,true
verso,true,true,true,common,true
verst,true,false,true,rare,true
verts,true,false,true,rare,true
vertu,true,false,true,rare,true
verve,true,true,true,common,true
vespa,true,false,true,rare,true
vesta,true,false,true,rare,true
vests,true,false,true,rare,true
vetch,true,false,true,rare,true
vexed,true,false,true,rare,true
vexer,true,false,true,rare,true
vexes,true,false,true,rare,true
vexil,true,false,true,rare,true
vezir,true,false,true,rare,true
vials,true,false,true,rare,true
viand,true,false,true,rare,true
vibes,true,false,true,rare,true
vibex,true,false,true,rare,true
vibey,true,false,true,rare,true
vicar,true,true,true,common,true
viced,true,false,true,rare,true
vices,true,false,true,rare,true
vichy,true,false,true,rare,true
video,true,true,true,common,true
viers,true,false,true,rare,true
views,true,false,true,rare,true
viewy,true,false,true,rare,true
vifda,true,false,true,rare,true
viffs,true,false,true,rare,true
vigas,true,false,true,rare,true
vigia,true,false,true,rare,true
vigil,true,true,true,common,true
vigor,true,true,true,common,true
vilde,true,false,true,rare,true
viler,true,false,true,rare,true
villa,true,true,true,common,true
villi,true,false,true,rare,true
vills,true,false,true,rare,true
vimen,true,false,true,rare,true
vinal,true,false,true,rare,true
vinas,true,false,true,rare,true
vinca,true,false,true,rare,true
vined,true,false,true,rare,true
viner,true,false,true,rare,true
vines,true,false,true,rare,true
vinew,true,false,true,rare,true
vinic,true,false,true,rare,true
vinos,true,false,true,rare,true
vints,true,false,true,rare,true
vinyl,true,true,true,common,true
viola,true,true,true,common,true
viold,true,false,true,rare,true
viols,true,false,true,rare,true
viper,true,true,true,common,true
viral,true,true,true,common,true
vired,true,false,true,rare,true
vireo,true,false,true,rare,true
vires,true,false,true,rare,true
virga,true,false,true,rare,true
virge,true,false,true,rare,true
virid,true,false,true,rare,true
virls,true,false,true,rare,true
virtu,true,false,true,rare,true
virus,true,true,true,common,true
visas,true,false,true,rare,true
vised,true,false,true,rare,true
vises,true,false,true,rare,true
visie,true,false,true,rare,true
visit,true,true,true,common,true
visne,true,false,true,rare,true
vison,true,false,true,rare,true
visor,true,true,true,common,true
vista,true,true,true,common,true
visto,true,false,true,rare,true
vitae,true,false,true,rare,true
vital,true,true,true,common,true
vitas,true,false,true,rare,true
vitex,true,false,true,rare,true
vitro,true,false,true,rare,true
vitta,true,false,true,rare,true
vivas,true,false,true,rare,true
vivat,true,false,true,rare,true
vivda,true,false,true,rare,true
viver,true,false,true,rare,true
vives,true,false,true,rare,true
vivid,true,true,true,common,true
vixen,true,true,true,common,true
vizir,true,false,true,rare,true
vizor,true,false,true,rare,true
vleis,true,false,true,rare,true
vlies,true,false,true,rare,true
vlogs,true,false,true,rare,true
voars,true,false,true,rare,true
vocab,true,false,true,rare,true
vocal,true,true,true,common,true
voces,true,false,true,rare,true
voddy,true,false,true,rare,true
vodka,true,true,true,common,true
vodou,true,false,true,rare,true
vodun,true,false,true,rare,true
voema,true,false,true,rare,true
vogie,true,false,true,rare,true
vogue,true,true,true,common,true
voice,true,true,true,common,true
voids,true,false,true,rare,true
voila,true,true,true,common,true
voile,true,false,true,rare,true
voips,true,false,true,rare,true
volae,true,false,true,rare,true
volar,true,false,true,rare,true
voled,true,false,true,rare,true
voles,true,false,true,rare,true
volet,true,false,true,rare,true
volks,true,false,true,rare,true
volta,true,false,true,rare,true
volte,true,false,true,rare,true
volti,true,false,true,rare,true
volts,true,false,true,rare,true
volva,true,false,true,rare,true
volve,true,false,true,rare,true
vomer,true,false,true,rare,true
vomit,true,true,true,common,true
voted,true,false,true,rare,true
voter,true,true,true,common,true
votes,true,false,true,rare,true
vouch,true,true,true,common,true
vouge,true,false,true,rare,true
voulu,true,false,true,rare,true
vowed,true,false,true,rare,true
vowel,true,true,true,common,true
vower,true,false,true,rare,true
voxel,true,false,true,rare,true
vozhd,true,false,true,rare,true
vraic,true,false,true,rare,true
vrils,true,false,true,rare,true
vroom,true,false,true,rare,true
vrous,true,false,true,rare,true
vrouw,true,false,true,rare,true
vrows,true,false,true,rare,true
vuggs,true,false,true,rare,true
vuggy,true,false,true,rare,true
vughs,true,false,true,rare,true
vughy,true,false,true,rare,true
vulgo,true,false,true,rare,true
vulns,true,false,true,rare,true
vulva,true,false,true,rare,true
vutty,true,false,true,rare,true
vying,true,true,true,common,true
waacs,true,false,true,rare,true
wacke,true,false,true,rare,true
wacko,true,false,true,rare,true
wacks,true,false,true,rare,true
wacky,true,true,true,common,true
wadds,true,false,true,rare,true
waddy,true,false,true,rare,true
waded,true,false,true,rare,true
wader,true,false,true,rare,true
wades,true,false,true,rare,true
wadge,true,false,true,rare,true
wadis,true,false,true,rare,true
wadts,true,false,true,rare,true
wafer,true,true,true,common,true
waffs,true,false,true,rare,true
wafts,true,false,true,rare,true
waged,true,false,true,rare,true
wager,true,true,true,common,true
wages,true,false,true,rare,true
wagga,true,false,true,rare,true
wagon,true,true,true,common,true
wagyu,true,false,true,rare,true
wahoo,true,false,true,rare,true
waide,true,false,true,rare,true
waifs,true,false,true,rare,true
waift,true,false,true,rare,true
wails,true,false,true,rare,true
wains,true,false,true,rare,true
wairs,true,false,true,rare,true
waist,true,true,true,common,true
waite,true,false,true,rare,true
waits,true,false,true,rare,true
waive,true,true,true,common,true
wakas,true,false,true,rare,true
waked,true,false,true,rare,true
waken,true,false,true,rare,true
waker,true,false,true,rare,true
wakes,true,false,true,rare,true
wakfs,true,false,true,rare,true
waldo,true,false,true,rare,true
walds,true,false,true,rare,true
waled,true,false,true,rare,true
waler,true,false,true,rare,true
wales,true,false,true,rare,true
walie,true,false,true,rare,true
walis,true,false,true,rare,true
walks,true,false,true,rare,true
walla,true,false,true,rare,true
walls,true,false,true,rare,true
wally,true,false,true,rare,true
walty,true,false,true,rare,true
waltz,true,true,true,common,true
wamed,true,false,true,rare,true
wames,true,false,true,rare,true
wamus,true,false,true,rare,true
wands,true,false,true,rare,true
waned,true,false,true,rare,true
wanes,true,false,true,rare,true
waney,true,false,true,rare,true
wangs,true,false,true,rare,true
wanks,true,false,true,rare,true
wanky,true,false,true,rare,true
wanle,true,false,true,rare,true
wanly,true,false,true,rare,true
wanna,true,false,true,rare,true
wants,true,false,true,rare,true
wanty,true,false,true,rare,true
wanze,true,false,true,rare,true
waqfs,true,false,true,rare,true
warbs,true,false,true,rare,true
warby,true,false,true,rare,true
wards,true,false,true,rare,true
wared,true,false,true,rare,true
wares,true,false,true,rare,true
warez,true,false,true,rare,true
warks,true,false,true,rare,true
warms,true,false,true,rare,true
warns,true,false,true,rare,true
warps,true,false,true,rare,true
warre,true,false,true,rare,true
warst,true,false,true,rare,true
warts,true,false,true,rare,true
warty,true,true,true,common,true
wases,true,false,true,rare,true
washy,true,false,true,rare,true
wasms,true,false,true,rare,true
wasps,true,false,true,rare,true
waspy,true,false,true,rare,true
waste,true,true,true,common,true
wasts,true,false,true,rare,true
watap,true,false,true,rare,true
watch,true,true,true,common,true
water,true,true,true,common,true
watts,true,false,true,rare,true
wauff,true,false,true,rare,true
waugh,true,false,true,rare,true
wauks,true,false,true,rare,true
waulk,true,false,true,rare,true
wauls,true,false,true,rare,true
waurs,true,false,true,rare,true
waved,true,false,true,rare,true
waver,true,true,true,common,true
waves,true,false,true,rare,true
wavey,true,false,true,rare,true
wawas,true,false,true,rare,true
wawes,true,false,true,rare,true
wawls,true,false,true,rare,true
waxed,true,false,true,rare,true
waxen,true,true,true,common,true
waxer,true,false,true,rare,true
waxes,true,false,true,rare,true
wayed,true,false,true,rare,true
wazir,true,false,true,rare,true
wazoo,true,false,true,rare,true
weald,true,false,true,rare,true
weals,true,false,true,rare,true
weamb,true,false,true,rare,true
weans,true,false,true,rare,true
wears,true,false,true,rare,true
weary,true,true,true,common,true
weave,true,true,true,common,true
webby,true,false,true,rare,true
weber,true,false,true,rare,true
wecht,true,false,true,rare,true
wedel,true,false,true,rare,true
wedge,true,true,true,common,true
wedgy,true,false,true,rare,true
weeds,true,false,true,rare,true
weedy,true,true,true,common,true
weeke,true,false,true,rare,true
weeks,true,false,true,rare,true
weels,true,false,true,rare,true
weems,true,false,true,rare,true
weens,true,false,true,rare,true
weeny,true,false,true,rare,true
weeps,true,false,true,rare,true
weepy,true,false,true,rare,true
weest,true,false,true,rare,true
weete,true,false,true,rare,true
weets,true,false,true,rare,true
wefte,true,false,true,rare,true
wefts,true,false,true,rare,true
weids,true,false,true,rare,true
weigh,true,true,true,common,true
weils,true,false,true,rare,true
weird,true,true,true,common,true
weirs,true,false,true,rare,true
weise,true,false,true,rare,true
weize,true,false,true,rare,true
wekas,true,false,true,rare,true
welch,true,true,true,common,true
welds,true,false,true,rare,true
welke,true,false,true,rare,true
welks,true,false,true,rare,true
welkt,true,false,true,rare,true
wells,true,false,true,rare,true
welly,true,false,true,rare,true
welsh,true,true,true,common,true
welts,true,false,true,rare,true
wembs,true,false,true,rare,true
wends,true,false,true,rare,true
wenge,true,false,true,rare,true
wenny,true,false,true,rare,true
wents,true,false,true,rare,true
weros,true,false,true,rare,true
wersh,true,false,true,rare,true
wests,true,false,true,rare,true
wetas,true,false,true,rare,true
wetly,true,false,true,rare,true
wexed,true,false,true,rare,true
wexes,true,false,true,rare,true
whack,true,true,true,common,true
whale,true,true,true,common,true
whamo,true,false,true,rare,true
whams,true,false,true,rare,true
whang,true,false,true,rare,true
whaps,true,false,true,rare,true
whare,true,false,true,rare,true
wharf,true,true,true,common,true
whata,true,false,true,rare,true
whats,true,false,true,rare,true
whaup,true,false,true,rare,true
whaur,true,false,true,rare,true
wheal,true,false,true,rare,true
whear,true,false,true,rare,true
wheat,true,true,true,common,true
wheel,true,true,true,common,true
wheen,true,false,true,rare,true
wheep,true,false,true,rare,true
wheft,true,false,true,rare,true
whelk,true,false,true,rare,true
whelm,true,false,true,rare,true
whelp,true,true,true,common,true
whens,true,false,true,rare,true
where,true,true,true,common,true
whets,true,false,true,rare,true
whews,true,false,true,rare,true
wheys,true,false,true,rare,true
which,true,true,true,common,true
whids,true,false,true,rare,true
whiff,true,true,true,common,true
whift,true,false,true,rare,true
whigs,true,false,true,rare,true
while,true,true,true,common,true
whilk,true,false,true,rare,true
whims,true,false,true,rare,true
whine,true,true,true,common,true
whins,true,false,true,rare,true
whiny,true,true,true,common,true
whios,true,false,true,rare,true
whips,true,false,true,rare,true
whipt,true,false,true,rare,true
whirl,true,true,true,common,true
whirr,true,false,true,rare,true
whirs,true,false,true,rare,true
whish,true,false,true,rare,true
whisk,true,true,true,common,true
whiss,true,false,true,rare,true
whist,true,false,true,rare,true
white,true,true,true,common,true
whits,true,false,true,rare,true
whity,true,false,true,rare,true
whizz,true,false,true,rare,true
whole,true,true,true,common,true
whomp,true,false,true,rare,true
whoof,true,false,true,rare,true
whoop,true,true,true,common,true
whoot,true,false,true,rare,true
whops,true,false,true,rare,true
whore,true,false,true,rare,true
whorl,true,false,true,rare,true
whort,true,false,true,rare,true
whose,true,true,true,common,true
whoso,true,false,true,rare,true
whows,true,false,true,rare,true
whump,true,false,true,rare,true
whups,true,false,true,rare,true
whyda,true,false,true,rare,true
wicca,true,false,true,rare,true
wicks,true,false,true,rare,true
wicky,true,false,true,rare,true
widdy,true,false,true,rare,true
widen,true,true,true,common,true
wider,true,true,true,common,true
wides,true,false,true,rare,true
widow,true,true,true,common,true
width,true,true,true,common,true
wield,true,true,true,common,true
wiels,true,false,true,rare,true
wifed,true,false,true,rare,true
wifes,true,false,true,rare,true
wifey,true,false,true,rare,true
wifie,true,false,true,rare,true
wifty,true,false,true,rare,true
wigan,true,false,true,rare,true
wigga,true,false,true,rare,true
wiggy,true,false,true,rare,true
wight,true,true,true,common,true
wikis,true,false,true,rare,true
wilco,true,false,true,rare,true
wilds,true,false,true,rare,true
wiled,true,false,true,rare,true
wiles,true,false,true,rare,true
wilga,true,false,true,rare,true
wilis,true,false,true,rare,true
wilja,true,false,true,rare,true
wills,true,false,true,rare,true
willy,true,true,true,common,true
wilts,true,false,true,rare,true
wimps,true,false,true,rare,true
wimpy,true,true,true,common,true
wince,true,true,true,common,true
winch,true,true,true,common,true
winds,true,false,true,rare,true
windy,true,true,true,common,true
wined,true,false,true,rare,true
wines,true,false,true,rare,true
winey,true,false,true,rare,true
winge,true,false,true,rare,true
wings,true,false,true,rare,true
wingy,true,false,true,rare,true
winks,true,false,true,rare,true
winna,true,false,true,rare,true
winns,true,false,true,rare,true
winos,true,false,true,rare,true
winze,true,false,true,rare,true
wiped,true,false,true,rare,true
wiper,true,false,true,rare,true
wipes,true,false,true,rare,true
wired,true,false,true,rare,true
wirer,true,false,true,rare,true
wires,true,false,true,rare,true
wirra,true,false,true,rare,true
wised,true,false,true,rare,true
wiser,true,true,true,common,true
wises,true,false,true,rare,true
wisha,true,false,true,rare,true
wisht,true,false,true,rare,true
wisps,true,false,true,rare,true
wispy,true,true,true,common,true
wists,true,false,true,rare,true
witan,true,false,true,rare,true
witch,true,true,true,common,true
wited,true,false,true,rare,true
wites,true,false,true,rare,true
withe,true,false,true,rare,true
withs,true,false,true,rare,true
withy,true,false,true,rare,true
witty,true,true,true,common,true
wived,true,false,true,rare,true
wiver,true,false,true,rare,true
wives,true,false,true,rare,true
wizen,true,false,true,rare,true
wizes,true,false,true,rare,true
woads,true,false,true,rare,true
woald,true,false,true,rare,true
wocks,true,false,true,rare,true
wodge,true,false,true,rare,true
woful,true,false,true,rare,true
wojus,true,false,true,rare,true
woken,true,true,true,common,true
woker,true,false,true,rare,true
wokka,true,false,true,rare,true
wolds,true,false,true,rare,true
wolfs,true,false,true,rare,true
wolly,true,false,true,rare,true
wolve,true,false,true,rare,true
woman,true,true,true,common,true
wombs,true,false,true,rare,true
womby,true,false,true,rare,true
women,true,true,true,common,true
womyn,true,false,true,rare,true
wonga,true,false,true,rare,true
wongi,true,false,true,rare,true
wonks,true,false,true,rare,true
wonky,true,false,true,rare,true
wonts,true,false,true,rare,true
woods,true,false,true,rare,true
woody,true,true,true,common,true
wooed,true,false,true,rare,true
wooer,true,true,true,common,true
woofs,true,false,true,rare,true
woofy,true,false,true,rare,true
woold,true,false,true,rare,true
wools,true,false,true,rare,true
wooly,true,true,true,common,true
woons,true,false,true,rare,true
woops,true,false,true,rare,true
woopy,true,false,true,rare,true
woose,true,false,true,rare,true
woosh,true,false,true,rare,true
wootz,true,false,true,rare,true
woozy,true,true,true,common,true
words,true,false,true,rare,true
wordy,true,true,true,common,true
works,true,false,true,rare,true
world,true,true,true,common,true
worms,true,false,true,rare,true
wormy,true,false,true,rare,true
worry,true,true,true,common,true
worse,true,true,true,common,true
worst,true,true,true,common,true
worth,true,true,true,common,true
worts,true,false,true,rare,true
would,true,true,true,common,true
wound,true,true,true,common,true
woven,true,true,true,common,true
wowed,true,false,true,rare,true
wowee,true,false,true,rare,true
woxen,true,false,true,rare,true
wrack,true,true,true,common,true
wrang,true,false,true,rare,true
wraps,true,false,true,rare,true
wrapt,true,false,true,rare,true
wrast,true,false,true,rare,true
wrate,true,false,true,rare,true
wrath,true,true,true,common,true
wrawl,true,false,true,rare,true
wreak,true,true,true,common,true
wreck,true,true,true,common,true
wrens,true,false,true,rare,true
wrest,true,true,true,common,true
wrick,true,false,true,rare,true
wried,true,false,true,rare,true
wrier,true,false,true,rare,true
wries,true,false,true,rare,true
wring,true,true,true,common,true
wrist,true,true,true,common,true
write,true,true,true,common,true
writs,true,false,true,rare,true
wroke,true,false,true,rare,true
wrong,true,true,true,common,true
wroot,true,false,true,rare,true
wrote,true,true,true,common,true
wroth,true,false,true,rare,true
wrung,true,true,true,common,true
wryer,true,false,true,rare,true
wryly,true,true,true,common,true
wuddy,true,false,true,rare,true
wudus,true,false,true,rare,true
wulls,true,false,true,rare,true
wurst,true,false,true,rare,true
wuses,true,false,true,rare,true
wushu,true,false,true,rare,true
wussy,true,false,true,rare,true
wuxia,true,false,true,rare,true
wyled,true,false,true,rare,true
wyles,true,false,true,rare,true
wynds,true,false,true,rare,true
wynns,true,false,true,rare,true
wyted,true,false,true,rare,true
wytes,true,false,true,rare,true
xebec,true,false,true,rare,true
xenia,true,false,true,rare,true
xenic,true,false,true,rare,true
xenon,true,false,true,rare,true
xeric,true,false,true,rare,true
xerox,true,false,true,rare,true
xerus,true,false,true,rare,true
xoana,true,false,true,rare,true
xrays,true,false,true,rare,true
xylan,true,false,true,rare,true
xylem,true,false,true,rare,true
xylic,true,false,true,rare,true
xylol,true,false,true,rare,true
xylyl,true,false,true,rare,true
xysti,true,false,true,rare,true
xysts,true,false,true,rare,true
yaars,true,false,true,rare,true
yabas,true,false,true,rare,true
yabba,true,false,true,rare,true
yabby,true,false,true,rare,true
yacca,true,false,true,rare,true
yacht,true,true,true,common,true
yacka,true,false,true,rare,true
yacks,true,false,true,rare,true
yaffs,true,false,true,rare,true
yager,true,false,true,rare,true
yages,true,false,true,rare,true
yagis,true,false,true,rare,true
yahoo,true,false,true,rare,true
yaird,true,false,true,rare,true
yakka,true,false,true,rare,true
yakow,true,false,true,rare,true
yales,true,false,true,rare,true
yamen,true,false,true,rare,true
yampy,true,false,true,rare,true
yamun,true,false,true,rare,true
yangs,true,false,true,rare,true
yanks,true,false,true,rare,true
yapok,true,false,true,rare,true
yapon,true,false,true,rare,true
yapps,true,false,true,rare,true
yappy,true,false,true,rare,true
yarak,true,false,true,rare,true
yarco,true,false,true,rare,true
yards,true,false,true,rare,true
yarer,true,false,true,rare,true
yarfa,true,false,true,rare,true
yarks,true,false,true,rare,true
yarns,true,false,true,rare,true
yarrs,true,false,true,rare,true
yarta,true,false,true,rare,true
yarto,true,false,true,rare,true
yates,true,false,true,rare,true
yauds,true,false,true,rare,true
yauld,true,false,true,rare,true
yaups,true,false,true,rare,true
yawed,true,false,true,rare,true
yawey,true,false,true,rare,true
yawls,true,false,true,rare,true
yawns,true,false,true,rare,true
yawny,true,false,true,rare,true
yawps,true,false,true,rare,true
ybore,true,false,true,rare,true
yclad,true,false,true,rare,true
ycled,true,false,true,rare,true
ycond,true,false,true,rare,true
ydrad,true,false,true,rare,true
ydred,true,false,true,rare,true
yeads,true,false,true,rare,true
yeahs,true,false,true,rare,true
yealm,true,false,true,rare,true
yeans,true,false,true,rare,true
yeard,true,false,true,rare,true
yearn,true,true,true,common,true
years,true,false,true,rare,true
yeast,true,true,true,common,true
yecch,true,false,true,rare,true
yechs,true,false,true,rare,true
yechy,true,false,true,rare,true
yedes,true,false,true,rare,true
yeeds,true,false,true,rare,true
yeesh,true,false,true,rare,true
yeggs,true,false,true,rare,true
yelks,true,false,true,rare,true
yells,true,false,true,rare,true
yelms,true,false,true,rare,true
yelps,true,false,true,rare,true
yelts,true,false,true,rare,true
yenta,true,false,true,rare,true
yente,true,false,true,rare,true
yerba,true,false,true,rare,true
yerds,true,false,true,rare,true
yerks,true,false,true,rare,true
yeses,true,false,true,rare,true
yesks,true,false,true,rare,true
yests,true,false,true,rare,true
yesty,true,false,true,rare,true
yetis,true,false,true,rare,true
yetts,true,false,true,rare,true
yeuks,true,false,true,rare,true
yeuky,true,false,true,rare,true
yeven,true,false,true,rare,true
yeves,true,false,true,rare,true
yewen,true,false,true,rare,true
yexed,true,false,true,rare,true
yexes,true,false,true,rare,true
yfere,true,false,true,rare,true
yield,true,true,true,common,true
yiked,true,false,true,rare,true
yikes,true,false,true,rare,true
yills,true,false,true,rare,true
yince,true,false,true,rare,true
yipes,true,false,true,rare,true
yippy,true,false,true,rare,true
yirds,true,false,true,rare,true
yirks,true,false,true,rare,true
yirrs,true,false,true,rare,true
yirth,true,false,true,rare,true
yites,true,false,true,rare,true
yitie,true,false,true,rare,true
ylems,true,false,true,rare,true
ylike,true,false,true,rare,true
ylkes,true,false,true,rare,true
ymolt,true,false,true,rare,true
ympes,true,false,true,rare,true
yobbo,true,false,true,rare,true
yobby,true,false,true,rare,true
yocks,true,false,true,rare,true
yodel,true,false,true,rare,true
yodhs,true,false,true,rare,true
yodle,true,false,true,rare,true
yogas,true,false,true,rare,true
yogee,true,false,true,rare,true
yoghs,true,false,true,rare,true
yogic,true,false,true,rare,true
yogin,true,false,true,rare,true
yogis,true,false,true,rare,true
yoick,true,false,true,rare,true
yojan,true,false,true,rare,true
yoked,true,false,true,rare,true
yokel,true,false,true,rare,true
yoker,true,false,true,rare,true
yokes,true,false,true,rare,true
yokul,true,false,true,rare,true
yolks,true,false,true,rare,true
yolky,true,false,true,rare,true
yomim,true,false,true,rare,true
yomps,true,false,true,rare,true
yonic,true,false,true,rare,true
yonis,true,false,true,rare,true
yonks,true,false,true,rare,true
yoofs,true,false,true,rare,true
yoops,true,false,true,rare,true
yores,true,false,true,rare,true
yorks,true,false,true,rare,true
yorps,true,false,true,rare,true
youks,true,false,true,rare,true
young,true,true,true,common,true
yourn,true,false,true,rare,true
yours,true,false,true,rare,true
yourt,true,false,true,rare,true
youse,true,false,true,rare,true
youth,true,true,true,common,true
yowed,true,false,true,rare,true
yowes,true,false,true,rare,true
yowie,true,false,true,rare,true
yowls,true,false,true,rare,true
yowza,true,false,true,rare,true
yrapt,true,false,true,rare,true
yrent,true,false,true,rare,true
yrivd,true,false,true,rare,true
yrneh,true,false,true,rare,true
ysame,true,false,true,rare,true
ytost,true,false,true,rare,true
yuans,true,false,true,rare,true
yucas,true,false,true,rare,true
yucca,true,false,true,rare,true
yucch,true,false,true,rare,true
yucko,true,false,true,rare,true
yucks,true,false,true,rare,true
yucky,true,false,true,rare,true
yufts,true,false,true,rare,true
yugas,true,false,true,rare,true
yuked,true,false,true,rare,true
yukes,true,false,true,rare,true
yukky,true,false,true,rare,true
yukos,true,false,true,rare,true
yulan,true,false,true,rare,true
yules,true,false,true,rare,true
yummo,true,false,true,rare,true
yummy,true,false,true,rare,true
yumps,true,false,true,rare,true
yupon,true,false,true,rare,true
yuppy,true,false,true,rare,true
yurta,true,false,true,rare,true
yurts,true,false,true,rare,true
yuzus,true,false,true,rare,true
zabra,true,false,true,rare,true
zacks,true,false,true,rare,true
zaida,true,false,true,rare,true
zaidy,true,false,true,rare,true
zaire,true,false,true,rare,true
zakat,true,false,true,rare,true
zaman,true,false,true,rare,true
zambo,true,false,true,rare,true
zamia,true,false,true,rare,true
zanja,true,false,true,rare,true
zante,true,false,true,rare,true
zanza,true,false,true,rare,true
zanze,true,false,true,rare,true
zappy,true,false,true,rare,true
zarfs,true,false,true,rare,true
zaris,true,false,true,rare,true
zatis,true,false,true,rare,true
zaxes,true,false,true,rare,true
zayin,true,false,true,rare,true
zazen,true,false,true,rare,true
zeals,true,false,true,rare,true
zebec,true,false,true,rare,true
zebra,true,true,true,common,true
zebub,true,false,true,rare,true
zebus,true,false,true,rare,true
zedas,true,false,true,rare,true
zeins,true,false,true,rare,true
zendo,true,false,true,rare,true
zerda,true,false,true,rare,true
zerks,true,false,true,rare,true
zeros,true,false,true,rare,true
zests,true,false,true,rare,true
zesty,true,true,true,common,true
zetas,true,false,true,rare,true
zexes,true,false,true,rare,true
zezes,true,false,true,rare,true
zhomo,true,false,true,rare,true
zibet,true,false,true,rare,true
ziffs,true,false,true,rare,true
zigan,true,false,true,rare,true
zilas,true,false,true,rare,true
zilch,true,false,true,rare,true
zilla,true,false,true,rare,true
zills,true,false,true,rare,true
zimbi,true,false,true,rare,true
zimbs,true,false,true,rare,true
zinco,true,false,true,rare,true
zincs,true,false,true,rare,true
zincy,true,false,true,rare,true
zineb,true,false,true,rare,true
zines,true,false,true,rare,true
zings,true,false,true,rare,true
zingy,true,false,true,rare,true
zinke,true,false,true,rare,true
zinky,true,false,true,rare,true
zippo,true,false,true,rare,true
zippy,true,false,true,rare,true
ziram,true,false,true,rare,true
zitis,true,false,true,rare,true
zizel,true,false,true,rare,true
zizit,true,false,true,rare,true
zlote,true,false,true,rare,true
zloty,true,false,true,rare,true
zoaea,true,false,true,rare,true
zobos,true,false,true,rare,true
zobus,true,false,true,rare,true
zocco,true,false,true,rare,true
zoeae,true,false,true,rare,true
zoeal,true,false,true,rare,true
zoeas,true,false,true,rare,true
zoism,true,false,true,rare,true
zoist,true,false,true,rare,true
zombi,true,false,true,rare,true
zonae,true,false,true,rare,true
zonal,true,true,true,common,true
zonda,true,false,true,rare,true
zoned,true,false,true,rare,true
zoner,true,false,true,rare,true
zones,true,false,true,rare,true
zonks,true,false,true,rare,true
zooea,true,false,true,rare,true
zooey,true,false,true,rare,true
zooid,true,false,true,rare,true
zooks,true,false,true,rare,true
zooms,true,false,true,rare,true
zoons,true,false,true,rare,true
zooty,true,false,true,rare,true
zoppa,true,false,true,rare,true
zoppo,true,false,true,rare,true
zoril,true,false,true,rare,true
zoris,true,false,true,rare,true
zorro,true,false,true,rare,true
zouks,true,false,true,rare,true
zowee,true,false,true,rare,true
zowie,true,false,true,rare,true
zulus,true,false,true,rare,true
zupan,true,false,true,rare,true
zupas,true,false,true,rare,true
zuppa,true,false,true,rare,true
zurfs,true,false,true,rare,true
zuzim,true,false,true,rare,true
zygal,true,false,true,rare,true
zygon,true,false,true,rare,true
zymes,true,false,true,rare,true
zymic,true,false,true,rare,true
